# 3ds Max Wavefront OBJ Exporter v0.97b - (c)2007 guruware
# File Created: 06.04.2026 17:04:40

mtllib tile_single_1_broken1.mtl

#
# object default_Part_1
#

v  0.8144 4.3455 -0.2653
v  0.7641 4.2691 -0.2683
v  0.7641 4.5859 -0.2682
v  0.8141 4.5910 -0.2653
v  0.5460 3.7004 -0.8131
v  0.5424 4.6022 -0.8131
v  0.5662 4.6034 -0.7955
v  0.5661 3.6939 -0.7987
v  0.6104 3.6804 -0.8356
v  0.3187 3.7643 -0.8336
v  0.3157 3.7681 -0.8131
v  0.6044 3.6833 -0.8170
v  0.3001 3.7469 -0.8363
v  0.3143 3.7436 -0.8522
v  0.2951 3.7510 -0.8131
v  0.0839 4.5542 -0.8131
v  0.3954 4.5868 -0.8131
v  0.5686 4.5875 -0.5728
v  0.5667 3.7825 -0.5728
v  0.5662 3.6949 -0.7096
v  0.8318 4.3843 -0.2450
v  0.8318 4.5913 -0.2447
v  0.8318 4.5825 -0.1222
v  0.8326 4.4826 -0.0924
v  -0.0458 4.5406 -0.8131
v  -0.1115 4.5042 -0.4061
v  0.7641 4.6066 -0.5536
v  0.7457 4.6060 -0.5721
v  -0.1760 2.7610 -0.8131
v  -0.1946 2.7599 -0.6114
v  -0.2706 3.0881 -0.0382
v  -0.3085 4.0107 -0.3240
v  -0.2606 3.9724 -0.8131
v  0.2999 3.2477 -0.8362
v  0.2954 3.2363 -0.8131
v  0.3146 3.2676 -0.8524
v  0.6044 3.6604 -0.8531
v  0.3987 3.3554 -0.8526
v  -0.1250 2.7375 -0.6022
v  -0.1345 2.7325 -0.6190
v  -0.1654 2.7561 -0.8131
v  0.7641 4.0873 -0.5542
v  0.7465 4.0499 -0.5719
v  0.5989 3.6844 -0.8023
v  -0.1621 3.0674 0.0032
# 45 vertices

vn 0.0592 -0.0000 -0.9982
vn 0.5910 0.0026 -0.8067
vn 0.2774 0.9562 -0.0936
vn 0.2756 0.9592 -0.0632
vn -0.5078 0.6322 -0.5852
vn 0.0000 0.0000 -1.0000
vn -0.6309 0.7348 -0.2490
vn -0.0000 0.0000 -1.0000
vn 1.0000 -0.0024 -0.0015
vn 0.9999 -0.0000 -0.0108
vn 0.7580 0.0007 -0.6522
vn 1.0000 0.0023 -0.0037
vn -0.1039 0.9920 0.0718
vn -0.0301 0.2870 -0.9575
vn -0.1038 0.9920 0.0718
vn -0.9933 -0.0693 -0.0919
vn -0.9799 -0.0000 -0.1996
vn -0.7437 0.0002 -0.6685
vn -0.0028 0.0005 -1.0000
vn 0.7076 -0.6790 -0.1954
vn 0.7077 -0.6790 -0.1954
vn 0.7076 0.0008 -0.7066
vn 0.2773 0.9607 -0.0114
vn 0.2821 0.9587 0.0369
vn 1.0000 0.0000 0.0001
vn 0.0047 -0.0001 -1.0000
vn -0.2979 0.2712 0.9152
vn 0.1765 0.6274 -0.7584
vn -0.3270 -0.8381 0.4366
vn -0.3270 -0.8381 0.4367
vn 0.7814 -0.5266 0.3348
vn 0.7813 -0.5267 0.3348
vn -0.0000 -0.0000 -1.0000
vn -0.9288 0.3511 -0.1186
vn -0.4193 -0.9068 -0.0436
# 35 vertex normals

vt 0.2828 2.4603 0.7745
vt 0.2962 2.4258 0.7776
vt 0.2962 2.5688 0.7776
vt 0.2829 2.5710 0.7746
vt 0.3544 2.1693 1.3415
vt 0.3553 2.5761 1.3415
vt 0.3490 2.5766 1.3232
vt 0.3490 2.1664 1.3265
vt 0.6628 1.3647 2.1603
vt 0.5850 1.3626 2.1981
vt 0.5842 1.3415 2.1998
vt 0.6456 1.3415 2.1693
vt 0.6612 1.3455 2.1616
vt 0.4200 2.1903 1.3654
vt 0.4150 2.1981 1.3626
vt 0.4162 2.1888 1.3819
vt 0.4158 2.1998 1.3415
vt 0.4213 2.1921 1.3415
vt 0.4776 2.5544 1.3415
vt 0.3945 2.5691 1.3415
vt 0.5787 1.3415 2.1921
vt 0.5800 1.3654 2.1903
vt 1.0928 2.5695 0.6516
vt 1.0928 2.2063 0.6511
vt 1.2343 2.1668 0.6510
vt 1.3265 2.1664 0.6510
vt 1.3232 2.5766 0.6510
vt 0.2782 2.4778 0.7535
vt 0.2782 2.5712 0.7532
vt 0.7532 2.5712 0.7218
vt 0.6265 2.5672 0.7218
vt 0.5956 2.5221 0.7221
vt 0.7535 2.4778 0.7218
vt 0.5122 2.5483 1.3415
vt 0.4641 1.4233 2.0351
vt 0.3484 2.5695 1.0928
vt 1.0729 2.5781 0.7038
vt 0.3011 2.5778 1.0920
vt 0.5470 1.7455 1.3415
vt 0.3924 1.7450 1.1500
vt -0.0407 1.8931 0.6062
vt 0.0986 2.0698 0.7693
vt 0.5695 2.2920 1.3415
vt -0.3654 1.9651 0.5800
vt -0.3415 1.9599 0.5788
vt -0.3415 2.1921 0.5787
vt -0.3654 2.1903 0.5800
vt 0.4161 1.9741 1.3822
vt 0.4200 1.9651 1.3654
vt 0.3388 2.1512 1.3828
vt 0.3937 2.0136 1.3824
vt 0.4195 1.7349 1.1584
vt 0.4265 1.7326 1.1715
vt 0.4212 1.9599 1.3415
vt 0.5441 1.7433 1.3415
vt 0.2962 2.5781 1.0729
vt 0.2962 2.3438 1.0735
vt 0.3009 2.3269 1.0918
vt 0.6597 1.3303 2.1621
vt 0.6510 1.3265 2.1664
vt 0.6510 1.2343 2.1668
vt 0.7776 2.5688 0.7038
vt 0.7776 2.4258 0.7038
vt 1.0735 2.3438 0.7038
vt 0.3489 2.2063 1.0928
vt 0.0648 2.1616 0.7114
vt -0.0251 1.8837 0.6092
vt 0.3372 2.1603 1.3647
vt 0.4235 1.7326 1.1770
vt 0.4158 1.7349 1.1649
# 70 texture coords

g default_Part_1
usemtl 07___Default
s off
f 1/1/1 2/2/1 3/3/1 4/4/1 
f 5/5/2 6/6/2 7/7/2 8/8/2 
f 9/9/3 10/10/3 11/11/3 5/12/3 
f 9/9/4 5/12/4 12/13/4 
f 13/14/5 10/15/5 14/16/5 
f 11/17/6 15/18/6 16/19/6 17/20/6 
f 15/21/7 11/11/7 10/10/7 13/22/7 
f 11/17/8 17/20/8 6/6/8 5/5/8 
f 18/23/9 19/24/9 20/25/9 8/26/9 
f 18/23/10 8/26/10 7/27/10 
f 21/28/11 1/1/11 4/4/11 22/29/11 
f 22/30/12 23/31/12 24/32/12 21/33/12 
s 4
f 17/20/13 16/19/14 25/34/13 23/31/13 
f 25/34/13 26/35/13 23/31/13 
f 23/31/13 22/30/15 4/4/13 3/3/13 
f 17/20/13 23/31/13 3/3/13 18/36/13 
f 27/37/13 28/38/13 18/36/13 3/3/13 
f 18/36/13 7/27/13 6/6/13 17/20/13 
s 64
f 29/39/16 30/40/16 31/41/16 32/42/16 
f 29/39/16 32/42/16 33/43/16 
s off
f 34/44/17 35/45/17 15/46/17 13/47/17 
f 36/48/18 34/49/18 13/14/18 14/16/18 
f 37/50/19 38/51/19 36/48/19 14/16/19 
s 32
f 38/51/20 39/52/20 40/53/20 35/54/20 
f 40/53/20 41/55/20 35/54/20 
f 35/54/20 34/44/21 36/48/20 38/51/20 
s off
f 28/38/22 27/56/22 42/57/22 43/58/22 
f 44/59/23 8/60/23 20/61/23 
f 12/13/24 5/12/24 8/60/24 44/59/24 
f 27/37/25 3/62/25 2/63/25 42/64/25 
f 18/36/26 28/38/26 43/58/26 19/65/26 
s 8
f 24/32/27 23/31/27 26/35/27 32/66/27 
f 24/32/27 32/66/27 31/41/27 45/67/27 
s off
f 14/16/28 10/15/28 9/68/28 37/50/28 
s 1
f 30/40/29 40/69/30 39/70/29 31/41/29 
f 39/70/29 45/67/29 31/41/29 
s 16
f 2/63/31 1/1/31 21/28/31 45/67/31 
f 21/28/31 24/32/31 45/67/31 
f 45/67/31 39/70/31 38/51/31 9/68/31 
f 38/51/31 37/50/31 9/68/31 
f 9/68/31 12/13/32 44/59/31 20/61/31 
f 45/67/31 9/68/31 20/61/31 19/24/31 
f 2/63/31 45/67/31 19/24/31 42/57/31 
f 19/24/31 43/58/31 42/57/31 
s off
f 33/43/33 25/34/33 16/19/33 35/54/33 
f 16/19/33 15/18/33 35/54/33 
f 35/54/6 41/55/6 29/39/6 33/43/6 
s 2
f 33/43/34 32/42/34 26/35/34 25/34/34 
s 128
f 40/53/35 30/40/35 29/39/35 41/55/35 
# 37 polygons - 12 triangles

#
# object default_Part_2
#

v  -0.8201 1.8215 0.2968
v  -0.8202 1.7715 0.5971
v  -0.8192 3.1081 0.4146
v  -0.8190 3.1173 0.2939
v  0.6345 1.8203 0.2103
v  0.5038 2.2608 0.1844
v  -0.1007 3.0898 0.2292
v  -0.1914 3.1164 0.2493
v  -0.7810 3.1181 0.2792
v  -0.8047 3.1180 0.2824
v  -0.4069 3.1346 0.0305
v  -0.7814 3.1393 0.0019
v  -0.2706 3.0881 -0.0383
v  -0.1622 3.0674 0.0032
v  -0.1251 2.7375 -0.6022
v  -0.1345 2.7325 -0.6189
v  -0.1945 2.7599 -0.6113
v  -0.8055 1.8238 0.2816
v  -0.7804 1.8242 0.2778
v  -0.7824 2.1554 -0.0403
v  -0.7815 1.8481 0.1341
v  -0.7814 3.1154 -0.0403
v  -0.9118 2.2917 -0.0679
v  -0.9118 3.1076 -0.0670
v  -0.9118 2.9086 -0.4188
v  -0.8882 2.2272 -0.0403
v  -0.8874 3.1213 -0.0403
v  0.2766 1.9108 -0.3103
# 28 vertices

vn -1.0000 0.0007 -0.0007
vn 0.2507 0.1309 0.9592
vn 0.0067 0.9971 0.0760
vn 0.2444 0.9561 -0.1614
vn 0.3270 0.8381 -0.4367
vn 0.3270 0.8381 -0.4366
vn -0.1418 0.0009 -0.9899
vn -0.6784 -0.0000 -0.7347
vn -1.0000 0.0008 0.0071
vn -1.0000 -0.0005 0.0011
vn -1.0000 0.0010 0.0013
vn 0.7717 0.5771 -0.2672
vn -1.0000 0.0000 0.0000
vn -0.0000 0.0000 1.0000
vn -0.7494 0.0000 0.6621
vn 0.0483 0.8695 -0.4916
vn -0.0106 -0.9864 -0.1642
vn 0.8220 0.2129 -0.5282
vn -0.3183 -0.4688 -0.8240
# 19 vertex normals

vt 0.8071 1.3217 0.2813
vt 1.1180 1.2991 0.2812
vt 0.9290 1.9021 0.2815
vt 0.8042 1.9062 0.2816
vt 0.4051 1.3211 0.3316
vt 0.4736 1.5199 0.3572
vt 0.6769 1.8939 0.2396
vt 0.8604 1.9021 0.2128
vt 0.6987 1.9059 0.2068
vt 1.1060 1.2991 0.2693
vt 0.7889 1.9066 0.2917
vt 0.7146 1.9066 0.2077
vt 0.7184 1.9062 0.1958
vt 0.2852 1.9059 0.6203
vt 0.2848 1.9140 0.6697
vt 0.3574 1.9162 0.5086
vt 0.6081 1.8931 0.4261
vt 0.3212 1.9140 0.6151
vt 0.3514 1.8939 0.5651
vt 0.6056 1.8837 0.4122
vt 0.4202 1.7349 0.9694
vt 0.4168 1.7327 0.9840
vt 0.4286 1.7450 0.9704
vt 0.6035 1.8837 0.3982
vt 0.7148 1.3228 0.2086
vt 0.7083 1.9066 0.2111
vt 0.7081 1.3229 0.2125
vt 0.7187 1.3217 0.1929
vt 0.4583 1.4723 0.2913
vt 0.6388 1.3337 0.2916
vt 0.7875 1.3229 0.2919
vt 0.5020 1.9162 0.2916
vt 0.4583 1.9054 0.2916
vt 0.3780 1.7349 1.0115
vt 0.4297 1.5338 0.2568
vt 0.4307 1.9018 0.2568
vt 0.0666 1.8121 0.2568
vt 0.2631 1.5047 0.5417
vt 0.2913 1.4723 0.5417
vt 0.2916 1.9054 0.5417
vt 0.2633 1.9080 0.5417
vt 0.2568 1.5338 0.5703
vt 0.2568 1.9018 0.5693
vt 0.6027 1.8121 0.7930
vt 0.2701 1.8931 0.7641
vt 0.3406 1.7450 1.0585
vt 0.5953 1.3337 0.2481
vt 0.4547 1.3620 0.8347
vt 0.4024 1.3211 0.3141
vt 0.4673 1.5199 0.3153
vt 0.4599 1.3620 0.8379
vt 0.3737 1.7327 1.0271
# 52 texture coords

g default_Part_2
usemtl 07___Default
s off
f 46/71/36 47/72/36 48/73/36 49/74/36 
s 8
f 50/75/37 51/76/37 52/77/37 48/78/37 
f 52/77/37 53/79/37 48/78/37 
f 50/75/37 48/78/37 47/80/37 
s 4
f 54/81/38 55/82/38 49/83/38 53/84/38 
f 49/83/38 48/78/38 53/84/38 
f 53/84/38 56/85/38 57/86/38 54/81/38 
s 32
f 58/87/39 56/88/39 53/84/39 52/89/39 
f 58/87/39 52/89/39 59/90/39 
s 2
f 60/91/40 61/92/41 62/93/40 58/87/41 
f 60/91/40 58/87/41 59/94/41 
s off
f 63/95/42 55/82/42 54/96/42 64/97/42 
f 46/98/43 49/83/43 55/82/43 63/95/43 
f 65/99/44 66/100/44 64/101/44 57/102/44 
f 64/101/45 54/81/45 57/102/45 
f 65/99/46 57/102/46 67/103/46 
s 256
f 60/104/47 59/94/47 52/89/47 51/76/47 
s off
f 68/105/48 69/106/48 70/107/48 
f 71/108/49 65/109/49 67/110/49 72/111/49 
f 68/112/50 71/108/50 72/111/50 69/113/50 
s 16
f 67/110/51 57/102/51 56/88/51 70/114/51 
f 58/115/51 62/116/51 70/114/51 56/88/51 
f 70/114/51 69/106/51 72/111/51 67/110/51 
s 128
f 47/80/52 46/71/52 63/95/52 64/97/52 
f 64/97/52 66/117/52 73/118/52 47/80/52 
f 47/80/52 73/118/52 50/119/52 
s 64
f 51/120/53 50/119/53 73/121/53 60/104/53 
f 73/121/53 61/122/53 60/104/53 
s 1
f 61/92/54 73/121/54 66/117/54 65/99/54 
f 71/108/54 68/112/54 70/107/54 65/99/54 
f 61/92/54 65/99/54 70/107/54 62/116/54 
# 21 polygons - 10 triangles

#
# object default_Part_3
#

v  -0.3433 0.0090 -0.7300
v  -0.8897 0.0009 -0.7300
v  -0.8902 1.4917 -0.7300
v  -0.3397 1.5737 -0.7308
v  -0.9118 1.1874 -0.0691
v  -0.9118 1.5662 -0.2178
v  -0.9118 1.4922 -0.7052
v  -0.9118 0.0044 -0.7042
v  -0.9118 0.0071 -0.4126
v  -0.9118 0.9884 -0.0693
v  0.9380 1.1189 -0.8346
v  0.9380 0.0019 -0.8343
v  0.9169 0.0006 -0.8542
v  0.9179 1.1334 -0.8541
v  -0.3128 0.0016 -0.8131
v  -0.3287 0.0032 -0.7995
v  -0.3298 1.5652 -0.7967
v  -0.3113 1.5655 -0.8131
v  0.2970 0.0013 -0.8131
v  0.2983 0.0049 -0.8361
v  0.3161 0.0027 -0.8540
v  0.9367 0.0023 -0.5437
v  0.3153 1.6529 -0.8532
v  0.3382 1.6563 -0.8532
v  -0.8893 1.0759 -0.0403
v  -0.8893 1.0949 -0.0403
v  0.9373 1.1498 -0.6703
v  0.9360 0.4390 -0.3908
v  -0.8712 1.0796 -0.0403
v  0.2962 1.6561 -0.8131
v  0.2991 1.6531 -0.8362
v  0.3435 1.6831 -0.6818
# 32 vertices

vn -0.0007 -0.0003 -1.0000
vn -1.0000 -0.0000 -0.0000
vn -1.0000 0.0000 -0.0000
vn 0.6919 -0.0004 -0.7220
vn -0.6568 0.0008 -0.7540
vn -0.0045 -0.9999 0.0165
vn -0.0374 -0.9965 0.0750
vn -0.0083 -0.9963 0.0856
vn -0.0211 -0.9975 0.0679
vn -0.2862 -0.9435 -0.1671
vn -0.0445 -0.9975 -0.0544
vn -0.0029 -0.9997 0.0228
vn -0.0035 -0.9977 0.0682
vn 0.0044 -1.0000 0.0032
vn -0.0025 -1.0000 0.0013
vn 0.0106 -0.9984 0.0557
vn 0.0147 -0.9891 0.1463
vn -0.7570 -0.0003 -0.6534
vn -0.0011 0.0005 -1.0000
vn -0.0003 0.0000 -1.0000
vn -0.7894 -0.0006 0.6138
vn 1.0000 -0.0000 0.0046
vn 1.0000 0.0000 0.0045
vn 0.0000 -0.0000 1.0000
vn 0.0659 -0.3295 0.9419
vn -0.9840 0.0009 -0.1779
vn 0.0000 0.0000 -1.0000
vn -0.9956 -0.0000 -0.0933
vn -0.7164 0.0002 -0.6976
vn 0.6635 0.7358 -0.1356
vn 0.2961 0.3490 0.8891
vn -0.1460 0.9781 -0.1484
# 32 vertex normals

vt 0.5915 0.5041 1.2555
vt 0.7373 0.5004 1.2555
vt 0.7374 1.1729 1.2555
vt 0.5906 1.2099 1.2563
vt 0.4285 1.0356 0.2568
vt 0.2746 1.2065 0.2568
vt -0.2298 1.1731 0.2568
vt -0.2288 0.5020 0.2568
vt 0.0730 0.5032 0.2568
vt 0.4282 0.9459 0.2568
vt 0.2498 1.0048 1.3637
vt 0.2498 0.5008 1.3633
vt 0.2555 0.5003 1.3840
vt 0.2552 1.0113 1.3839
vt 0.5834 0.5007 1.3415
vt 0.5877 0.5015 1.3274
vt 0.5880 1.2061 1.3244
vt 0.5830 1.2062 1.3415
vt -0.3274 0.5015 0.4123
vt 0.4208 0.5006 1.3415
vt -0.3653 0.5022 0.5796
vt 0.4157 0.5012 1.3838
vt -0.0053 0.5032 0.4022
vt 0.4841 0.5010 1.0684
vt 0.7432 0.5020 1.2288
vt 0.7432 1.1731 1.2298
vt 0.4159 1.2456 1.3830
vt 0.4098 1.2472 1.3830
vt 0.2568 0.9459 0.5718
vt 0.2628 0.9854 0.5417
vt 0.2628 0.9939 0.5417
vt 0.2568 1.0356 0.5715
vt 1.1936 1.0187 0.7500
vt 0.9045 0.6981 0.7496
vt 1.0626 0.5010 0.7498
vt 1.3633 0.5008 0.7502
vt 1.3637 1.0048 0.7502
vt 0.2676 0.9870 0.5417
vt 0.6073 0.6981 0.9133
vt 0.2962 0.9870 0.4989
vt -0.2555 0.5041 0.4085
vt -0.2563 1.2099 0.4094
vt -0.3244 1.2061 0.4120
vt 0.4210 1.2471 1.3415
vt -0.3415 1.2471 0.5790
vt -0.3653 1.2457 0.5798
vt -0.3415 0.5006 0.5792
vt 0.4202 1.2457 1.3653
vt 0.4204 0.5022 1.3653
vt 1.1969 1.0187 0.7467
vt 0.7510 1.2593 1.0722
vt 0.7498 1.2593 1.0734
vt 0.5023 1.2065 0.4845
# 53 texture coords

g default_Part_3
usemtl 07___Default
s off
f 74/123/55 75/124/55 76/125/55 77/126/55 
f 78/127/56 79/128/56 80/129/56 81/130/56 
f 78/127/57 81/130/57 82/131/57 83/132/57 
f 84/133/58 85/134/58 86/135/58 87/136/58 
f 88/137/59 89/138/59 90/139/59 91/140/59 
s 2
f 74/123/60 89/141/61 88/137/62 92/142/63 
f 92/142/63 93/143/64 94/144/65 85/134/66 
f 94/144/65 86/135/67 85/134/66 
f 74/123/60 92/142/63 85/134/66 82/145/68 
f 85/134/66 95/146/69 82/145/68 
f 74/123/60 82/145/68 81/130/70 75/124/71 
s off
f 76/125/72 75/124/72 81/147/72 80/148/72 
f 96/149/73 97/150/73 87/136/73 94/144/73 
f 87/136/74 86/135/74 94/144/74 
f 83/151/75 98/152/75 99/153/75 78/154/75 
f 100/155/76 101/156/76 95/157/76 85/158/76 
f 100/155/77 85/158/77 84/159/77 
f 99/153/78 98/152/78 102/160/78 
s 1
f 101/161/79 102/162/79 98/152/79 82/131/79 
f 98/152/79 83/151/79 82/131/79 
f 101/161/79 82/131/79 95/146/79 
s off
f 74/163/80 77/164/80 90/165/80 89/141/80 
f 91/140/81 103/166/81 92/142/81 88/137/81 
f 103/167/82 104/168/82 93/143/82 92/169/82 
f 104/170/83 96/149/83 94/144/83 93/171/83 
s 16
f 100/172/84 84/159/84 87/136/84 97/150/84 
f 100/172/84 97/150/84 105/173/84 
s 8
f 102/160/85 101/161/85 100/155/85 105/174/85 
f 105/174/85 79/175/85 78/127/85 102/160/85 
f 102/160/85 78/127/85 99/153/85 
s 4
f 96/149/86 104/170/86 103/167/86 105/174/86 
f 91/140/86 90/139/86 77/164/86 103/167/86 
f 77/164/86 76/125/86 80/148/86 105/174/86 
f 80/148/86 79/128/86 105/174/86 
f 103/167/86 77/164/86 105/174/86 
f 96/149/86 105/174/86 97/150/86 
# 24 polygons - 12 triangles

#
# object default_Part_4
#

v  -0.7780 4.3723 -0.2499
v  -0.7734 4.3729 -0.2581
v  -0.7796 4.3718 -0.2569
v  -0.8914 4.3359 -0.0579
v  -0.8901 4.3368 -0.2257
v  -0.9118 4.3119 -0.2077
v  -0.9118 4.3120 -0.0657
v  -0.8863 4.3140 -0.0403
v  -0.6482 5.0331 0.7873
v  -0.5529 5.0608 0.7853
v  -0.5331 5.0660 0.7315
v  -0.6509 4.1951 0.8090
v  -0.6490 5.0151 0.8079
v  -0.6697 5.0115 0.7903
v  -0.6713 4.1883 0.7862
v  -0.5318 5.0663 0.5997
v  -0.5317 5.0689 0.4265
v  -0.6563 5.0426 0.4218
v  -0.5153 5.0733 0.6220
v  -0.5317 5.1464 0.4262
v  -0.6638 5.2082 0.4218
v  -0.6759 5.0139 0.4218
v  -0.6721 4.1108 0.4240
v  -0.7808 4.3683 -0.0587
v  -0.7794 4.0957 0.4018
v  -0.7790 5.2529 0.4021
v  -0.7797 5.0567 0.0647
v  -0.7802 4.3446 -0.0403
v  -0.7799 4.0315 0.1016
v  0.4391 4.4718 0.8309
v  0.4306 4.4785 0.7952
v  0.4018 4.4869 0.7931
v  0.2609 4.5239 0.7938
v  0.2675 4.5205 0.8310
v  0.2446 4.5028 0.7954
v  0.2434 4.5016 0.8291
v  0.2609 4.5018 0.8474
v  -0.9118 4.0965 -0.0659
v  -0.8865 4.0548 -0.0403
v  -0.7805 4.0429 -0.0403
v  0.2610 4.3371 0.8474
v  0.4252 4.4557 0.8473
v  -0.7119 4.8288 -0.2763
v  -0.7119 4.3956 -0.2776
v  -0.7637 4.3983 -0.2755
v  -0.7628 4.8520 -0.2742
v  -0.7782 4.8729 -0.2497
v  -0.7802 5.0461 0.0462
v  -0.7615 4.1013 0.4203
v  -0.7610 5.2532 0.4208
v  -0.7643 5.2555 0.4174
v  -0.7316 4.1043 0.4207
v  -0.7805 4.0063 -0.0161
v  -0.7806 4.0294 0.0920
v  -0.0019 4.8011 0.8104
v  -0.0474 4.8219 0.8106
v  -0.1169 4.2473 0.8109
v  -0.0016 4.2584 0.8104
v  0.1733 4.7247 0.7949
v  0.0202 4.7953 0.7938
v  0.1399 4.2687 0.7946
v  0.0204 4.2570 0.7938
v  0.2443 4.3439 0.7953
v  -0.6222 4.0175 -0.0352
v  -0.1341 4.2456 0.8109
v  -0.4968 5.0780 0.6235
v  -0.5540 5.0604 0.7885
v  -0.5317 5.1003 0.5998
v  -0.5358 5.0468 0.8083
v  0.1925 4.7162 0.7938
v  0.4017 4.6203 0.7931
v  -0.5153 5.0868 0.6220
v  0.4225 4.4833 0.7724
v  0.4224 4.6163 0.7725
v  -0.0537 4.8248 0.8106
v  0.4229 4.6654 0.5865
v  0.5217 4.6216 0.5807
v  0.5053 4.6835 0.3760
v  0.4225 4.4833 0.7657
v  0.4250 4.4825 0.7727
v  0.2435 4.3311 0.8292
v  0.4229 4.5485 0.5856
v  -0.1240 4.5066 -0.3939
v  -0.7126 4.7084 -0.4835
# 84 vertices

vn -0.1858 0.9822 -0.0273
vn -0.7564 0.6541 -0.0014
vn -0.6706 0.3648 0.6460
vn -0.2793 0.9602 -0.0106
vn -0.6996 0.0002 0.7145
vn -0.5601 0.6342 0.5330
vn -0.2210 0.9749 0.0253
vn -0.3396 0.9395 -0.0448
vn -0.0356 0.0000 0.9994
vn -1.0000 -0.0013 0.0097
vn -0.7734 0.6334 0.0254
vn -0.2905 0.9568 0.0099
vn -0.3014 0.9535 0.0028
vn -1.0000 0.0004 0.0019
vn -1.0000 0.0000 0.0017
vn -0.1708 0.5983 0.7829
vn 0.2555 0.9579 0.1310
vn 0.2729 0.9612 0.0398
vn -0.7014 0.7056 0.1011
vn -0.5535 0.6503 0.5204
vn -1.0000 0.0000 0.0000
vn 0.0000 -0.0000 1.0000
vn 0.0001 0.0003 1.0000
vn -0.0391 0.0030 -0.9992
vn -0.8744 0.0030 -0.4852
vn -0.8474 -0.0002 -0.5310
vn -0.9996 -0.0034 0.0277
vn -0.7203 0.0001 0.6937
vn -0.7217 -0.0000 0.6923
vn -0.9999 0.0012 -0.0102
vn -0.0553 0.0022 0.9985
vn -1.0000 0.0010 -0.0009
vn -0.9975 0.0287 0.0649
vn 0.0048 -0.0000 1.0000
vn -0.0072 -0.0001 1.0000
vn -0.0067 -0.0000 1.0000
vn -0.0067 -0.0003 1.0000
vn 0.0944 -0.9736 0.2080
vn 0.0942 -0.9736 0.2080
vn 0.0944 -0.9730 0.2104
vn -0.2627 0.9646 0.0216
vn -0.2788 0.9603 0.0115
vn -1.0000 -0.0000 -0.0000
vn -0.2115 0.7235 0.6571
vn 0.0668 0.0237 0.9975
vn 0.0043 0.0008 1.0000
vn -0.8043 -0.0008 0.5942
vn 0.7068 0.0002 0.7074
vn -0.0779 -0.0001 0.9970
vn -0.0131 -0.0004 0.9999
vn -0.0085 0.0006 1.0000
vn -0.0041 0.0013 1.0000
vn -0.0039 0.0011 1.0000
vn 0.6012 0.0003 0.7991
vn 0.0004 0.0005 1.0000
vn 0.4057 0.8834 0.2346
vn 0.4049 0.8815 0.2429
vn 0.4057 0.8834 0.2345
vn 0.4057 0.8834 0.2347
vn 0.4061 0.8832 0.2347
vn 0.2852 0.9585 0.0015
vn 0.1751 0.6193 0.7654
vn 0.2724 0.9565 0.1042
vn -0.9996 0.0007 -0.0284
vn -0.7227 0.0001 0.6912
vn 1.0000 0.0003 0.0026
vn 1.0000 0.0007 0.0022
vn 0.0552 -0.0083 0.9984
vn 0.5619 -0.7782 -0.2805
vn 0.5621 -0.7780 -0.2805
vn -1.0000 -0.0000 0.0036
vn -0.7083 0.0000 0.7059
vn 0.3494 0.8096 -0.4717
vn 0.3499 0.8094 -0.4716
vn -0.0614 -0.5489 -0.8336
vn -0.0613 -0.5490 -0.8335
# 76 vertex normals

vt 0.2925 0.7587 2.4724
vt 0.2937 0.7671 2.4727
vt 0.2921 0.7658 2.4722
vt 0.2623 0.5599 2.4560
vt 0.2626 0.7336 2.4564
vt 0.2568 0.7150 2.4452
vt 0.2568 0.5679 2.4452
vt 0.2623 2.4560 0.5599
vt 0.2568 2.4452 0.5679
vt 0.2636 2.4461 0.5417
vt 0.3271 -0.3147 2.7705
vt 0.3525 -0.3127 2.7830
vt 0.3578 -0.2570 2.7853
vt 0.3264 2.3925 -0.3372
vt 0.3269 2.7624 -0.3361
vt 0.3214 2.7607 -0.3179
vt 0.3209 2.3894 -0.3136
vt 0.3271 2.7705 -0.3147
vt 0.3582 -0.1206 2.7854
vt 0.3582 0.0586 2.7866
vt 0.3250 0.0635 2.7748
vt 0.3626 -0.1437 2.7886
vt 0.3250 2.7748 0.0635
vt 0.3582 2.7866 0.0586
vt 0.3582 2.8216 0.0589
vt 0.3230 2.8495 0.0635
vt 1.3136 2.3894 0.3209
vt 1.3179 2.7607 0.3214
vt 0.9365 2.7618 0.3197
vt 0.9387 2.3544 0.3207
vt 0.3197 0.0635 2.7618
vt 0.3214 -0.3179 2.7607
vt 0.2918 0.5608 2.4706
vt 0.9158 2.3476 0.2921
vt 0.9161 2.8697 0.2922
vt 0.5670 2.7811 0.2920
vt 0.4583 2.4599 0.2919
vt 0.6051 2.3186 0.2920
vt 0.2919 2.4599 0.5417
vt 0.2918 2.4706 0.5608
vt 0.6171 -0.3599 2.5173
vt 0.6148 -0.3229 2.5203
vt 0.6072 -0.3207 2.5241
vt 0.5696 -0.3215 2.5408
vt 0.5713 -0.3600 2.5392
vt 0.5652 -0.3231 2.5313
vt 0.5649 -0.3580 2.5307
vt 0.5696 2.5308 -0.3769
vt 0.5713 2.5392 -0.3600
vt 0.5649 2.5307 -0.3580
vt 0.4321 2.4452 0.2568
vt 0.2850 2.4452 0.2568
vt 0.4318 2.3480 0.2568
vt 0.2636 2.3292 0.5417
vt 0.2918 2.3238 0.5417
vt 0.5696 2.4565 -0.3770
vt 0.6134 2.5100 -0.3769
vt 0.6899 2.6783 0.7859
vt 0.6899 2.4829 0.7873
vt 0.7037 2.4841 0.7851
vt 0.7035 2.6888 0.7838
vt 0.7063 2.4727 0.7671
vt 0.7075 2.4724 0.7587
vt 0.7076 2.6982 0.7584
vt 0.4392 2.4706 0.2918
vt 0.5478 2.7764 0.2919
vt 0.2922 2.8697 0.0839
vt 0.2921 2.3476 0.0842
vt 0.2969 2.3502 0.0651
vt 0.2970 2.8697 0.0645
vt 0.2962 2.8708 0.0680
vt 0.2416 2.6982 0.2924
vt 0.2413 2.4724 0.2925
vt 0.3207 2.3544 0.0613
vt 0.3197 2.7618 0.0635
vt 0.3049 2.3515 0.0647
vt 0.4583 2.3238 0.2918
vt 0.4833 2.3073 0.2918
vt 0.5952 2.3177 0.2918
vt 0.4995 2.6658 -0.3386
vt 0.4874 2.6752 -0.3389
vt 0.4688 2.4160 -0.3392
vt 0.4996 2.4210 -0.3386
vt 0.5652 2.5313 -0.3231
vt 0.5462 2.6314 -0.3226
vt 0.5054 2.6632 -0.3215
vt 0.5373 2.4257 -0.3223
vt 0.5054 2.4204 -0.3215
vt 0.5652 2.4596 -0.3231
vt 0.2952 1.9900 0.6663
vt 0.9419 2.4257 0.1518
vt 0.4642 2.4152 -0.3392
vt 0.3675 -0.1452 2.7907
vt 0.3522 -0.3160 2.7828
vt 0.9414 2.7866 0.3582
vt 1.1206 2.7854 0.3582
vt 1.1207 2.8008 0.3582
vt 0.9411 2.8216 0.3582
vt 0.3522 2.7828 -0.3160
vt 0.3571 2.7767 -0.3365
vt 0.5696 2.5408 -0.3215
vt 0.5513 2.6275 -0.3215
vt 0.6072 2.5241 -0.3207
vt 0.6071 2.5843 -0.3208
vt 0.3582 2.7854 -0.1206
vt 0.3626 2.7886 -0.1437
vt 0.3626 2.7947 -0.1437
vt 0.3582 2.8008 -0.1207
vt 0.6127 2.5224 -0.2994
vt 0.6127 2.5824 -0.2994
vt 0.3675 2.7907 -0.1452
vt 0.4857 2.6765 -0.3389
vt -0.1070 2.6046 0.6128
vt 0.2117 2.5848 0.3265
vt 0.1684 2.5967 0.6231
vt 0.4085 2.8708 0.1055
vt 0.6127 -0.2924 2.5224
vt 0.6127 -0.2994 2.5224
vt 0.6133 -0.2997 2.5221
vt 0.6171 2.5173 -0.3599
vt 1.3580 2.5307 0.5649
vt 1.3231 2.5313 0.5652
vt 1.3231 2.4596 0.5652
vt 1.3581 2.4538 0.5650
vt 0.5650 2.4538 -0.3581
vt -0.2924 2.5224 0.6127
vt -0.1060 2.5519 0.6128
vt -0.2994 2.5824 0.6127
vt -0.2994 2.5224 0.6127
vt 0.6392 2.5848 -0.1010
vt 0.6128 2.6046 -0.1070
vt 0.6128 2.5519 -0.1060
vt 0.2687 1.9900 0.6352
vt 0.3741 1.5529 2.0133
vt 0.2127 2.4829 0.3101
vt 0.2141 2.6783 0.3101
vt -0.0003 2.6240 0.3099
vt 0.2568 2.3480 0.5682
vt 0.5750 2.6240 0.8852
# 139 texture coords

g default_Part_4
usemtl 07___Default
s off
f 106/176/87 107/177/87 108/178/87 
f 109/179/88 110/180/88 111/181/88 112/182/88 
f 109/183/89 112/184/89 113/185/89 
f 114/186/90 115/187/90 116/188/90 
f 117/189/91 118/190/91 119/191/91 120/192/91 
f 118/190/92 114/193/92 119/191/92 
f 121/194/93 122/195/93 123/196/93 114/186/93 
f 124/197/94 121/194/94 114/186/94 
f 123/198/95 122/199/95 125/200/95 126/201/95 
f 120/202/96 119/203/96 127/204/96 128/205/96 
f 127/206/97 119/207/97 114/186/97 123/196/97 
f 110/180/98 109/179/98 129/208/98 106/176/98 
f 110/180/99 106/176/99 108/178/99 
f 130/209/100 131/210/100 132/211/100 133/212/100 
f 130/209/101 133/212/101 134/213/101 
f 133/214/102 129/215/102 109/183/102 113/185/102 
f 135/216/103 136/217/103 137/218/103 138/219/103 
f 135/216/104 138/219/104 139/220/104 
f 138/219/105 140/221/105 141/222/105 139/220/105 
f 142/223/106 139/224/106 141/225/106 
f 112/226/107 111/227/107 143/228/107 
f 113/185/108 144/229/108 145/230/108 133/214/108 
f 142/223/109 146/231/109 147/232/109 
f 148/233/110 149/234/110 150/235/110 151/236/110 
f 151/236/111 150/235/111 107/237/111 106/238/111 
f 151/236/112 106/238/112 152/239/112 
f 129/240/113 133/212/113 132/211/113 153/241/113 
f 131/242/114 130/243/114 154/244/114 155/245/114 
f 131/242/115 155/245/115 156/246/115 
f 152/247/116 106/248/116 129/240/116 153/241/116 
f 128/249/117 127/250/117 157/251/117 
f 145/252/118 158/253/118 159/254/118 133/212/118 
f 134/213/119 133/212/119 159/254/119 
f 160/255/120 161/256/120 162/257/120 163/258/120 
f 140/259/121 164/260/121 165/261/121 166/262/121 
f 165/261/122 167/263/122 166/262/122 
f 140/259/123 166/262/123 168/264/123 
s 2
f 157/251/124 154/244/124 130/243/124 128/205/124 
f 134/213/124 159/254/125 158/253/124 167/263/124 
f 169/265/124 166/266/124 167/263/124 158/253/124 
f 167/263/124 163/258/124 162/257/124 117/189/124 
f 162/257/124 170/267/126 117/189/124 
f 117/189/124 120/192/124 128/205/124 167/263/124 
f 134/213/124 167/263/124 128/205/124 130/243/124 
s off
f 124/197/127 114/186/127 116/188/127 171/268/127 
f 115/187/128 114/186/128 172/269/128 
f 122/270/129 121/271/129 173/272/129 125/273/129 
f 172/274/130 114/193/130 118/190/130 174/275/130 
f 140/259/131 138/276/131 175/277/131 164/260/131 
f 138/276/132 137/278/132 176/279/132 175/277/132 
f 121/280/133 124/281/133 177/282/133 173/283/133 
f 137/278/134 178/284/134 179/285/134 176/279/134 
f 177/282/135 124/281/135 171/286/135 
f 155/245/136 154/244/136 157/251/136 127/250/136 
f 155/245/137 127/250/137 123/198/137 126/201/137 
f 180/287/138 174/275/138 118/190/138 117/189/138 
f 180/287/139 117/189/139 170/267/139 
f 163/258/140 167/263/140 165/261/140 160/255/140 
f 170/267/141 162/257/141 161/256/141 180/287/141 
s 8
f 180/287/142 161/256/143 160/255/142 165/261/142 
f 165/261/142 164/260/144 175/277/145 179/285/142 
f 175/277/145 176/279/142 179/285/142 
f 165/261/142 179/285/142 181/288/142 180/287/142 
f 181/288/142 182/289/142 183/290/142 125/200/142 
f 183/290/142 156/291/145 155/245/145 126/201/145 
f 183/290/142 126/201/145 125/200/142 
f 180/287/142 181/288/142 125/200/142 171/286/142 
f 125/200/142 173/272/142 177/282/142 171/286/142 
f 180/287/142 171/286/142 116/188/142 172/269/142 
f 116/188/142 115/187/146 172/269/142 
f 180/287/142 172/269/142 174/275/142 
s off
f 184/292/147 178/293/147 185/294/147 
f 139/224/148 142/223/148 147/232/148 135/295/148 
f 178/293/149 137/218/149 136/217/149 185/294/149 
f 141/296/150 140/297/150 168/298/150 186/299/150 
f 146/231/151 142/223/151 141/225/151 186/300/151 
f 184/301/152 187/302/152 181/288/152 179/303/152 
f 184/301/153 179/303/153 178/304/153 
f 182/305/154 181/306/154 187/307/154 
s 32
f 183/290/155 182/289/155 187/307/155 168/298/155 
f 184/301/155 185/294/156 136/217/155 147/232/155 
f 136/217/155 135/216/155 147/232/155 
f 146/231/155 186/300/155 168/298/155 147/232/155 
f 184/301/155 147/232/155 168/298/155 187/307/155 
f 168/298/155 166/262/155 169/308/155 183/290/155 
f 183/290/155 169/308/155 188/309/155 
s off
f 149/310/157 148/311/157 189/312/157 
f 113/185/158 112/184/158 143/313/158 144/229/158 
s 4
f 148/311/159 151/236/159 152/239/159 132/211/159 
f 152/239/159 153/241/160 132/211/159 
f 132/211/159 131/210/159 156/291/159 183/290/159 
f 148/311/159 132/211/159 183/290/159 189/314/159 
f 183/290/159 188/309/159 189/314/159 
s 1
f 188/309/161 169/308/161 158/253/161 145/252/161 
f 145/252/161 144/229/161 143/313/161 110/180/161 
f 143/313/161 111/227/161 110/180/161 
f 188/309/161 145/252/161 110/180/161 107/177/161 
f 110/180/161 108/178/162 107/177/161 
f 107/177/161 150/235/161 149/234/161 188/309/161 
f 188/309/161 149/234/161 189/312/161 
# 64 polygons - 36 triangles

#
# object default_Part_5
#

v  0.4747 7.0326 -0.5005
v  0.2775 7.0360 -0.5000
v  0.2794 8.1589 -0.5000
v  0.2972 8.1594 -0.5000
v  0.6999 7.3786 -0.2680
v  0.6999 7.0687 -0.2691
v  0.6999 7.0657 -0.3813
v  0.6337 8.2430 0.2785
v  0.6385 8.2065 0.2878
v  0.6574 8.2180 0.2761
v  0.6577 8.2524 -0.0235
v  0.6544 8.2571 -0.0242
v  0.6398 8.2680 0.0391
v  0.5017 7.4570 0.2885
v  0.6401 7.4176 0.2906
v  0.5463 8.2446 0.2902
v  0.5001 8.2018 0.2912
v  0.6576 7.4193 0.2759
v  0.6577 7.4153 -0.0260
v  0.8096 7.3694 -0.2432
v  0.7001 7.4005 -0.2440
v  0.6999 7.4079 -0.0404
v  0.6794 8.2572 -0.0279
v  0.6578 8.2573 -0.0235
v  0.6819 7.4098 -0.0276
v  0.8119 7.3687 0.4019
v  0.8110 7.3493 -0.2662
v  0.5051 7.0376 -0.4050
v  0.5008 7.0326 -0.4731
v  0.5005 8.1713 -0.4703
v  0.5028 8.1831 -0.4056
v  0.5887 7.0326 -0.4974
v  0.5907 7.0326 -0.5174
v  0.4740 8.1651 -0.4998
v  0.5921 7.0360 -0.4046
v  0.2756 7.0349 -0.5552
v  0.5960 7.0333 -0.5441
v  0.8318 7.3464 0.4004
v  0.8112 7.3487 0.4206
v  0.7725 7.1068 0.4209
v  0.7782 7.1084 0.4210
v  0.5038 7.4564 0.3985
v  0.5000 7.4383 0.4207
v  0.8318 7.3456 -0.2411
v  0.8318 7.1058 -0.2076
v  0.8318 7.1049 -0.2414
v  -0.1662 7.4426 0.7936
v  -0.1654 6.8673 0.7937
v  -0.1632 6.8651 0.7937
v  0.2378 6.9730 0.7938
v  0.3680 7.9340 0.7938
v  0.2549 8.1185 -0.7186
v  0.2525 7.2949 -0.7218
v  -0.0186 7.8125 -0.7211
v  -0.0182 8.0195 -0.7213
v  0.0833 8.1127 -0.7203
v  0.8318 7.1222 0.4001
v  -0.1893 7.4488 0.6992
v  -0.4178 7.2386 0.6989
v  -0.4178 7.2078 0.6989
v  -0.1902 6.8894 0.6992
v  -0.1893 6.8837 0.7138
v  -0.1858 6.8859 0.7750
v  -0.1866 7.4295 0.7742
v  -0.1686 6.8610 0.6938
v  0.6999 7.0654 -0.3922
v  0.6830 7.0605 -0.4041
v  0.6796 8.1890 -0.4045
v  0.6997 8.1918 -0.3927
v  0.7123 7.0720 -0.2689
v  0.7600 7.0849 -0.2676
v  0.7744 7.0888 -0.2675
v  0.5195 7.0120 -0.5728
v  0.3596 7.0123 -0.5728
v  0.2757 7.0335 -0.5563
v  0.2781 7.0312 -0.5580
v  0.5000 7.0335 0.4217
v  0.5012 7.0343 0.4391
v  0.4203 7.9940 0.7528
v  0.4219 7.0182 0.6314
v  0.4227 7.0149 0.5013
v  0.4222 8.0685 0.5027
v  0.4219 7.0189 0.6598
v  0.4203 7.9928 0.7569
v  0.4201 7.9876 0.7743
v  0.4208 7.0217 0.7738
v  0.8113 7.0987 -0.2661
v  0.8114 7.1173 0.4206
v  0.4003 7.0167 0.7935
v  0.3998 7.9632 0.7937
v  0.3700 7.9358 0.7938
v  0.2471 6.9755 0.7938
v  0.6998 8.2057 -0.3156
v  0.6999 8.2086 -0.2999
v  0.6999 8.2555 -0.0410
v  0.2735 8.1233 -0.6955
v  0.2778 7.0578 -0.5778
v  0.2736 8.1231 -0.6963
v  0.2738 7.2270 -0.7011
v  0.2734 8.1222 -0.7013
v  0.5021 7.0353 0.4668
v  0.4729 7.0283 0.4987
v  -0.0271 6.8804 0.0025
v  0.4315 6.9883 -0.5728
v  0.1424 6.9185 -0.2740
v  -0.0439 7.9735 -0.6443
v  -0.0392 7.9944 -0.7014
v  -0.0391 7.8262 -0.7016
v  -0.0437 7.7609 -0.6451
v  -0.4262 7.3735 0.2088
v  -0.1192 7.9043 -0.6443
v  0.5023 8.1668 0.4181
v  0.5742 8.2728 0.2815
v  -0.4310 7.2313 0.6827
v  0.5007 8.1510 0.4673
v  0.4727 8.1162 0.4989
v  0.5618 8.2910 0.1797
# 117 vertices

vn -0.0024 0.0000 -1.0000
vn 1.0000 -0.0000 0.0000
vn 0.3790 0.2740 0.8839
vn 0.7385 0.6695 0.0796
vn 0.8038 0.5892 0.0823
vn 0.0016 0.0007 1.0000
vn 0.0244 -0.0035 0.9997
vn 1.0000 0.0002 0.0007
vn 0.5866 0.0020 0.8099
vn 0.2738 0.9612 -0.0344
vn 0.1998 -0.0028 0.9798
vn 0.0674 0.0006 0.9977
vn 0.1429 0.9884 0.0513
vn 0.3035 0.9528 -0.0057
vn 0.1130 0.9621 0.2483
vn 0.3308 0.9437 -0.0002
vn 0.2082 0.7319 -0.6488
vn 0.9988 0.0011 -0.0499
vn 0.0000 1.0000 -0.0000
vn 0.0016 0.0006 -1.0000
vn 0.0020 0.9986 -0.0525
vn 0.0109 0.9999 0.0020
vn 0.0040 0.9996 0.0271
vn 0.6263 0.5207 0.5802
vn -0.0096 0.0028 0.9999
vn 0.2738 0.9618 0.0000
vn 0.1985 0.7064 0.6794
vn 0.6681 0.5803 -0.4657
vn 0.7387 0.6740 -0.0014
vn 1.0000 0.0000 -0.0000
vn -0.0004 0.0001 1.0000
vn 0.0059 0.0029 -1.0000
vn 0.0102 -0.0009 -0.9999
vn -0.0012 -0.0000 1.0000
vn -0.9989 -0.0001 0.0463
vn -0.9983 0.0015 0.0581
vn -0.7064 -0.7046 0.0673
vn -0.7065 -0.7046 0.0673
vn 0.5396 0.0005 -0.8419
vn 0.0172 0.0035 -0.9998
vn 0.0256 0.0005 -0.9997
vn 0.0072 0.0041 -1.0000
vn 0.0056 -0.0004 -1.0000
vn 0.0050 -0.0003 -1.0000
vn 0.0180 0.7299 -0.6833
vn 0.0011 0.6178 -0.7863
vn 0.0301 0.6194 -0.7845
vn 0.9978 -0.0002 -0.0662
vn 0.0015 0.0021 1.0000
vn 1.0000 0.0006 0.0070
vn 0.9999 0.0007 0.0100
vn 1.0000 0.0016 0.0002
vn 0.0381 -0.0003 -0.9993
vn 0.7040 -0.0002 0.7102
vn 0.7700 0.0008 -0.6381
vn 0.0015 -0.0002 1.0000
vn 0.0124 -0.0002 0.9999
vn 0.9999 -0.0004 -0.0100
vn -0.1827 0.0064 0.9831
vn 1.0000 0.0002 0.0006
vn 0.9995 -0.0018 -0.0309
vn 0.9934 0.0166 0.1136
vn 0.5572 0.0013 0.8304
vn 0.7340 0.0014 -0.6792
vn 1.0000 0.0001 -0.0004
vn 0.9995 0.0004 -0.0321
vn 0.6913 0.0005 -0.7225
vn 0.2598 -0.9653 0.0260
vn 0.2597 -0.9653 0.0260
vn 0.2585 -0.9657 0.0260
vn 0.2582 -0.9657 0.0260
vn 0.2598 -0.9654 0.0239
vn 0.2598 -0.9653 0.0261
vn 0.2852 -0.9581 0.0258
vn 0.2596 -0.9652 0.0316
vn 0.2598 -0.9654 0.0234
vn 0.2598 -0.9653 0.0258
vn 0.2597 -0.9654 0.0226
vn 0.2598 -0.9653 0.0276
vn 0.2604 -0.9652 0.0260
vn -0.9966 -0.0010 -0.0824
vn -0.7575 -0.3960 -0.5190
vn 0.9998 0.0024 -0.0173
vn 0.1329 0.2209 0.9662
vn 0.0084 -0.0011 1.0000
vn -0.6823 -0.0004 0.7311
vn 0.6920 0.0002 0.7219
vn -0.8001 -0.5723 -0.1799
vn 0.7431 0.0003 0.6692
vn -0.7778 0.0000 0.6285
vn 0.4494 0.8872 0.1043
vn 0.0647 -0.0007 0.9979
vn 0.9994 0.0013 -0.0342
vn 0.9973 -0.0028 0.0739
vn -0.0316 0.9835 -0.1781
vn -0.0315 0.9835 -0.1781
vn -0.0316 0.9832 -0.1797
vn -0.0317 0.9835 -0.1781
vn -0.0346 0.9834 -0.1780
vn -0.0035 0.0036 -1.0000
vn -0.6879 0.0004 -0.7258
vn -0.6620 0.7196 0.2094
vn -0.6652 0.7231 0.1860
vn -0.6621 0.7196 0.2094
vn -0.6689 0.7138 0.2076
vn -0.6619 0.7197 0.2094
vn -0.6620 0.7196 0.2095
vn 0.0000 0.0000 -1.0000
vn -0.2801 -0.8389 -0.4667
# 109 vertex normals

vt 0.3734 3.6725 1.0179
vt 0.4260 3.6740 1.0174
vt 0.4255 4.1805 1.0174
vt 0.4207 4.1808 1.0175
vt 0.7773 3.8286 0.6867
vt 0.7785 3.6887 0.6867
vt 0.8946 3.6874 0.6867
vt 0.6690 4.2185 0.2117
vt 0.6703 4.2020 0.2022
vt 0.6753 4.2072 0.2143
vt 0.6690 0.2117 4.2185
vt 0.6753 0.2143 4.2072
vt 0.6754 0.5243 4.2227
vt 0.6745 0.5250 4.2248
vt 0.6706 0.4595 4.2298
vt 0.6338 3.8639 0.2014
vt 0.6707 3.8462 0.1993
vt 0.6457 4.2192 0.1997
vt 0.6334 4.1999 0.1987
vt 0.2143 4.2072 0.6753
vt 0.2145 3.8469 0.6754
vt 0.5269 3.8451 0.6754
vt 0.5243 4.2227 0.6754
vt 0.6754 3.8469 0.2145
vt 0.7159 0.7517 3.8244
vt 0.6867 0.7525 3.8384
vt 0.6867 0.5418 3.8418
vt 0.6812 4.2249 0.5289
vt 0.6754 4.2249 0.5244
vt 0.6754 4.2227 0.5243
vt 0.6754 3.8451 0.5269
vt 0.6819 3.8426 0.5286
vt 0.7166 0.0841 3.8241
vt 0.6819 0.5286 3.8426
vt 0.6754 0.2145 3.8469
vt 0.6754 0.5269 3.8451
vt 0.6707 0.1993 3.8462
vt 0.2841 3.8244 0.7517
vt 0.2837 3.8154 0.7755
vt 0.3133 3.8286 0.7773
vt 0.3133 3.8384 0.7525
vt 0.9191 3.6747 0.6347
vt 0.9896 3.6725 0.6336
vt 0.9867 4.1862 0.6335
vt 0.9197 4.1915 0.6341
vt 0.6266 1.0179 3.6725
vt 0.6336 0.9896 3.6725
vt 0.6570 1.0147 3.6725
vt 0.6575 1.0354 3.6725
vt 0.3736 4.1834 1.0172
vt 0.6347 0.9191 3.6747
vt 0.6579 0.9187 3.6740
vt 0.5735 1.0745 3.6735
vt 0.5740 1.0174 3.6740
vt 0.6589 1.0631 3.6728
vt 0.7218 3.8140 0.0856
vt 0.7166 3.8241 0.0841
vt 0.7164 3.8151 0.0647
vt 0.7060 3.7060 0.0644
vt 0.7075 3.7066 0.0643
vt 0.6344 0.0876 3.8637
vt 0.6338 0.2014 3.8639
vt 0.6334 3.8555 0.0647
vt 0.6344 3.8637 0.0876
vt 0.2782 3.8137 0.7495
vt 0.7218 0.7495 3.8137
vt 0.7218 0.0856 3.8140
vt 0.7495 3.8137 0.7218
vt 0.7148 3.7055 0.7218
vt 0.7498 3.7051 0.7218
vt 0.4557 3.8574 -0.3213
vt 0.4559 3.5979 -0.3214
vt 0.4565 3.5969 -0.3214
vt 0.5634 3.6456 -0.3215
vt 0.5981 4.0791 -0.3215
vt 0.4320 4.1623 1.2436
vt 0.4327 3.7908 1.2470
vt 0.5050 4.0243 1.2462
vt 0.5049 4.1177 1.2464
vt 0.4778 4.1597 1.2454
vt 0.0856 3.8140 0.7218
vt 0.0859 3.7129 0.7218
vt 0.4495 3.8602 -0.2236
vt 0.3886 3.7654 -0.2233
vt 0.3886 3.7515 -0.2233
vt 0.4493 3.6079 -0.2236
vt 1.2387 3.6053 0.4495
vt 1.3021 3.6063 0.4505
vt 1.3012 3.8515 0.4502
vt 1.2236 3.8602 0.4495
vt 1.2236 3.6079 0.4493
vt 1.0747 3.6053 0.3046
vt 1.0642 3.5950 0.3042
vt 0.4505 3.6063 -0.3021
vt 0.3133 3.6873 0.9058
vt 0.3178 3.6851 0.9182
vt 0.3187 4.1941 0.9186
vt 0.3134 4.1954 0.9064
vt 0.3133 3.6887 0.7785
vt 0.3100 3.6903 0.7782
vt 0.2973 3.6961 0.7770
vt 0.2935 3.6978 0.7768
vt 0.3421 3.6740 0.9187
vt 0.3653 3.6747 0.9191
vt 0.3659 4.1915 0.9197
vt 0.3411 3.6728 1.0631
vt 0.3614 3.6632 1.0928
vt 0.4041 3.6633 1.0928
vt 0.4265 3.6729 1.0757
vt 0.4258 3.6719 1.0775
vt 0.4265 3.6735 1.0745
vt 0.0635 3.6729 0.6334
vt 0.0647 3.8555 0.6334
vt 0.0456 3.6732 0.6337
vt 0.6334 3.6729 0.0635
vt -0.2790 4.1062 0.6121
vt -0.1534 3.6660 0.6125
vt -0.0188 3.6645 0.6127
vt -0.0203 4.1398 0.6126
vt -0.1828 3.6663 0.6125
vt -0.2833 4.1056 0.6121
vt -0.3013 4.1033 0.6121
vt -0.3008 3.6676 0.6122
vt 0.2836 3.7023 0.7754
vt 0.7218 3.7129 0.0859
vt 0.7164 3.7107 0.0648
vt 0.2782 3.7051 0.7498
vt 0.6068 3.6653 -0.3212
vt 0.6066 4.0923 -0.3214
vt 0.5987 4.0799 -0.3214
vt 0.5659 3.6467 -0.3215
vt 0.7525 3.8384 0.6867
vt 0.8266 4.2017 0.6866
vt 0.8104 4.2030 0.6867
vt 0.6745 4.2248 0.5250
vt 0.5418 3.8418 0.6867
vt 0.5424 4.2241 0.6867
vt 1.0174 3.6740 0.5740
vt 1.0745 3.6735 0.5735
vt 1.2197 4.1645 0.5729
vt 1.0174 4.1805 0.5745
vt 1.0757 3.6729 0.5735
vt 1.0980 3.6838 0.5741
vt 1.2205 4.1644 0.5730
vt 0.6867 3.8418 0.5418
vt 0.6867 4.2241 0.5424
vt 0.3664 3.6725 0.9896
vt 0.3665 4.1862 0.9867
vt 0.9058 3.6873 0.6867
vt 0.9064 4.1954 0.6866
vt 1.2255 3.7602 0.5730
vt 1.2257 4.1640 0.5729
vt 0.4271 4.1640 1.2257
vt 0.4270 3.7602 1.2255
vt 0.0169 3.6737 0.6339
vt 0.6261 3.6705 -0.0161
vt 0.6127 3.6645 -0.0188
vt 0.7730 3.6038 0.7647
vt 0.6282 3.6525 0.9036
vt 0.8576 3.6210 0.7221
vt -0.1668 4.0969 0.4883
vt -0.2259 4.1064 0.4895
vt -0.2261 4.0305 0.4896
vt -0.1676 4.0010 0.4884
vt 0.5116 4.0010 1.1676
vt 0.6000 3.6210 0.9224
vt 1.0063 3.6719 0.6285
vt 0.4792 3.8263 0.3594
vt 0.5214 4.0657 1.1564
vt 0.2014 3.8639 0.6338
vt 0.1987 4.1999 0.6334
vt 0.0673 4.1841 0.6340
vt 0.0876 3.8637 0.6344
vt 0.6531 4.2319 0.2087
vt 0.4502 3.8515 -0.3012
vt 0.6122 3.6676 -0.3008
vt 0.6121 4.1033 -0.3013
vt 0.3851 3.7621 -0.2065
vt 0.6339 3.6737 0.0169
vt 0.6335 4.1770 0.0164
vt 0.6261 4.1613 -0.0163
vt 0.6499 0.3140 4.2401
vt 0.6531 0.2087 4.2319
vt 0.6126 4.1398 -0.0203
vt 0.0164 4.1770 0.6335
vt 0.6499 2.6264 1.9277
vt 0.5117 4.0969 1.1668
vt 0.5318 4.0657 1.1668
vt 0.5105 4.1064 1.2259
vt 0.5104 4.0305 1.2261
vt 0.3849 3.6525 1.0928
# 191 texture coords

g default_Part_5
usemtl 07___Default
s off
f 190/315/163 191/316/163 192/317/163 193/318/163 
f 194/319/164 195/320/164 196/321/164 
f 197/322/165 198/323/165 199/324/165 
f 197/325/166 199/326/166 200/327/166 201/328/166 
f 197/325/167 201/328/167 202/329/167 
f 203/330/168 204/331/168 198/323/168 205/332/168 
f 203/330/169 205/332/169 206/333/169 
f 199/334/170 207/335/170 208/336/170 200/337/170 
f 198/323/171 204/331/171 207/338/171 199/324/171 
f 209/339/172 210/340/172 211/341/172 
f 212/342/173 213/343/173 200/344/173 208/345/173 
f 212/342/174 208/345/174 214/346/174 
f 215/347/175 211/341/175 214/348/175 
f 207/349/176 215/347/176 214/348/176 208/350/176 
f 207/349/177 204/351/177 215/347/177 
f 215/347/178 209/339/178 211/341/178 
f 209/352/179 216/353/179 194/354/179 210/355/179 
f 217/356/180 218/357/180 219/358/180 220/359/180 
f 190/360/181 218/361/181 221/362/181 222/363/181 
f 190/315/182 193/318/182 223/364/182 
f 218/361/183 217/365/183 224/366/183 221/362/183 
f 225/367/184 191/368/184 190/360/184 222/363/184 
f 225/367/185 222/363/185 226/369/185 
f 227/370/186 215/371/186 228/372/186 
f 228/372/187 229/373/187 230/374/187 
f 231/375/188 215/347/188 204/351/188 203/376/188 
f 232/377/189 228/372/189 215/371/189 231/378/189 
f 233/379/190 216/353/190 209/352/190 
f 233/380/191 209/339/191 215/347/191 227/381/191 
f 233/382/192 234/383/192 235/384/192 
f 236/385/193 237/386/193 238/387/193 239/388/193 
f 236/385/193 239/388/193 240/389/193 
f 241/390/194 242/391/194 243/392/194 244/393/194 
f 241/390/195 244/393/195 245/394/195 
f 227/395/192 246/396/192 234/383/192 233/382/192 
f 247/397/196 248/398/196 249/399/196 250/400/196 
f 251/401/197 252/402/197 253/403/197 247/404/197 
f 251/401/198 247/404/198 250/405/198 
s 1
f 251/406/199 254/407/199 238/387/200 237/386/200 
f 251/406/199 237/386/200 252/408/199 
s off
f 255/409/201 256/410/201 257/411/201 258/412/201 
f 195/413/202 194/354/202 216/353/202 259/414/202 
f 259/414/203 216/353/203 260/415/203 
f 260/415/204 216/353/204 261/416/204 
f 224/417/205 217/418/205 220/419/205 257/411/205 
f 224/417/206 257/411/206 256/410/206 
f 226/420/207 262/421/207 263/422/207 264/423/207 
f 263/422/208 265/424/208 264/423/208 
f 225/425/209 226/420/209 264/423/209 
f 266/426/210 232/427/210 267/428/210 
f 229/373/211 228/372/211 232/377/211 266/429/211 
f 268/430/212 269/431/212 270/432/212 271/433/212 
f 272/434/213 273/435/213 274/436/213 275/437/213 
f 272/434/214 269/431/214 268/430/214 273/435/214 
f 261/416/215 216/353/215 276/438/215 
f 246/439/216 227/370/216 228/372/216 277/440/216 
f 216/353/217 233/379/217 235/441/217 276/438/217 
f 278/442/218 279/443/218 280/444/218 281/445/218 
f 277/440/219 228/372/219 230/374/219 
f 210/446/220 194/319/220 282/447/220 283/448/220 
f 201/449/221 200/344/221 213/343/221 
f 211/450/222 210/446/222 283/448/222 284/451/222 
f 191/452/223 225/453/223 285/454/223 192/455/223 
f 225/453/224 264/456/224 286/457/224 287/458/224 
f 225/453/224 287/458/224 285/454/224 
f 214/346/225 211/459/225 284/460/225 212/342/225 
f 218/461/226 190/315/226 223/364/226 219/462/226 
f 194/319/227 196/321/227 255/463/227 258/464/227 
f 194/319/227 258/464/227 282/447/227 
f 287/458/228 286/457/228 288/465/228 289/466/228 
f 289/467/229 288/468/229 242/391/229 241/390/229 
s 2
f 290/469/230 291/470/231 270/471/230 266/429/230 
f 269/431/232 272/434/233 275/437/230 270/471/230 
f 275/437/230 278/442/230 281/445/230 238/387/230 
f 281/445/230 239/388/234 238/387/230 
f 270/471/230 275/437/230 238/387/230 266/429/230 
f 238/387/230 254/407/230 292/472/230 293/473/230 
f 292/472/230 294/474/230 293/473/230 
f 293/473/230 262/421/235 226/420/230 222/363/230 
f 238/387/230 293/473/230 222/363/230 221/362/230 
f 224/366/230 256/410/230 255/409/230 195/320/230 
f 255/409/230 196/321/236 195/320/230 
f 195/320/230 259/414/237 260/415/238 276/438/230 
f 260/415/238 261/416/239 276/438/230 
f 276/438/230 235/441/230 234/383/230 277/440/230 
f 234/383/230 246/396/230 277/440/230 
f 195/320/230 276/438/230 277/440/230 224/366/230 
f 277/440/230 230/374/240 229/373/241 266/429/230 
f 224/366/230 277/440/230 266/429/230 221/362/230 
f 238/387/230 221/362/230 266/429/230 
f 290/469/230 266/429/230 267/428/242 
s off
f 295/475/243 296/476/243 297/477/243 298/478/243 
s 32
f 298/479/244 297/477/244 243/392/244 288/468/244 
f 243/392/244 242/391/244 288/468/244 
f 288/468/244 286/457/244 264/456/244 294/480/244 
f 264/456/244 265/481/244 294/480/244 
f 298/479/244 288/468/244 294/480/244 299/482/244 
f 294/480/244 292/472/244 299/482/244 
f 298/479/244 299/482/244 300/483/244 
s off
f 203/484/245 206/485/245 301/486/245 231/487/245 
f 197/322/246 302/488/246 205/332/246 198/323/246 
f 240/389/247 239/388/247 281/445/247 280/444/247 
f 236/385/248 253/489/248 252/408/248 237/386/248 
f 275/490/249 274/491/249 279/443/249 278/442/249 
s 4
f 254/407/250 251/406/250 250/405/250 299/482/250 
f 249/399/250 303/492/250 299/482/250 250/405/250 
f 254/407/250 299/482/250 292/472/250 
s off
f 290/493/251 304/494/251 305/495/251 291/470/251 
f 303/492/252 249/399/252 248/398/252 
f 202/329/253 306/496/253 302/497/253 197/325/253 
f 291/470/254 305/495/254 271/498/254 270/471/254 
f 304/499/255 290/469/255 267/428/255 232/427/255 
f 304/499/256 232/427/256 231/487/256 301/486/256 
s 16
f 282/447/257 258/464/258 257/411/258 283/448/258 
f 220/419/257 219/358/258 223/364/257 192/317/258 
f 223/364/257 193/318/259 192/317/258 
f 285/454/260 287/458/261 289/466/257 245/394/257 
f 289/466/257 241/390/257 245/394/257 
f 192/317/258 285/454/260 245/394/257 201/328/257 
f 245/394/257 306/500/257 202/329/257 201/328/257 
f 220/419/257 192/317/258 201/328/257 257/411/258 
f 201/328/257 213/343/258 212/342/257 283/448/258 
f 212/342/257 284/460/257 283/448/258 
f 257/411/258 201/328/257 283/448/258 
s off
f 295/501/262 298/479/262 300/502/262 
f 296/503/263 244/393/263 243/392/263 297/504/263 
s 8
f 236/385/264 240/389/265 280/444/266 247/397/264 
f 280/444/266 279/443/266 274/491/266 268/430/266 
f 274/491/266 273/435/267 268/430/266 
f 271/433/264 305/495/266 304/494/264 206/485/264 
f 304/494/264 301/486/268 206/485/264 
f 206/485/264 205/332/269 302/488/264 245/394/264 
f 302/488/264 306/496/264 245/394/264 
f 245/394/264 244/393/269 296/503/264 295/475/264 
f 206/485/264 245/394/264 295/475/264 271/433/264 
f 268/430/266 271/433/264 295/475/264 247/397/264 
f 295/475/264 300/502/264 299/482/264 248/398/264 
f 299/482/264 303/492/264 248/398/264 
f 295/475/264 248/398/264 247/397/264 
f 280/444/266 268/430/266 247/397/264 
f 236/385/264 247/397/264 253/403/264 
s off
f 263/422/270 262/421/270 293/505/270 
s 64
f 293/505/271 294/474/271 265/481/271 263/422/271 
# 87 polygons - 56 triangles

#
# object default_Part_6
#

v  -0.5130 6.4334 0.6037
v  -0.4687 6.4334 0.5014
v  -0.4969 6.4361 0.4747
v  -0.5009 6.8101 0.4232
v  -0.5000 6.4460 0.4243
v  -0.4970 6.8444 0.4744
v  -0.4686 6.8513 0.5012
v  -0.4332 6.4342 0.6088
v  -0.4332 6.4344 0.5004
v  -0.5133 6.4129 0.6223
v  -0.4332 6.4170 0.6257
v  -0.5301 6.4170 0.6054
v  -0.5272 6.4332 0.4218
v  -0.5325 6.4131 0.4218
v  -0.6378 6.8664 0.4218
v  -0.6438 6.8689 0.4217
v  -0.7122 6.2139 -0.5524
v  -0.7124 5.7478 -0.5516
v  -0.7119 5.6633 -0.2737
v  -0.7119 6.4110 -0.2714
v  -0.5322 5.8857 0.4236
v  -0.5305 6.0893 0.6040
v  -0.7790 6.4548 -0.2489
v  -0.7786 5.6229 -0.2493
v  -0.7798 5.5103 0.1181
v  -0.7786 6.8586 0.3268
v  -0.4332 6.9324 0.6378
v  -0.4332 6.9227 0.6239
v  -0.3327 5.9424 -0.5738
v  -0.3327 5.9665 -0.5739
v  -0.3327 5.9457 -0.5849
v  -0.7794 5.5066 0.1310
v  -0.7791 5.4473 0.3259
v  -0.7789 5.5327 0.4021
v  -0.7784 6.9116 0.4025
v  -0.7785 6.8614 0.3308
v  -0.1654 6.8673 0.7937
v  -0.1652 6.7881 0.7937
v  -0.1440 6.8165 0.7937
v  -0.1632 6.8651 0.7937
v  -0.4333 6.8360 0.5003
v  -0.7600 6.4324 -0.2696
v  -0.7614 5.6383 -0.2719
v  -0.6915 5.7635 -0.5692
v  -0.6922 6.1945 -0.5681
v  -0.3627 6.0529 -0.5734
v  -0.4333 6.2435 0.6261
v  -0.4324 6.3064 0.6814
v  -0.4326 6.9623 0.6808
v  -0.4180 6.3450 0.6988
v  -0.4179 6.9688 0.6989
v  -0.7609 5.5776 0.4209
v  -0.7603 6.9174 0.4215
v  -0.1905 6.6489 0.6992
v  -0.1902 6.8738 0.6992
v  -0.0262 5.9552 -0.1190
v  -0.1686 6.8610 0.6938
v  -0.1893 6.8837 0.7138
v  -0.0249 6.3944 0.1145
v  -0.7405 6.9093 0.4217
v  -0.1858 6.8859 0.7750
v  0.0189 6.2850 0.1227
v  -0.5137 6.1320 0.6222
v  -0.1856 6.7404 0.7752
v  -0.6850 5.6797 0.4218
# 65 vertices

vn 0.0671 0.9973 0.0290
vn -0.9976 -0.0012 0.0686
vn -0.6863 0.0004 0.7273
vn -0.0158 0.9999 -0.0024
vn -0.0597 0.6852 0.7259
vn -0.4997 0.5859 0.6380
vn -0.1894 0.9803 0.0554
vn -0.8513 0.5237 0.0328
vn -0.0003 0.0000 1.0000
vn -1.0000 0.0002 0.0015
vn -0.9999 0.0001 0.0111
vn -1.0000 0.0004 -0.0009
vn -1.0000 0.0000 -0.0000
vn -1.0000 0.0009 0.0029
vn -1.0000 0.0004 0.0019
vn -0.0006 0.0001 1.0000
vn -1.0000 -0.0002 0.0007
vn -0.0248 -0.0021 0.9997
vn -0.9996 -0.0034 0.0277
vn -0.0372 0.0030 -0.9993
vn -0.0143 0.0024 -0.9999
vn -0.0165 -0.0007 -0.9999
vn 0.0263 0.0004 0.9997
vn -0.6321 -0.0001 -0.7749
vn -0.9999 -0.0001 0.0146
vn -0.9999 -0.0003 0.0140
vn -0.7737 0.0002 0.6336
vn -0.7667 0.0016 -0.6420
vn -0.7239 0.0001 0.6899
vn -0.0015 -0.0001 1.0000
vn 0.4276 -0.8647 -0.2636
vn 0.4280 -0.8645 -0.2636
vn 0.3247 0.7742 -0.5433
vn 0.3233 0.7746 -0.5436
vn 0.3240 0.7744 -0.5434
vn 0.3240 0.7744 -0.5435
vn 0.3229 0.7747 -0.5436
vn 0.3238 0.7740 -0.5441
vn 0.7065 0.7045 -0.0673
vn 0.7065 0.7046 -0.0673
vn 0.7064 0.7046 -0.0673
vn 0.7065 0.7045 -0.0674
vn 0.9281 0.3667 -0.0652
vn -0.7220 -0.0007 0.6919
vn -0.0456 0.0007 0.9990
vn -0.9983 0.0015 0.0581
vn -0.9977 -0.0014 0.0672
vn -0.6734 -0.0003 0.7393
vn -0.0170 0.0035 0.9998
vn -0.0106 -0.0004 0.9999
vn 0.6649 -0.4985 0.5562
vn 0.7993 0.2803 -0.5316
# 52 vertex normals

vt 0.3632 -0.1248 3.4022
vt 0.3750 -0.0189 3.4022
vt 0.3675 0.0088 3.4034
vt 0.9380 3.5721 0.3664
vt 0.9391 3.4079 0.3666
vt 0.9912 3.4034 0.3675
vt 0.9909 3.5876 0.3674
vt 0.3674 3.5876 0.0091
vt 0.3675 3.4034 0.0088
vt 0.3750 3.4022 -0.0189
vt 0.3750 3.5907 -0.0186
vt 0.3845 -0.1300 3.4025
vt 0.3845 -0.0178 3.4026
vt 0.3632 3.4022 -0.1248
vt 0.3631 3.3929 -0.1440
vt 0.3845 3.3948 -0.1475
vt 0.3845 3.4025 -0.1300
vt 0.3586 3.3947 -0.1265
vt 0.3594 0.0635 3.4021
vt 0.3666 0.0609 3.4079
vt 0.3580 0.0635 3.3930
vt 0.3586 -0.1265 3.3947
vt 0.3580 3.3930 0.0635
vt 0.3594 3.4021 0.0635
vt 0.3299 3.5975 0.0635
vt 0.3283 3.5986 0.0635
vt -0.0717 3.3031 0.3100
vt -0.0708 3.0929 0.3100
vt 0.2168 3.0548 0.3101
vt 0.2192 3.3920 0.3101
vt 0.9365 3.3930 0.3580
vt 0.9384 3.1551 0.3581
vt 1.1251 3.2469 0.3585
vt 1.1265 3.3947 0.3586
vt 0.2424 3.4118 0.2922
vt 0.2420 3.0365 0.2923
vt 0.6222 2.9858 0.2920
vt 0.8382 3.5940 0.2923
vt 1.1300 3.4025 0.3845
vt 1.1475 3.3948 0.3845
vt 1.1600 3.6273 0.3845
vt 1.1457 3.6229 0.3845
vt -0.0939 3.1806 0.4113
vt -0.0939 3.1915 0.4113
vt -0.1053 3.1822 0.4113
vt 0.6356 2.9841 0.2921
vt 0.8372 2.9573 0.2922
vt 0.9162 2.9958 0.2923
vt 0.9165 3.6179 0.2924
vt 0.8423 3.5952 0.2924
vt 0.4559 3.5979 -0.3214
vt 0.4559 3.5622 -0.3214
vt 0.4616 3.5750 -0.3214
vt 0.4565 3.5969 -0.3214
vt 1.0178 3.5838 0.3844
vt 1.0178 3.4026 0.3845
vt 0.3664 3.5721 0.0620
vt 0.3666 3.4079 0.0609
vt 0.7027 3.4017 0.7790
vt 0.6899 3.3920 0.7808
vt 0.6899 3.0548 0.7832
vt 0.7031 3.0435 0.7814
vt 0.5887 3.1806 1.0939
vt 0.6844 3.1000 1.0891
vt 0.6846 3.2944 1.0879
vt 0.5887 3.1915 1.0939
vt 0.5967 3.2305 1.0934
vt 0.3844 3.5838 -0.0178
vt 0.3845 3.4026 -0.0178
vt 0.6900 3.0929 1.0708
vt 0.6900 3.3031 1.0717
vt 1.1479 3.3165 0.3844
vt 1.2051 3.3449 0.3847
vt 1.2045 3.6408 0.3846
vt 0.3846 3.6408 -0.2045
vt 0.3847 3.3449 -0.2051
vt 0.3885 3.3623 -0.2231
vt 0.3885 3.6437 -0.2233
vt 0.7077 3.0365 0.7580
vt 0.7078 3.4118 0.7576
vt 0.2924 3.6179 0.0835
vt 0.2923 2.9958 0.0838
vt 0.2971 3.0161 0.0644
vt 0.2972 3.6205 0.0638
vt 0.4492 3.4994 -0.2236
vt 0.4493 3.6008 -0.2236
vt 0.5418 3.1822 1.0584
vt 0.3551 3.1864 0.4937
vt 0.3888 2.9573 0.1424
vt 1.2150 3.5950 0.4515
vt 1.2387 3.6053 0.4495
vt 0.6960 3.3845 0.5650
vt -0.0288 3.2305 0.4679
vt 0.3025 3.6168 0.0636
vt 0.6090 3.5950 -0.0751
vt 0.6134 3.6053 -0.0939
vt 1.3021 3.6063 0.4505
vt 0.3853 3.3352 0.2728
vt 0.3630 3.2662 -0.1439
vt 0.3585 3.2469 -0.1251
vt 0.3844 3.3165 -0.1479
vt 1.2236 3.6008 0.4493
vt 1.2236 3.4994 0.4492
vt 1.3023 3.5407 0.4505
vt 0.4505 3.6063 -0.3021
vt 0.4505 3.5407 -0.3023
vt 0.3173 3.0622 0.0635
vt 0.3581 3.1551 0.0616
vt 0.4172 3.1864 0.5144
# 109 texture coords

g default_Part_6
usemtl 07___Default
s off
f 307/506/272 308/507/272 309/508/272 
f 310/509/273 311/510/273 309/511/273 312/512/273 
f 312/513/274 309/514/274 308/515/274 313/516/274 
f 308/507/275 307/506/275 314/517/275 315/518/275 
f 307/519/276 316/520/276 317/521/276 314/522/276 
f 316/520/277 307/519/277 318/523/277 
f 319/524/278 307/506/278 309/508/278 311/525/278 
f 320/526/279 318/527/279 307/506/279 319/524/279 
f 320/528/280 319/529/280 321/530/280 322/531/280 
f 323/532/281 324/533/281 325/534/281 326/535/281 
f 320/536/282 327/537/282 328/538/282 318/539/282 
f 329/540/283 330/541/283 331/542/283 332/543/283 
f 314/544/284 317/545/284 333/546/284 334/547/284 
f 335/548/285 336/549/285 337/550/285 
f 338/551/286 339/552/286 340/553/286 341/554/286 
f 338/551/286 341/554/286 342/555/286 
f 343/556/287 344/557/287 345/558/287 346/559/287 
f 314/544/288 334/547/288 347/560/288 315/561/288 
f 310/562/289 321/530/289 319/529/289 311/563/289 
f 332/543/290 331/542/290 338/551/290 342/555/290 
f 348/564/291 326/565/291 325/566/291 349/567/291 
f 335/568/292 350/569/292 351/570/292 336/571/292 
f 351/570/293 352/572/293 336/571/293 
f 347/573/294 313/516/294 308/515/294 315/574/294 
f 324/575/295 323/576/295 351/570/295 350/569/295 
f 333/546/296 317/545/296 353/577/296 354/578/296 
f 333/546/297 354/578/297 355/579/297 
f 355/580/298 354/581/298 356/582/298 357/583/298 
f 330/584/299 329/585/299 348/564/299 349/567/299 
f 341/586/300 340/587/300 358/588/300 359/589/300 
f 357/583/301 356/582/301 360/590/301 361/591/301 
s 1
f 330/541/302 349/567/302 325/566/302 338/551/302 
f 325/566/302 324/533/302 350/569/302 335/568/302 
f 335/568/302 337/592/302 362/593/302 338/551/302 
f 362/593/302 339/594/302 338/551/302 
f 325/566/302 335/568/302 338/551/302 
f 330/541/302 338/551/302 331/542/303 
s 2
f 334/547/304 333/546/305 355/579/306 347/573/306 
f 355/579/306 357/583/307 361/591/307 363/595/306 
f 361/591/307 364/596/306 363/595/306 
f 363/595/306 365/597/306 352/598/306 323/576/306 
f 352/598/306 351/570/306 323/576/306 
f 363/595/306 323/576/306 326/535/306 310/562/306 
f 326/535/306 348/564/306 329/585/306 342/555/306 
f 329/585/306 332/543/308 342/555/306 
f 342/555/306 341/554/306 359/589/306 322/531/306 
f 359/589/306 366/599/309 322/531/306 
f 326/535/306 342/555/306 322/531/306 321/530/306 
f 326/535/306 321/530/306 310/562/306 
f 310/562/306 312/512/306 313/516/306 347/573/306 
f 363/595/306 310/562/306 347/573/306 355/579/306 
s 4
f 346/559/310 363/600/311 364/601/311 367/602/312 
f 346/559/310 367/602/312 343/556/313 
s 8
f 345/558/314 368/603/314 365/597/314 346/559/314 
f 363/595/314 346/559/314 365/597/314 
s off
f 369/604/315 316/520/315 318/523/315 328/605/315 
f 353/606/316 317/521/316 316/520/316 369/604/316 
f 367/602/317 364/596/317 361/607/317 360/608/317 
f 367/602/318 360/608/318 370/609/318 
f 344/557/319 343/556/319 367/610/319 370/611/319 
f 320/528/280 322/531/280 366/599/280 371/612/280 
f 320/528/320 371/612/320 327/613/320 
f 371/612/321 366/599/321 359/589/321 358/588/321 
s 16
f 368/603/322 345/558/322 344/557/322 360/608/322 
f 344/557/322 370/611/322 360/608/322 
f 360/608/322 356/582/322 354/581/322 353/577/322 
f 368/603/322 360/608/322 353/577/322 327/537/322 
f 353/577/322 369/604/322 328/605/322 327/537/322 
f 371/612/322 358/588/322 340/587/322 327/537/322 
f 368/603/322 327/537/322 340/587/322 339/552/322 
f 368/603/322 339/552/322 362/614/322 
s 32
f 336/549/323 352/572/323 365/597/323 362/614/323 
f 365/597/323 368/603/323 362/614/323 
f 336/549/323 362/614/323 337/592/323 
# 52 polygons - 22 triangles

#
# object default_Part_7
#

v  0.7641 4.5859 -0.2682
v  0.7640 5.6789 -0.2681
v  0.8129 5.6517 -0.2657
v  0.8141 4.5910 -0.2653
v  0.0839 4.5542 -0.8131
v  -0.2638 5.8765 -0.8131
v  0.4991 5.6513 -0.8131
v  0.3954 4.5868 -0.8131
v  -0.1116 4.5042 -0.4062
v  -0.0458 4.5406 -0.8131
v  0.5424 4.6022 -0.8131
v  0.5662 4.6034 -0.7955
v  0.5686 4.5875 -0.5728
v  0.7457 4.6060 -0.5721
v  0.7641 4.6066 -0.5536
v  0.8318 4.5913 -0.2447
v  0.8318 4.5825 -0.1223
v  -0.7782 4.8729 -0.2497
v  -0.7786 5.6229 -0.2493
v  -0.7614 5.6383 -0.2719
v  -0.7628 4.8520 -0.2742
v  -0.7119 4.8288 -0.2763
v  -0.7119 5.6633 -0.2737
v  -0.7124 5.7478 -0.5516
v  -0.7129 4.7178 -0.5497
v  -0.7126 4.7084 -0.4835
v  -0.7802 5.0461 0.0462
v  -0.7798 5.5103 0.1181
v  -0.7797 5.0567 0.0647
v  -0.1243 4.5066 -0.3940
v  0.5051 4.6836 0.3759
v  -0.7643 5.2555 0.4173
v  -0.7790 5.2529 0.4021
v  -0.7794 5.5066 0.1310
v  -0.7790 5.2939 0.4021
v  -0.7791 5.4473 0.3260
v  0.5712 5.6816 -0.5728
v  0.7443 5.6306 -0.5724
v  0.5663 5.6361 -0.7918
v  0.5383 5.6397 -0.8131
v  0.8318 5.6382 -0.2433
v  0.8318 5.6290 -0.1768
v  0.8318 4.6382 0.1368
v  0.8318 5.1371 0.0672
v  0.7642 5.6290 -0.5525
v  0.7640 5.6833 -0.2997
v  0.6005 5.7570 -0.1811
v  -0.0261 5.9552 -0.1189
v  -0.3327 5.9424 -0.5738
v  -0.3327 5.9457 -0.5850
v  -0.6915 5.7635 -0.5692
v  0.8318 4.6727 0.2976
v  -0.3334 5.9037 -0.7817
v  -0.3353 4.6202 -0.7183
v  -0.3339 4.5992 -0.5729
v  -0.6898 4.7135 -0.5720
v  -0.3084 4.6250 -0.8131
v  -0.3071 5.8892 -0.8131
v  -0.3332 4.6223 -0.7377
v  -0.3321 4.6295 -0.7910
v  -0.3331 5.9021 -0.7887
v  -0.3332 5.9033 -0.7835
# 62 vertices

vn 0.0539 -0.0000 -0.9985
vn 0.0000 0.0000 -1.0000
vn 0.1039 -0.9920 -0.0718
vn -0.8227 0.0016 -0.5685
vn -1.0000 0.0002 0.0027
vn -1.0000 0.0004 0.0034
vn -0.0383 0.0030 -0.9993
vn -1.0000 0.0003 -0.0047
vn -0.3494 -0.8096 0.4717
vn -0.3492 -0.8097 0.4717
vn -0.9996 -0.0034 0.0277
vn -1.0000 0.0004 0.0019
vn 0.0033 -0.0001 -1.0000
vn 0.9999 -0.0012 -0.0165
vn 0.6014 0.0026 -0.7990
vn 0.7612 0.0008 -0.6485
vn 1.0000 0.0000 -0.0000
vn 1.0000 0.0000 0.0000
vn 1.0000 -0.0000 0.0007
vn 1.0000 0.0001 0.0002
vn 0.4791 0.8695 0.1201
vn -0.7217 0.0001 0.6922
vn -0.4276 0.8647 0.2636
vn -0.4272 0.8648 0.2637
vn -0.4275 0.8647 0.2636
vn 0.2237 0.4331 0.8731
vn -1.0000 0.0013 0.0059
vn -1.0000 0.0009 0.0029
vn 0.0179 -0.9775 0.2101
vn -0.0078 0.0007 -1.0000
vn -0.6721 -0.0001 -0.7405
vn -0.0000 0.0000 -1.0000
vn -0.3033 -0.9435 -0.1332
vn -0.3030 -0.9436 -0.1332
vn -0.6822 0.0007 -0.7312
vn 0.7079 0.0008 -0.7063
vn -0.9943 -0.0038 -0.1069
vn -0.9998 -0.0007 -0.0199
vn 0.2774 0.9394 -0.2015
vn 0.2811 0.9383 -0.2013
vn 0.2772 0.9394 -0.2016
vn -0.0244 -0.0827 -0.9963
vn 0.2772 0.9394 -0.2015
# 43 vertex normals

vt 0.2962 2.5688 0.7776
vt 0.2962 3.0618 0.7774
vt 0.2832 3.0495 0.7749
vt 0.2829 2.5710 0.7746
vt 0.4776 2.5544 1.3415
vt 0.5704 3.1509 1.3415
vt 0.3669 3.0494 1.3415
vt 0.3945 2.5691 1.3415
vt 0.4497 2.1540 1.4131
vt 0.5122 2.5483 1.3415
vt 0.3553 2.5761 1.3415
vt 0.3490 2.5766 1.3232
vt 1.0928 2.5695 0.6516
vt 0.7776 2.5688 0.7038
vt 0.3011 2.5778 1.0920
vt 0.2962 2.5781 1.0729
vt 0.2782 2.5712 0.7532
vt 0.2998 2.5672 0.7434
vt 0.7076 2.6982 0.7584
vt 0.7077 3.0365 0.7580
vt 0.7031 3.0435 0.7814
vt 0.7035 2.6888 0.7838
vt 0.2141 2.6783 0.3101
vt 0.2168 3.0548 0.3101
vt -0.0708 3.0929 0.3100
vt -0.0689 2.6282 0.3099
vt -0.0004 2.6240 0.3099
vt 0.6899 3.0548 0.7832
vt 0.6899 2.6783 0.7859
vt 0.5478 2.7764 0.2919
vt 0.6222 2.9858 0.2920
vt 0.2420 3.0365 0.2923
vt 0.2416 2.6982 0.2924
vt 0.5670 2.7811 0.2920
vt 0.1146 2.6240 0.4249
vt 0.3420 1.4172 2.1483
vt 0.1461 2.5944 0.6180
vt 0.2961 2.8708 0.0681
vt 0.2922 2.8697 0.0839
vt 0.6356 2.9841 0.2921
vt 0.9161 2.8697 0.2922
vt 0.9161 2.8881 0.2922
vt 0.8374 2.9573 0.2922
vt 0.3484 2.5695 1.0928
vt 0.3477 3.0630 1.0928
vt 0.3015 3.0400 1.0923
vt 1.3194 3.0425 0.6510
vt 1.0928 3.0630 0.6523
vt 1.3232 2.5766 0.6510
vt 0.3564 3.0441 1.3415
vt 0.3490 3.0425 1.3194
vt 0.2782 3.0434 0.7518
vt 0.7532 2.5712 0.7218
vt 0.7518 3.0434 0.7218
vt 0.6830 3.0393 0.7218
vt 0.3584 2.5923 0.7218
vt 0.4305 2.8174 0.7218
vt 0.6266 2.5672 0.7218
vt 1.0717 3.0393 0.7038
vt 0.8101 3.0638 0.7038
vt 0.7774 3.0618 0.7038
vt 1.0729 2.5781 0.7038
vt 0.3824 3.0638 0.7693
vt 0.5381 3.0970 0.6042
vt 0.2922 2.8881 0.0839
vt 0.3067 3.1865 0.3395
vt -0.0939 3.1806 0.4113
vt -0.1054 3.1822 0.4113
vt 0.6844 3.1000 1.0891
vt 0.6900 3.0929 1.0708
vt 0.1920 2.6079 0.7218
vt -0.3089 3.1632 0.4111
vt -0.2434 2.5842 0.4106
vt -0.0928 2.5748 0.4109
vt 0.3459 1.4213 2.1458
vt 0.5887 3.1806 1.0939
vt 0.5891 2.5748 1.0928
vt 0.6840 2.6263 1.0919
vt 0.6901 2.6282 1.0689
vt 0.5822 2.5864 1.3415
vt 0.5819 3.1567 1.3415
vt -0.2634 2.5852 0.4111
vt -0.3186 2.5884 0.4114
vt 0.5886 2.5884 1.3186
vt 0.5888 3.1625 1.3162
vt 0.2962 3.0393 1.0717
vt -0.3108 3.1630 0.4111
vt -0.3162 3.1625 0.4112
# 88 texture coords

g default_Part_7
usemtl 07___Default
s off
f 372/615/324 373/616/324 374/617/324 375/618/324 
f 376/619/325 377/620/325 378/621/325 379/622/325 
s 1
f 380/623/326 381/624/326 376/619/326 379/622/326 
f 379/622/326 382/625/326 383/626/326 384/627/326 
f 380/623/326 379/622/326 384/627/326 372/628/326 
f 385/629/326 386/630/326 372/628/326 384/627/326 
f 372/628/326 375/618/326 387/631/326 380/623/326 
f 380/623/326 387/631/326 388/632/326 
s off
f 389/633/327 390/634/327 391/635/327 392/636/327 
f 393/637/328 394/638/328 395/639/328 396/640/328 
f 393/637/329 396/640/329 397/641/329 
f 391/635/330 394/642/330 393/643/330 392/636/330 
f 398/644/331 399/645/331 390/646/331 389/647/331 
s 2
f 400/648/332 398/644/333 389/647/332 393/643/332 
f 389/647/332 392/636/332 393/643/332 
f 393/643/332 397/649/332 401/650/332 400/648/332 
f 401/650/332 402/651/332 403/652/332 400/648/332 
f 400/648/332 403/652/332 404/653/332 
s off
f 400/648/334 405/654/334 399/645/334 398/644/334 
f 405/654/335 400/648/335 404/655/335 406/656/335 
f 405/654/335 406/656/335 407/657/335 
f 384/658/336 408/659/336 409/660/336 385/629/336 
f 410/661/337 408/662/337 384/627/337 383/663/337 
f 411/664/338 410/665/338 383/626/338 382/625/338 
f 412/666/339 387/631/339 375/618/339 374/617/339 
f 387/667/340 412/668/340 413/669/340 414/670/340 
f 413/669/341 415/671/341 414/670/341 
f 387/667/340 414/670/340 388/672/340 
f 416/673/342 417/674/342 373/675/342 386/676/342 
f 386/676/343 373/675/343 372/628/343 
s 4
f 373/616/344 417/677/344 418/678/344 412/668/344 
f 418/678/344 413/669/344 412/668/344 
f 373/616/344 412/668/344 374/617/344 
s off
f 406/679/345 404/653/345 403/652/345 
s 8
f 390/634/346 399/645/347 405/654/346 394/638/346 
f 405/654/346 407/657/346 419/680/346 420/681/346 
f 419/680/346 421/682/348 420/681/346 
f 420/681/346 422/683/346 395/684/346 394/638/346 
f 405/654/346 420/681/346 394/638/346 
f 390/634/346 394/638/346 391/635/346 
s 32
f 415/671/349 413/669/349 418/678/349 407/657/349 
f 418/678/349 419/680/349 407/657/349 
f 407/657/349 406/656/349 403/652/349 415/671/349 
f 415/671/349 403/652/349 402/651/349 423/685/349 
s off
f 424/686/350 425/687/350 426/688/350 421/682/350 
f 420/681/351 421/682/351 426/688/351 
f 414/670/340 415/671/340 423/685/340 
s 128
f 402/651/352 401/650/352 380/689/352 388/632/352 
f 402/651/352 388/632/352 414/670/352 423/685/352 
s off
f 422/683/353 420/690/353 426/691/353 427/692/353 
f 395/684/354 422/683/354 427/692/354 396/693/354 
f 428/694/325 429/695/325 377/620/325 376/619/325 
f 381/624/355 428/694/355 376/619/355 
s 64
f 397/649/356 396/640/356 427/692/356 380/623/356 
f 426/691/356 425/687/357 430/696/356 380/623/356 
f 430/696/356 431/697/356 428/694/356 380/623/356 
f 428/694/356 381/624/356 380/623/356 
f 427/692/356 426/691/356 380/623/356 
f 397/649/356 380/623/356 401/650/356 
s off
f 429/695/358 428/694/358 431/698/358 432/699/358 
f 386/630/359 385/629/359 409/660/359 416/700/359 
f 430/696/360 425/687/360 424/686/360 433/701/360 
f 431/697/361 430/696/361 433/701/361 432/702/361 
f 382/625/355 379/622/355 378/621/355 411/664/355 
s 16
f 433/701/362 424/686/363 421/682/364 418/678/364 
f 421/682/364 419/680/364 418/678/364 
f 418/678/364 417/677/364 416/673/364 408/659/364 
f 416/673/364 409/660/364 408/659/364 
f 408/659/364 410/661/364 411/664/364 377/620/364 
f 411/664/364 378/621/365 377/620/364 
f 418/678/364 408/659/364 377/620/364 433/701/362 
f 432/699/366 433/701/362 377/620/364 429/695/366 
# 48 polygons - 24 triangles

#
# object default_Part_8
#

v  -0.6370 7.0324 -0.4280
v  -0.6617 7.0327 -0.4528
v  -0.6453 7.0334 -0.3948
v  -0.6279 7.0326 -0.4066
v  -0.6921 7.0331 -0.2679
v  -0.6578 7.0413 -0.2679
v  -0.6912 7.0319 -0.4837
v  -0.3325 6.1924 -0.5740
v  -0.3263 6.2077 -0.5733
v  -0.3325 6.1894 -0.5783
v  -0.5022 7.3112 0.4218
v  -0.7530 7.3172 0.4217
v  -0.6378 6.8664 0.4218
v  -0.5009 6.8101 0.4232
v  -0.7592 7.3672 0.2558
v  -0.7575 7.3677 -0.1344
v  -0.7793 7.3470 -0.1822
v  -0.7784 7.3482 0.3208
v  -0.7600 6.4324 -0.2696
v  -0.7585 7.2615 -0.2671
v  -0.7448 7.2499 -0.2676
v  -0.7119 7.0107 -0.2695
v  -0.7119 6.4110 -0.2714
v  -0.6922 6.1945 -0.5681
v  -0.6935 6.9674 -0.5661
v  -0.6575 6.9374 -0.5667
v  -0.3325 6.1825 -0.5740
v  -0.3625 6.0528 -0.5734
v  -0.6279 7.0423 -0.4066
v  -0.6162 7.0326 -0.4067
v  -0.7122 6.2139 -0.5524
v  -0.7119 6.9923 -0.5538
v  -0.4335 7.2860 0.5002
v  -0.4333 6.8360 0.5003
v  -0.4332 6.9227 0.6239
v  -0.4332 7.2458 0.6340
v  -0.6438 6.8689 0.4217
v  -0.7533 7.3172 0.4217
v  -0.7405 6.9093 0.4217
v  -0.7589 7.3174 0.4217
v  -0.7790 6.4548 -0.2489
v  -0.7795 7.2937 -0.2485
v  -0.7784 6.9116 0.4025
v  -0.7603 6.9174 0.4215
v  -0.7601 7.3174 0.4217
v  -0.7782 7.3236 0.4026
v  -0.4332 7.2425 0.6451
v  -0.4332 6.9324 0.6378
v  -0.4326 6.9623 0.6808
v  -0.4327 7.2318 0.6806
v  -0.7782 7.3246 0.3991
v  -0.7785 6.8614 0.3308
v  -0.1893 6.8837 0.7138
v  -0.1902 6.8894 0.6992
v  -0.1902 6.8738 0.6992
v  -0.4178 7.2078 0.6989
v  -0.4309 7.2311 0.6828
v  -0.4179 6.9688 0.6989
v  -0.4686 6.8513 0.5012
v  -0.4970 6.8444 0.4744
v  -0.7786 6.8586 0.3268
v  -0.0249 6.3943 0.1145
v  -0.1686 6.8609 0.6938
v  -0.0052 6.7945 -0.0819
v  -0.0270 6.8804 0.0025
v  -0.7088 7.3824 0.2013
v  -0.6588 7.3975 0.0028
v  -0.6453 7.0661 -0.3947
v  -0.6542 7.1763 -0.2669
v  -0.7362 7.2432 -0.2672
v  -0.7119 7.0122 -0.5291
v  -0.6539 6.9345 -0.5667
v  -0.3231 6.2208 -0.5728
v  -0.7782 7.3247 0.3989
v  -0.6463 7.4057 0.0257
v  -0.6067 7.4153 0.0778
v  -0.4261 7.3734 0.2090
v  -0.6067 7.4166 0.0794
v  -0.2581 6.5702 -0.6169
v  -0.2602 6.5893 -0.5953
v  -0.2642 6.6107 -0.5728
v  -0.6902 7.3908 0.1720
v  -0.4971 7.2954 0.4741
v  -0.4685 7.2867 0.5009
v  -0.6067 7.4152 0.0841
v  -0.2600 6.5325 -0.5983
v  -0.2650 6.4699 -0.5728
# 87 vertices

vn 0.0336 0.9992 -0.0216
vn -0.1243 0.9913 -0.0430
vn -0.0229 0.9997 -0.0056
vn -0.8932 0.3693 -0.2565
vn -0.0039 0.0011 1.0000
vn -0.6964 0.7176 -0.0010
vn -0.0358 0.0030 -0.9994
vn -0.0367 0.0031 -0.9993
vn -0.0165 0.0026 -0.9999
vn -0.0165 -0.0007 -0.9999
vn -0.0071 0.0011 -1.0000
vn -0.5891 -0.0000 -0.8081
vn -1.0000 -0.0002 0.0017
vn -0.0003 0.0000 1.0000
vn -0.7001 0.0017 -0.7141
vn -0.7259 0.0001 0.6878
vn -0.9999 -0.0003 0.0140
vn -0.0106 -0.0004 0.9999
vn -1.0000 0.0004 0.0019
vn -0.9982 0.0015 0.0592
vn -0.7776 0.0003 0.6288
vn -0.7759 0.0000 0.6308
vn -0.0014 -0.0002 1.0000
vn -0.3240 -0.7744 0.5434
vn -0.3228 -0.7747 0.5437
vn -0.3240 -0.7744 0.5435
vn -0.0953 -0.2271 0.9692
vn -0.3275 -0.7734 0.5427
vn -0.3166 -0.7765 0.5449
vn 0.9781 0.0508 0.2017
vn -0.2886 0.9575 -0.0000
vn -0.0001 1.0000 -0.0074
vn -0.5623 0.0003 -0.8270
vn -0.9953 0.0222 -0.0940
vn 0.0052 0.0055 -1.0000
vn 0.0635 0.0166 -0.9978
vn -0.7201 0.6939 -0.0008
vn 0.0442 0.0291 -0.9986
vn -1.0000 0.0004 0.0008
vn -1.0000 0.0000 -0.0000
vn -1.0000 0.0006 0.0020
vn -1.0000 -0.0004 0.0011
vn 0.5373 0.6567 -0.5293
vn 0.5373 0.6566 -0.5293
vn 0.5376 0.6571 -0.5284
vn 0.5373 0.6567 -0.5292
vn 0.5371 0.6564 -0.5299
vn -0.4796 0.8758 -0.0544
vn -0.9962 -0.0013 0.0866
vn -0.6842 0.0004 0.7293
vn -0.9996 -0.0034 0.0277
vn -1.0000 0.0023 -0.0030
vn 0.0214 0.0004 0.9998
vn -0.2607 0.9652 0.0201
vn 0.8001 0.5723 0.1799
vn 0.0227 0.9574 0.2877
vn 0.0227 0.9574 0.2878
vn 0.0230 0.9574 0.2877
vn 0.0226 0.9574 0.2877
vn 0.0227 0.9574 0.2879
vn 0.0226 0.9574 0.2878
vn 0.0228 0.9574 0.2878
vn 0.0291 0.9573 0.2877
vn 0.0227 0.9575 0.2877
vn 0.0224 0.9472 0.3198
vn 0.0203 0.8753 0.4831
vn -0.9837 0.0058 -0.1800
vn -0.0134 0.0020 -0.9999
vn -1.0000 0.0009 0.0028
vn -0.9954 0.0013 -0.0958
vn 0.9148 -0.2134 -0.3431
vn 0.9148 -0.2134 -0.3428
# 72 vertex normals

vt 0.3301 0.9429 3.6724
vt 0.3235 0.9685 3.6725
vt 0.3279 0.9085 3.6728
vt 0.3325 0.9207 3.6725
vt 0.3154 0.7772 3.6727
vt 0.3245 0.7772 3.6764
vt 0.3156 1.0006 3.6721
vt 0.5887 3.2934 1.0940
vt 0.5870 3.3003 1.0933
vt 0.5887 3.2921 1.0985
vt 0.3661 3.7982 0.0635
vt 0.2992 3.8009 0.0636
vt 0.3299 3.5975 0.0635
vt 0.3664 3.5721 0.0620
vt 0.2975 0.2352 3.8234
vt 0.2980 0.6391 3.8236
vt 0.2921 0.6885 3.8143
vt 0.2924 0.1681 3.8148
vt 0.7027 3.4017 0.7790
vt 0.7023 3.7757 0.7764
vt 0.6986 3.7705 0.7770
vt 0.6899 3.6626 0.7789
vt 0.6899 3.3920 0.7808
vt 0.6846 3.2944 1.0879
vt 0.6850 3.6431 1.0858
vt 0.6754 3.6295 1.0865
vt 0.5887 3.2890 1.0940
vt 0.5967 3.2305 1.0934
vt 0.6675 3.6725 0.9207
vt 0.6675 3.6768 0.9207
vt 0.6643 3.6725 0.9208
vt 0.6900 3.3031 1.0717
vt 0.6899 3.6543 1.0731
vt 1.0177 3.7868 0.3844
vt 1.0178 3.5838 0.3844
vt 1.1457 3.6229 0.3845
vt 1.1561 3.7687 0.3845
vt 0.3283 3.5986 0.0635
vt 0.2991 3.8009 0.0636
vt 0.3025 3.6168 0.0636
vt 0.2976 3.8009 0.0636
vt 0.7078 3.4118 0.7576
vt 0.7079 3.7903 0.7571
vt 0.2924 3.6179 0.0835
vt 0.2972 3.6205 0.0638
vt 0.2973 3.8009 0.0636
vt 0.2924 3.8037 0.0834
vt 1.1676 3.7672 0.3845
vt 1.1600 3.6273 0.3845
vt 1.2045 3.6408 0.3846
vt 1.2043 3.7623 0.3846
vt 0.9165 3.6179 0.2924
vt 0.9166 3.8037 0.2924
vt 0.9130 3.8042 0.2924
vt 0.8423 3.5952 0.2924
vt 1.2387 3.6053 0.4495
vt 1.2236 3.6079 0.4493
vt 1.2236 3.6008 0.4493
vt 0.3886 3.7515 -0.2233
vt 0.3851 3.7620 -0.2066
vt 0.3846 3.7623 -0.2043
vt 0.3846 3.6408 -0.2045
vt 0.3885 3.6437 -0.2233
vt 0.4493 3.6079 -0.2236
vt 0.4493 3.6008 -0.2236
vt 0.3750 3.5907 -0.0186
vt 0.3674 3.5876 0.0091
vt 0.9380 3.5721 0.3664
vt 0.8382 3.5940 0.2923
vt 0.2424 3.4118 0.2922
vt -0.0717 3.3031 0.3100
vt 0.4166 3.3845 0.3330
vt 0.6063 3.5950 -0.0763
vt 0.6132 3.6053 -0.0940
vt 0.4179 3.3845 0.3329
vt 0.5306 3.5650 0.6487
vt 0.5403 3.6038 0.5698
vt 0.6095 3.5950 -0.0765
vt 0.3110 0.2917 3.8303
vt 0.3243 0.4971 3.8371
vt 0.3357 0.9208 3.6725
vt 0.6721 3.6728 0.9085
vt 0.6721 3.6876 0.9085
vt 0.2228 3.6764 0.3245
vt 0.2238 3.7373 0.3255
vt 0.0915 3.6876 0.3279
vt 0.0915 3.6728 0.3279
vt 0.6846 3.6727 0.7772
vt 0.6963 3.7675 0.7765
vt 0.6745 3.7373 0.7762
vt 0.6755 3.6764 0.7772
vt 0.3101 1.0476 3.6633
vt 0.3101 0.7789 3.6626
vt 0.6744 3.6282 1.0864
vt 0.5862 3.3062 1.0928
vt -0.0476 3.6633 0.3101
vt -0.0731 3.6543 0.3101
vt 0.2192 3.3920 0.3101
vt 0.2211 3.6626 0.3101
vt 0.9128 3.8042 0.2924
vt 0.8319 3.8148 0.2924
vt 0.3115 3.8143 0.2921
vt 0.2429 3.7903 0.2921
vt 0.3276 0.4734 3.8408
vt 0.3382 0.4195 3.8451
vt 0.7281 3.8262 0.4104
vt 0.3417 0.4451 3.8196
vt 0.5293 3.4639 1.0989
vt -0.1160 3.4725 0.4306
vt -0.0928 3.4821 0.4295
vt 0.3159 0.3220 3.8340
vt 0.9909 3.5876 0.3674
vt 0.9906 3.7910 0.3674
vt 0.9365 3.7982 0.3661
vt 0.3750 3.7871 -0.0184
vt 0.3674 3.7910 0.0094
vt 0.5822 3.8457 0.3382
vt 0.5805 3.8451 0.3382
vt 0.5870 3.8451 0.3382
vt 0.3844 3.7868 -0.0177
vt 0.3844 3.5838 -0.0178
vt 0.3382 0.4130 3.8451
vt 1.1049 3.7620 0.3105
vt 0.7227 3.8262 0.4181
vt -0.1192 3.4468 0.4307
vt -0.0928 3.4186 0.4293
vt 0.5705 3.4821 1.0928
vt 0.5707 3.4186 1.0928
vt -0.0940 3.2890 0.4113
vt -0.0940 3.2934 0.4113
vt -0.0985 3.2921 0.4113
vt -0.1384 3.4639 0.4312
# 132 texture coords

g default_Part_8
usemtl 07___Default
s off
f 434/703/367 435/704/367 436/705/367 437/706/367 
f 438/707/368 439/708/368 436/705/368 435/704/368 
f 438/707/369 435/704/369 440/709/369 
f 441/710/370 442/711/370 443/712/370 
f 444/713/371 445/714/371 446/715/371 447/716/371 
f 448/717/372 449/718/372 450/719/372 451/720/372 
f 452/721/373 453/722/373 454/723/373 455/724/373 
f 452/721/374 455/724/374 456/725/374 
f 457/726/375 458/727/375 459/728/375 441/710/375 
f 457/726/376 441/710/376 460/729/376 461/730/376 
f 437/731/377 462/732/377 463/733/377 
f 458/727/378 457/726/378 464/734/378 465/735/378 
f 466/736/379 467/737/379 468/738/379 469/739/379 
f 470/740/380 446/715/380 445/714/380 471/741/380 
f 472/742/380 470/740/380 471/741/380 473/743/380 
f 453/722/381 452/721/381 474/744/381 475/745/381 
f 476/746/382 477/747/382 478/748/382 479/749/382 
f 480/750/383 481/751/383 482/752/383 483/753/383 
f 477/747/384 472/742/384 473/743/384 478/748/384 
f 476/754/385 479/755/385 484/756/385 485/757/385 
f 486/758/386 487/759/386 488/760/386 
f 489/761/387 490/762/387 483/763/387 482/764/387 
f 489/761/388 482/764/388 491/765/388 
f 487/766/389 489/761/389 491/765/389 488/767/389 
s 1
f 482/764/390 481/751/391 468/738/390 488/760/390 
f 467/737/390 492/768/390 493/769/390 447/770/390 
f 446/715/392 470/740/393 472/742/390 476/746/390 
f 472/742/390 477/747/390 476/746/390 
f 447/770/390 446/715/392 476/746/390 456/725/390 
f 485/757/394 494/771/395 474/772/390 476/746/390 
f 474/772/390 452/721/390 456/725/390 476/746/390 
f 456/725/390 464/773/390 457/726/390 495/774/390 
f 457/726/390 461/730/390 495/774/390 
f 495/774/390 496/775/390 486/776/390 488/760/390 
f 456/725/390 495/774/390 488/760/390 447/770/390 
f 467/737/390 447/770/390 488/760/390 468/738/390 
f 482/764/390 488/760/390 491/765/390 
s 8
f 495/777/396 497/778/396 498/779/396 496/780/396 
s off
f 449/718/397 448/717/397 499/781/397 500/782/397 
f 434/703/398 437/706/398 463/783/398 
f 436/784/399 501/785/399 462/732/399 437/731/399 
f 439/786/400 502/787/400 501/788/400 436/789/400 
f 438/790/401 503/791/401 502/792/401 439/793/401 
f 455/724/402 454/723/402 503/791/402 438/790/402 
f 440/709/403 504/794/403 455/795/403 438/707/403 
f 441/710/404 459/728/404 505/796/404 506/797/404 
f 441/710/404 506/797/404 442/711/404 
f 504/798/405 465/799/405 464/773/405 456/800/405 
f 504/798/406 456/800/406 455/801/406 
f 494/771/407 507/802/407 451/803/407 450/804/407 
f 450/804/408 475/805/408 474/772/408 494/771/408 
s 16
f 463/783/409 462/732/409 501/785/409 502/787/410 
f 503/791/411 454/723/412 453/722/409 502/787/410 
f 453/722/409 475/745/410 450/804/410 500/782/410 
f 450/804/410 449/718/410 500/782/410 
f 502/787/410 453/722/409 500/782/410 463/783/409 
f 500/782/410 508/806/410 509/807/410 510/808/410 
f 509/807/410 511/809/410 510/808/410 
f 510/808/410 498/779/410 497/778/410 500/782/410 
f 463/783/409 500/782/410 497/778/410 434/703/410 
f 497/778/410 512/810/410 513/811/410 514/812/410 
f 497/778/410 514/812/410 505/796/410 434/703/410 
f 505/796/410 459/728/413 458/727/409 504/798/410 
f 458/727/409 465/735/409 504/798/410 
f 504/798/410 440/709/410 435/704/409 434/703/410 
f 505/796/410 504/798/410 434/703/410 
s off
f 515/813/414 508/806/414 500/782/414 499/781/414 
f 493/814/415 516/815/415 444/816/415 447/770/415 
f 517/817/416 516/818/416 493/769/416 492/768/416 
f 507/802/417 494/771/417 485/757/417 484/756/417 
f 511/819/418 509/820/418 518/821/418 
f 481/751/406 480/750/406 469/739/406 468/738/406 
f 466/822/419 517/817/419 492/768/419 467/823/419 
f 508/806/420 515/813/420 518/824/420 509/807/420 
s 4
f 487/766/421 486/776/421 496/780/421 490/825/421 
f 498/779/421 510/826/421 490/825/421 496/780/421 
f 487/766/421 490/825/421 489/761/421 
s 32
f 444/713/422 516/815/423 517/817/422 466/822/422 
f 469/739/422 480/750/424 483/753/425 466/822/422 
f 483/753/425 490/762/425 510/826/422 466/822/422 
f 444/713/422 466/822/422 510/826/422 445/714/426 
f 510/826/422 511/809/427 518/821/423 451/720/422 
f 518/821/423 515/813/428 499/781/422 451/720/422 
f 499/781/422 448/717/422 451/720/422 
f 451/720/422 507/802/429 484/756/422 478/748/426 
f 484/756/422 479/755/430 478/748/426 
f 478/748/426 473/743/431 471/741/432 445/714/426 
f 451/720/422 478/748/426 445/714/426 510/826/422 
s off
f 514/812/433 513/811/433 519/827/433 520/828/433 
f 506/797/434 505/796/434 514/829/434 520/830/434 
f 460/831/435 441/832/435 443/833/435 
f 519/827/436 513/811/436 512/834/436 
s 2
f 519/827/437 512/834/437 497/778/437 520/830/437 
f 497/778/437 495/777/437 461/730/437 460/729/437 
f 460/729/437 443/833/437 442/711/438 506/797/437 
f 497/778/437 460/729/437 506/797/437 520/830/437 
# 74 polygons - 22 triangles

#
# object default_Part_9
#

v  -0.4645 10.0005 0.4678
v  0.4719 9.9982 0.4736
v  0.4703 10.0005 -0.4703
v  -0.4669 10.0005 -0.4707
v  0.5000 9.6344 -0.0433
v  0.5682 9.6016 -0.0422
v  0.5000 9.6467 -0.1461
v  0.5000 9.9676 -0.4658
v  0.5000 9.9511 -0.4617
v  0.5000 9.9521 -0.4628
v  0.4730 9.9707 -0.4986
v  -0.1358 9.8741 0.5020
v  -0.1336 9.8383 0.5801
v  0.3291 9.8432 0.5800
v  0.3341 9.8825 0.5000
v  -0.1338 9.8168 0.5960
v  -0.1476 9.8268 0.5799
v  -0.1487 9.8599 0.5000
v  -0.1342 8.9341 0.5968
v  -0.0446 8.9099 0.5978
v  0.3284 9.8220 0.5972
v  -0.6264 9.2642 -0.0273
v  -0.6307 9.2931 -0.0402
v  -0.6477 9.2716 -0.0422
v  -0.6464 9.0233 -0.3719
v  -0.6477 9.0405 -0.0421
v  -0.6462 9.3122 -0.3932
v  -0.6280 9.3333 -0.3948
v  -0.6308 9.3206 -0.4041
v  -0.4739 9.9700 -0.4977
v  0.4700 9.9625 -0.4987
v  -0.3000 9.3404 -0.4994
v  -0.3112 9.3314 -0.4994
v  -0.4969 9.9740 -0.4728
v  -0.5000 9.3838 -0.4058
v  -0.4975 9.1550 -0.4727
v  -0.5008 9.0879 -0.4060
v  -0.5000 9.3947 -0.3944
v  -0.5000 9.3528 -0.0367
v  -0.5006 9.3184 -0.0273
v  -0.4977 9.9735 0.4724
v  -0.5002 9.0225 0.3876
v  -0.4995 9.0227 0.3959
v  -0.4986 9.0249 0.4443
v  -0.4995 9.0256 0.4535
v  -0.4679 9.9728 0.4993
v  -0.4279 9.0086 0.4999
v  -0.1510 8.9337 0.5015
v  -0.4410 9.0122 0.4999
v  0.3447 9.8192 0.5791
v  0.3484 9.8563 0.5000
v  0.3456 8.8225 0.5790
v  0.3478 8.9001 0.5004
v  0.4725 9.9713 0.4991
v  0.4305 8.9668 0.5006
v  0.4432 8.9763 0.5014
v  0.4983 9.9738 0.4681
v  0.5000 9.6016 -0.0270
v  0.4992 9.1419 0.3766
v  0.5000 9.5317 -0.0268
v  -0.4975 9.0261 0.4730
v  -0.4681 9.0195 0.4999
v  0.4726 9.0024 0.4990
v  0.4995 9.0544 0.4677
v  0.5000 9.9551 -0.4658
v  0.4730 9.9649 -0.4986
v  -0.6269 9.0356 -0.0274
v  -0.6304 9.0173 -0.4044
v  -0.6461 9.0221 -0.3934
v  -0.5977 9.0084 -0.4048
v  -0.4735 9.1989 -0.4981
v  0.3296 8.8085 0.5972
v  0.3370 8.8061 0.5888
v  0.4703 9.9627 -0.4986
v  0.4723 9.9643 -0.4986
v  0.5554 9.5772 -0.0275
v  0.4992 9.1371 0.3816
v  0.5003 9.0785 0.4433
v  -0.1480 8.9369 0.5793
v  0.0526 8.8835 0.5975
v  -0.6217 9.0342 -0.0273
v  -0.6163 9.0327 -0.0273
v  -0.6465 9.0232 -0.3741
v  -0.5014 9.0016 -0.0273
# 84 vertices

vn 0.0012 1.0000 0.0012
vn 0.4293 0.8967 0.1076
vn 1.0000 0.0000 -0.0000
vn 0.6750 0.5391 -0.5037
vn -0.0118 0.9032 0.4290
vn -0.4519 0.5331 0.7152
vn -0.6710 0.6744 0.3080
vn -0.0105 0.0010 0.9999
vn -0.0076 0.6125 0.7905
vn -0.4760 0.2988 0.8271
vn -1.0000 0.0003 -0.0041
vn -0.7698 0.6347 0.0681
vn -0.6643 0.5324 -0.5246
vn -0.0010 0.0025 -1.0000
vn -0.0004 0.6760 -0.7369
vn -0.0020 0.0022 -1.0000
vn -0.5174 0.6306 -0.5785
vn -0.9991 0.0012 -0.0420
vn -1.0000 0.0048 -0.0046
vn -0.3142 0.6454 -0.6963
vn -0.4231 0.9003 0.1023
vn -0.1552 0.3210 0.9343
vn -0.9966 -0.0047 0.0824
vn -0.6457 0.7636 0.0007
vn -0.9998 0.0134 -0.0119
vn -1.0000 0.0047 -0.0005
vn -0.9951 0.0038 -0.0989
vn -0.4783 0.6844 0.5503
vn -0.0393 -0.1055 0.9936
vn -0.0035 0.0010 1.0000
vn -0.0005 0.0005 1.0000
vn 0.8276 0.4868 0.2795
vn 0.7020 0.4344 0.5643
vn 0.9993 0.0002 0.0373
vn -0.0006 0.7224 0.6915
vn 0.0015 0.0206 0.9998
vn 0.0048 0.0026 1.0000
vn -0.0627 0.0041 0.9980
vn 0.6219 0.5464 0.5610
vn 1.0000 0.0006 0.0028
vn 0.7146 0.6995 -0.0014
vn 1.0000 0.0020 0.0016
vn 1.0000 0.0012 0.0024
vn -0.6720 0.0004 0.7405
vn 0.7630 0.0003 0.6464
vn 0.7724 0.0015 -0.6351
vn -0.5752 0.0007 0.8180
vn -0.5777 0.0002 -0.8163
vn -0.0125 0.0011 -0.9999
vn -0.0131 0.0007 -0.9999
vn -0.7309 0.0002 -0.6825
vn 0.7472 0.0008 0.6646
vn 0.7503 0.0009 0.6611
vn 0.1712 -0.0555 -0.9837
vn 0.0033 0.0004 -1.0000
vn 0.1954 0.4329 0.8800
vn 0.0091 0.0030 1.0000
vn 1.0000 0.0003 0.0014
vn 0.0016 0.0006 -1.0000
vn -0.0083 0.0006 -1.0000
vn 0.0025 0.0009 1.0000
vn 1.0000 0.0005 0.0041
vn 0.9999 0.0026 -0.0158
vn 0.9995 0.0013 0.0327
vn 0.0806 -0.0001 0.9967
vn 0.5032 -0.6220 -0.5999
vn 0.5031 -0.6220 -0.5999
vn 0.5017 -0.6226 -0.6005
vn 0.4992 -0.6237 -0.6015
vn 0.5027 -0.6222 -0.6001
vn 0.5031 -0.6221 -0.5999
vn 0.5047 -0.6239 -0.5966
vn 0.5108 -0.6316 -0.5833
vn 0.4952 -0.6122 -0.6164
vn -0.9996 0.0015 0.0264
vn -0.7736 0.0005 0.6337
vn 0.0012 0.0000 1.0000
vn -0.0016 0.0013 1.0000
vn 0.0015 0.0006 1.0000
vn -0.9998 0.0003 0.0194
vn -0.9949 -0.0002 0.1009
vn -0.0115 -0.0003 0.9999
vn 0.0001 -0.0001 1.0000
vn -0.9979 0.0056 0.0649
vn 0.0000 -0.0001 1.0000
vn -1.0000 0.0025 0.0026
vn -0.9997 -0.0004 -0.0248
vn -0.2605 -0.9642 0.0492
vn -0.2632 -0.9635 0.0491
vn -0.2610 -0.9641 0.0492
vn -0.2610 -0.9642 0.0476
vn -0.2610 -0.9641 0.0487
vn -0.2609 -0.9641 0.0492
vn -0.2611 -0.9641 0.0492
vn -0.2601 -0.9643 0.0492
vn -0.2614 -0.9640 0.0492
vn -0.2610 -0.9640 0.0503
# 97 vertex normals

vt 0.3761 0.0159 5.0113
vt 0.6259 0.0098 5.0103
vt 0.6254 0.9867 5.0113
vt 0.3755 0.9872 5.0113
vt 0.6334 0.5448 4.8462
vt 0.6515 0.5437 4.8314
vt 0.6334 0.6512 4.8517
vt 0.9820 4.9965 0.6334
vt 0.9778 4.9890 0.6334
vt 0.9789 4.9895 0.6334
vt 0.3738 4.9979 1.0160
vt 0.3746 5.0113 0.9867
vt 0.3666 4.9965 0.9820
vt 0.4638 4.9543 -0.0195
vt 0.4644 4.9382 -0.1003
vt 0.5878 4.9403 -0.1003
vt 0.5891 4.9581 -0.0174
vt 0.4643 4.9285 -0.1168
vt 0.4606 4.9330 -0.1001
vt 0.4603 4.9479 -0.0174
vt 0.4642 4.5302 -0.1177
vt 0.4881 4.5193 -0.1187
vt 0.5876 4.9308 -0.1180
vt 0.3329 4.6792 0.5283
vt 0.3318 4.6922 0.5416
vt 0.3273 4.6825 0.5437
vt 0.1151 4.5705 0.3276
vt 0.4565 4.5782 0.3273
vt 0.4563 4.6825 0.3273
vt 0.0931 4.7008 0.3277
vt 0.3277 0.9069 4.7008
vt 0.3273 0.5437 4.6825
vt 0.3318 0.5416 4.6922
vt 0.3325 0.9086 4.7103
vt 0.6723 4.7008 0.9069
vt 0.6675 4.7103 0.9086
vt 0.6682 4.7046 0.9182
vt 0.6264 4.9976 1.0150
vt 0.3746 4.9942 1.0161
vt 0.5800 4.7136 1.0168
vt 0.6245 5.0113 0.9872
vt 0.5830 4.7095 1.0168
vt 0.6325 4.9994 0.9893
vt 0.0801 4.7331 0.3666
vt 0.0107 4.9994 0.3675
vt 0.0108 4.6299 0.3673
vt 0.0799 4.5996 0.3664
vt 0.0918 4.7381 0.3666
vt 0.6334 4.7381 0.9082
vt 0.6334 4.7331 0.9199
vt 0.3666 0.5380 4.7191
vt 0.3666 0.9082 4.7381
vt 0.3665 4.7036 0.5283
vt 0.3666 4.7191 0.5380
vt 0.9889 4.9992 0.3673
vt 0.9011 4.5701 0.3666
vt 0.9097 4.5702 0.3668
vt 0.3675 0.9893 4.9994
vt 0.3673 0.0111 4.9992
vt 0.4620 4.7191 0.3666
vt 0.4717 4.7036 0.3665
vt 0.9598 4.5712 0.3670
vt 0.9693 4.5715 0.3668
vt 0.3752 4.9988 -0.0168
vt 0.3761 5.0113 0.0159
vt 0.3673 4.9992 0.0111
vt 0.3859 4.5639 -0.0173
vt 0.4597 4.5301 -0.0190
vt 0.3824 4.5655 -0.0173
vt 0.5919 4.9295 -0.0993
vt 0.5929 4.9463 -0.0174
vt -0.0993 4.9295 0.5919
vt -0.0992 4.4799 0.5922
vt -0.0178 4.5149 0.5928
vt -0.0174 4.9463 0.5929
vt 0.6260 4.9982 -0.0165
vt 0.6259 5.0103 0.0098
vt 0.6148 4.5450 -0.0181
vt 0.6182 4.5493 -0.0188
vt 0.6329 4.9992 0.0156
vt 0.5280 4.8314 0.6334
vt 0.0156 4.9992 0.6329
vt 0.1102 4.6240 0.6331
vt 0.5278 4.7998 0.6334
vt 0.6329 0.0156 4.9992
vt 0.6334 0.9820 4.9965
vt 0.5448 4.8462 0.6334
vt 0.6512 4.8517 0.6334
vt 0.3673 4.5718 0.0105
vt 0.3752 4.5688 -0.0173
vt 0.6261 4.5611 -0.0164
vt 0.6332 4.5845 0.0160
vt 0.3666 4.9908 0.9820
vt 0.3738 4.9952 1.0160
vt 0.3273 4.5782 0.5435
vt 0.3328 4.5760 0.5283
vt 0.6681 4.5678 0.9185
vt 0.6723 4.5700 0.9071
vt 0.6336 4.5996 0.9201
vt 0.6594 4.5638 0.9190
vt 0.6263 4.6497 1.0155
vt 0.6327 4.6299 0.9892
vt 0.5922 4.4799 -0.0992
vt 0.5879 4.4736 -0.1180
vt 0.5899 4.4725 -0.1093
vt 0.3746 4.9943 1.0160
vt 0.3740 4.9950 1.0160
vt 0.6515 4.8314 0.5437
vt 0.6334 4.8462 0.5448
vt 0.6334 4.8314 0.5280
vt 0.6481 4.8203 0.5284
vt 0.6334 4.7998 0.5278
vt 0.9820 4.9908 0.6334
vt 0.5928 4.5149 -0.0178
vt 0.1051 4.6218 0.6331
vt 0.0412 4.5954 0.6334
vt 0.0160 4.5845 0.6332
vt 0.2713 4.4725 0.2092
vt 1.0190 4.5301 0.4597
vt 1.0995 4.5315 0.4605
vt 1.1001 4.9330 0.4606
vt 1.0174 4.9479 0.4603
vt 0.4605 4.5315 -0.0995
vt 0.5140 4.5074 -0.1184
vt 0.9895 4.5718 0.3673
vt 0.3342 4.5754 0.5283
vt 0.3356 4.5747 0.5283
vt 0.1129 4.5705 0.3276
vt 0.3663 4.5607 0.5283
vt 0.4717 4.5607 0.3663
vt 0.0929 4.5700 0.3277
# 131 texture coords

g default_Part_9
usemtl 07___Default
s off
f 521/835/439 522/836/439 523/837/439 524/838/439 
f 525/839/440 526/840/440 527/841/440 
f 528/842/441 529/843/441 530/844/441 
f 531/845/442 523/846/442 528/847/442 
f 532/848/443 533/849/443 534/850/443 535/851/443 
f 536/852/444 533/849/444 537/853/444 
f 538/854/445 537/853/445 533/849/445 532/848/445 
f 536/852/446 539/855/446 540/856/446 
f 541/857/447 534/850/447 533/849/447 536/852/447 
f 542/858/448 543/859/448 544/860/448 
f 545/861/449 546/862/449 544/863/449 547/864/449 
f 547/865/450 544/866/450 543/867/450 548/868/450 
f 547/869/451 548/870/451 549/871/451 
f 550/872/452 531/845/452 551/873/452 552/874/452 
f 531/845/453 550/872/453 524/875/453 523/846/453 
f 550/872/454 552/874/454 553/876/454 
f 524/875/455 550/872/455 554/877/455 
f 555/878/456 554/879/456 556/880/456 557/881/456 
f 554/879/457 555/878/457 558/882/457 
f 548/870/458 558/883/458 555/884/458 549/871/458 
f 548/868/459 543/867/459 559/885/459 558/886/459 
f 560/887/460 559/888/460 543/859/460 542/858/460 
f 561/889/461 562/890/461 563/891/461 
f 554/892/462 561/893/462 521/835/462 524/838/462 
f 561/889/463 559/894/463 560/895/463 
f 559/894/464 561/889/464 554/879/464 558/882/464 
f 561/889/465 564/896/465 565/897/465 
f 566/898/466 521/899/466 561/900/466 
f 538/854/467 532/848/467 566/898/467 
f 567/901/468 568/902/468 538/854/468 566/898/468 
f 566/898/469 569/903/469 567/901/469 
f 534/850/470 570/904/470 571/905/470 535/851/470 
f 570/904/471 534/850/471 541/857/471 
f 570/906/472 572/907/472 573/908/472 571/909/472 
f 566/898/473 574/910/473 522/911/473 521/899/473 
f 532/848/474 535/851/474 574/910/474 566/898/474 
f 574/910/475 535/851/475 571/905/475 
f 574/910/476 575/912/476 576/913/476 
f 577/914/477 522/911/477 574/910/477 
f 578/915/478 577/916/478 579/917/478 580/918/478 
f 577/919/479 528/920/479 523/837/479 522/836/479 
f 528/842/480 577/916/480 525/921/480 527/922/480 
f 528/842/441 527/922/441 529/843/441 
f 578/915/481 525/921/481 577/916/481 
f 581/923/482 582/924/482 566/898/482 561/900/482 
f 574/910/483 583/925/483 584/926/483 577/914/483 
f 528/847/484 585/927/484 586/928/484 531/845/484 
f 546/929/485 587/930/485 542/858/485 544/860/485 
f 588/931/486 589/932/486 547/869/486 549/871/486 
f 557/933/487 590/934/487 588/931/487 549/871/487 
f 557/933/488 549/871/488 555/884/488 
f 554/877/489 550/872/489 591/935/489 556/936/489 
f 572/937/490 570/904/490 541/857/490 592/938/490 
f 572/937/491 592/938/491 593/939/491 
f 551/873/492 531/845/492 594/940/492 
f 594/940/493 531/845/493 595/941/493 
f 526/942/494 525/943/494 578/944/494 596/945/494 
f 596/945/495 578/944/495 580/946/495 
f 585/947/496 528/842/496 530/844/496 
f 595/941/497 531/845/497 586/928/497 
f 591/935/498 550/872/498 553/876/498 
f 575/912/499 574/910/499 571/905/499 573/948/499 
f 579/917/500 577/916/500 597/949/500 
f 597/949/501 577/916/501 598/950/501 
f 598/950/502 577/916/502 584/951/502 
f 583/925/503 574/910/503 576/913/503 
s 2
f 527/922/504 526/840/505 596/945/505 580/946/506 
f 580/946/506 579/917/507 597/949/505 527/922/504 
f 597/949/505 598/950/508 584/951/505 576/913/505 
f 584/951/505 583/925/505 576/913/505 
f 597/949/505 576/913/505 575/912/505 595/941/509 
f 573/948/505 572/907/509 593/952/505 557/933/505 
f 593/952/505 590/934/505 557/933/505 
f 575/912/505 573/948/505 557/933/505 595/941/509 
f 557/933/505 556/880/505 591/935/505 552/874/505 
f 591/935/505 553/876/510 552/874/505 
f 552/874/505 551/873/511 594/940/512 595/941/509 
f 557/933/505 552/874/505 595/941/509 
f 527/922/504 597/949/505 595/941/509 530/844/504 
f 595/941/509 586/928/509 585/927/509 530/844/504 
f 527/922/504 530/844/504 529/843/441 
s off
f 568/953/513 599/954/513 537/955/513 538/956/513 
f 599/957/514 539/855/514 536/852/514 537/853/514 
f 592/938/515 541/857/515 600/958/515 
f 536/852/516 540/856/516 600/958/516 541/857/516 
f 569/903/517 566/898/517 582/924/517 
f 564/896/518 561/889/518 563/891/518 
f 581/959/519 561/889/519 565/897/519 
f 601/960/520 542/858/520 587/930/520 
f 602/961/521 542/858/521 601/960/521 
f 545/861/522 547/864/522 603/962/522 
f 542/858/523 602/961/523 604/963/523 560/887/523 
f 560/895/524 604/964/524 562/890/524 561/889/524 
f 603/962/525 547/864/525 589/965/525 
s 1
f 545/861/526 603/962/527 589/965/528 587/930/528 
f 589/965/528 588/931/528 590/934/528 592/938/528 
f 590/934/528 593/952/528 592/938/528 
f 600/958/529 540/856/530 539/855/528 592/938/528 
f 539/855/528 599/957/531 568/953/528 592/938/528 
f 569/903/528 582/924/528 581/923/528 567/901/528 
f 568/953/528 567/901/528 581/923/528 604/964/528 
f 581/923/528 565/897/532 564/896/533 563/891/531 
f 563/891/531 562/890/534 604/964/528 581/923/528 
f 592/938/528 568/953/528 604/964/528 589/965/528 
f 602/961/535 601/960/529 587/930/528 604/964/528 
f 589/965/528 604/964/528 587/930/528 
f 545/861/526 587/930/528 546/929/528 
# 57 polygons - 50 triangles

#
# object default_Part_10
#

v  -0.8004 3.5941 0.2969
v  -0.8044 3.5784 0.2827
v  -0.8186 3.5740 0.2929
v  -0.8047 3.1180 0.2824
v  -0.8190 3.1173 0.2939
v  -0.8202 3.5750 0.8981
v  -0.7964 3.5942 0.9001
v  -0.7796 3.6052 0.4017
v  -0.7796 3.6089 0.2931
v  -0.6724 3.6305 0.7833
v  -0.6522 3.6390 0.8097
v  -0.6509 4.1951 0.8090
v  -0.6713 4.1883 0.7862
v  -0.7617 3.6114 0.4201
v  -0.6702 3.6435 0.4251
v  -0.6721 4.1108 0.4240
v  -0.7316 4.1043 0.4207
v  -0.7615 4.1013 0.4203
v  -0.7794 4.0957 0.4018
v  -0.7799 4.0315 0.1016
v  -0.7806 4.0294 0.0920
v  -0.7812 3.5823 0.2797
v  -0.8016 3.5753 0.9161
v  -0.8192 3.1081 0.4146
v  -0.8202 3.2001 0.8984
v  -0.1978 3.7457 0.9146
v  -0.1988 3.7635 0.8966
v  -0.1836 3.7469 0.8975
v  -0.1989 3.2426 0.9149
v  -0.8013 3.2047 0.9163
v  -0.2006 3.7670 0.8112
v  -0.1771 3.7486 0.8112
v  -0.7810 3.1181 0.2792
v  -0.1169 4.2473 0.8109
v  -0.1341 4.2456 0.8109
v  -0.1834 3.2402 0.8973
v  -0.1778 3.2265 0.8230
v  -0.0016 4.2584 0.8104
v  -0.1757 3.2243 0.8112
v  -0.0011 3.2352 0.8103
v  0.2429 3.6710 0.7951
v  0.2423 3.3776 0.7950
v  0.2440 3.3466 0.8299
v  0.2438 3.8607 0.8295
v  0.2611 3.3678 0.8477
v  0.2610 3.8616 0.8475
v  0.0208 3.2335 0.7938
v  0.0204 4.2570 0.7938
v  -0.1914 3.1164 0.2494
v  0.0014 3.1682 0.4572
v  0.1833 3.2439 0.7946
v  -0.9118 3.6281 -0.0664
v  -0.9118 3.6498 -0.0664
v  -0.9118 3.6413 -0.0680
v  -0.7810 3.4916 -0.0403
v  -0.7806 3.8791 -0.0403
v  -0.8868 3.8044 -0.0403
v  -0.8871 3.4256 -0.0403
v  -0.7805 4.0063 -0.0161
v  -0.7814 3.1393 0.0019
v  -0.4069 3.1346 0.0304
v  0.3221 3.5064 0.8476
v  -0.6243 3.8348 -0.0697
v  -0.6221 4.0176 -0.0352
v  0.1398 4.2687 0.7946
# 65 vertices

vn -0.5742 0.6235 -0.5307
vn -0.6060 -0.0001 -0.7955
vn -0.6843 0.7292 0.0007
vn -0.4973 0.8675 0.0072
vn -0.3254 0.9442 -0.0520
vn -0.7703 0.0005 0.6377
vn -0.2922 0.9561 0.0215
vn -0.0553 0.0022 0.9985
vn -0.3388 0.9408 0.0092
vn -1.0000 -0.0008 -0.0019
vn -0.7184 0.0001 0.6957
vn -0.9975 0.0287 0.0649
vn -0.3490 0.5437 -0.7633
vn -0.5502 0.6208 0.5584
vn -1.0000 0.0007 -0.0025
vn -1.0000 0.0001 -0.0021
vn -0.1886 0.6779 0.7105
vn 0.6038 0.5820 0.5447
vn 0.0023 0.0006 1.0000
vn -0.2723 0.9612 0.0432
vn 0.6708 0.7406 0.0403
vn -0.1334 0.0009 -0.9911
vn -0.0131 -0.0004 0.9999
vn -1.0000 0.0001 0.0012
vn 0.0004 0.0005 1.0000
vn -0.0038 0.0012 1.0000
vn -0.6917 0.0002 0.7222
vn 0.7599 -0.0005 0.6500
vn 0.9972 0.0004 0.0743
vn 0.0047 -0.0000 1.0000
vn 0.0049 -0.0000 1.0000
vn 0.9845 0.0027 0.1752
vn -0.9994 0.0005 0.0356
vn -0.7201 0.0001 0.6939
vn 0.6018 0.0003 0.7987
vn 0.0622 -0.9805 0.1866
vn 0.0622 -0.9805 0.1865
vn 0.0617 -0.9805 0.1865
vn -1.0000 0.0000 -0.0000
vn 0.0000 0.0000 1.0000
vn -1.0000 0.0003 -0.0007
vn -1.0000 0.0010 -0.0009
vn -1.0000 0.0010 0.0013
vn -0.0067 -0.9971 -0.0760
vn -0.0002 0.0003 1.0000
vn 0.7123 0.1223 -0.6911
vn -0.0060 -0.0001 1.0000
vn -0.0052 -0.0003 1.0000
vn 0.8489 -0.3738 -0.3736
vn 0.8489 -0.3738 -0.3737
vn -0.0944 0.9736 -0.2080
vn -0.0945 0.9743 -0.2043
vn -0.0942 0.9736 -0.2080
vn -0.0945 0.9736 -0.2080
vn -0.7239 0.0006 0.6899
vn 0.0739 -0.1187 -0.9902
vn -0.1307 0.1855 -0.9739
vn -0.1306 0.1855 -0.9739
# 58 vertex normals

vt 0.7135 2.1213 0.1928
vt 0.7145 2.1143 0.2074
vt 0.7183 2.1123 0.1968
vt 0.7146 1.9066 0.2077
vt 0.7184 1.9062 0.1958
vt 0.2812 -0.4295 2.1127
vt 0.2876 -0.4315 2.1214
vt 0.2865 0.1928 2.1213
vt 0.2817 0.1968 2.1123
vt 0.2921 0.0843 2.1263
vt 0.2921 0.1967 2.1280
vt 0.3207 -0.3106 2.1378
vt 0.3261 -0.3380 2.1416
vt 0.3261 2.1416 -0.3380
vt 0.3264 2.3925 -0.3372
vt 0.3209 2.3894 -0.3136
vt 0.3207 2.1378 -0.3106
vt 0.2968 0.0653 2.1291
vt 0.3213 0.0601 2.1436
vt 0.2968 2.1291 0.0653
vt 0.3213 2.1436 0.0601
vt 0.3207 2.3544 0.0613
vt 0.3049 2.3515 0.0647
vt 1.3106 2.1378 0.3207
vt 1.3136 2.3894 0.3209
vt 0.9387 2.3544 0.3207
vt 0.9399 2.1436 0.3213
vt 0.2969 2.3502 0.0651
vt 0.2921 2.3476 0.0842
vt 0.2921 2.1263 0.0843
vt 0.6051 2.3186 0.2920
vt 0.5952 2.3177 0.2918
vt 0.7894 2.1160 0.2916
vt 0.8033 2.1280 0.2921
vt 0.7084 2.1160 0.2106
vt 0.7079 2.1280 0.1967
vt 0.2812 2.1127 -0.4295
vt 0.2862 2.1128 -0.4481
vt 0.2876 2.1214 -0.4315
vt 1.4295 2.1127 0.2812
vt 0.8032 2.1123 0.2817
vt 0.8042 1.9062 0.2816
vt 0.9290 1.9021 0.2815
vt 1.4297 1.9436 0.2812
vt 0.4472 2.1897 -0.4465
vt 0.4470 2.1978 -0.4278
vt 0.4510 2.1903 -0.4288
vt 0.4470 1.9628 -0.4469
vt 0.2863 1.9456 -0.4482
vt 0.4470 -0.4278 2.1978
vt 0.4465 -0.3395 2.1993
vt 0.4528 -0.3395 2.1910
vt 0.4510 -0.4288 2.1903
vt 0.7083 1.9066 0.2111
vt 0.9157 2.1263 0.2921
vt 0.9158 2.3476 0.2921
vt 0.4528 2.1910 -0.3395
vt 0.4688 2.4160 -0.3392
vt 0.4642 2.4152 -0.3392
vt 0.4465 2.1993 -0.3395
vt 0.2812 1.9436 -0.4297
vt 0.4511 1.9617 -0.4286
vt -0.4286 1.9617 0.4511
vt -0.3517 1.9555 0.4526
vt -0.3395 2.1910 0.4528
vt -0.4288 2.1903 0.4510
vt 0.4996 2.4210 -0.3386
vt 0.4531 1.9545 -0.3395
vt 0.4997 1.9594 -0.3386
vt -0.3395 1.9545 0.4531
vt 1.3228 2.1560 0.5648
vt 1.3227 2.0237 0.5646
vt 1.3589 2.0097 0.5651
vt 1.3585 2.2416 0.5650
vt 0.5650 2.2416 -0.3585
vt 0.5651 2.0097 -0.3589
vt 0.5696 2.0192 -0.3772
vt 0.5696 2.2420 -0.3771
vt 0.5056 1.9587 -0.3215
vt 0.5054 2.4204 -0.3215
vt 0.2524 1.2681 1.2678
vt 0.3721 1.5130 0.6964
vt 1.1056 1.9634 0.3292
vt 0.4313 2.1367 0.2568
vt 0.4313 2.1465 0.2568
vt 0.4296 2.1426 0.2568
vt 0.2917 2.0751 0.5417
vt 0.2918 2.2499 0.5417
vt 0.2635 2.2162 0.5417
vt 0.2634 2.0453 0.5417
vt 0.7889 1.9066 0.2917
vt 0.4583 2.0751 0.2917
vt 0.4834 2.3073 0.2918
vt 0.4583 2.2499 0.2918
vt 0.5020 1.9162 0.2916
vt 0.6998 1.9021 0.1396
vt 0.4913 1.9162 0.2810
vt 0.2557 1.0519 1.5479
vt 0.2162 1.2681 1.2454
vt 0.5859 2.0818 -0.3772
vt 0.3783 1.4581 1.2235
vt 0.4158 1.6110 1.0508
vt 0.5373 2.4257 -0.3223
vt 0.5648 2.1560 -0.3228
vt 0.5489 1.9634 -0.3224
vt 0.5646 2.0237 -0.3227
vt 0.3474 2.3073 0.4960
vt 0.2568 2.1367 0.5687
vt 0.2568 2.1465 0.5687
vt 0.2619 2.1426 0.5568
# 110 texture coords

g default_Part_10
usemtl 07___Default
s off
f 605/966/536 606/967/536 607/968/536 
f 608/969/537 609/970/537 607/968/537 606/967/537 
f 610/971/538 611/972/538 605/973/538 607/974/538 
f 605/973/539 611/972/539 612/975/539 613/976/539 
f 614/977/540 611/972/540 615/978/540 
f 615/979/541 616/980/541 617/981/541 614/982/541 
f 618/983/542 611/972/542 614/977/542 619/984/542 
f 618/985/543 619/986/543 620/987/543 621/988/543 
f 618/983/544 612/975/544 611/972/544 
f 614/989/545 617/990/545 620/991/545 619/992/545 
f 618/985/546 622/993/546 623/994/546 612/995/546 
f 624/996/547 625/997/547 626/998/547 613/999/547 
f 626/1000/548 606/967/548 605/966/548 613/1001/548 
f 610/1002/549 627/1003/549 611/1004/549 
f 610/1005/550 607/1006/550 609/1007/550 628/1008/550 
f 610/1005/551 628/1008/551 629/1009/551 
f 611/1004/552 627/1003/552 630/1010/552 631/1011/552 
f 632/1012/553 631/1011/553 630/1010/553 
f 633/1013/554 630/1010/554 627/1003/554 634/1014/554 
f 631/1015/555 635/1016/555 615/978/555 611/972/555 
f 636/1017/556 635/1016/556 631/1015/556 632/1018/556 
f 606/967/557 626/1000/557 637/1019/557 608/969/557 
f 622/993/558 618/985/558 621/988/558 
f 613/999/559 612/1020/559 623/1021/559 624/996/559 
f 636/1022/560 638/1023/560 639/1024/560 635/1025/560 
f 616/980/561 615/979/561 635/1025/561 639/1024/561 
f 610/1002/562 629/1026/562 634/1014/562 627/1003/562 
f 633/1013/563 640/1027/563 632/1012/563 630/1010/563 
f 640/1028/564 641/1029/564 636/1030/564 632/1031/564 
f 642/1032/565 638/1023/565 636/1022/565 643/1033/565 
f 642/1032/566 643/1033/566 644/1034/566 
f 643/1035/567 636/1030/567 641/1029/567 
f 645/1036/568 646/1037/568 647/1038/568 648/1039/568 
f 648/1040/569 647/1041/569 649/1042/569 650/1043/569 
f 644/1034/570 651/1044/570 652/1045/570 642/1032/570 
s 512
f 651/1044/571 644/1034/572 643/1033/571 653/1046/571 
f 641/1029/573 640/1028/571 633/1013/571 643/1033/571 
f 633/1013/571 634/1014/571 629/1026/571 653/1046/571 
f 629/1026/571 628/1008/571 653/1046/571 
f 643/1033/571 633/1013/571 653/1046/571 
f 653/1046/571 654/1047/571 655/1048/571 651/1044/571 
s off
f 656/1049/574 657/1050/574 658/1051/574 
f 659/1052/575 660/1053/575 661/1054/575 662/1055/575 
f 637/1056/576 626/998/576 625/997/576 659/1057/576 
f 663/1058/577 660/1059/577 659/1057/577 625/997/577 
f 637/1056/578 659/1057/578 664/1060/578 
s 1
f 628/1061/579 609/1007/579 608/969/579 637/1019/579 
f 637/1019/579 664/1062/579 665/1063/579 628/1061/579 
f 628/1061/579 665/1063/579 653/1064/579 
s off
f 650/1043/580 649/1042/580 666/1065/580 
s 2
f 666/1065/581 654/1047/581 653/1046/581 667/1066/581 
f 653/1046/581 665/1063/581 667/1066/581 
f 667/1066/581 668/1067/581 669/1068/581 645/1069/581 
f 666/1065/581 667/1066/581 645/1069/581 648/1039/581 
f 666/1065/581 648/1039/581 650/1043/581 
s off
f 645/1069/582 669/1068/582 652/1045/582 651/1044/582 
f 645/1069/583 651/1044/583 655/1070/583 646/1071/583 
s 16
f 646/1037/584 655/1070/584 654/1047/584 666/1065/584 
f 666/1065/584 649/1042/585 647/1041/584 646/1037/584 
s 4
f 620/987/586 617/990/586 616/980/586 638/1023/586 
f 616/980/586 639/1024/587 638/1023/586 
f 638/1023/586 642/1032/586 652/1045/586 663/1072/586 
f 669/1068/586 668/1067/586 663/1072/586 652/1045/586 
f 620/987/586 638/1023/586 663/1072/586 621/988/586 
f 663/1072/586 625/997/588 624/996/589 622/993/586 
f 624/996/589 623/1021/586 622/993/586 
f 663/1072/586 622/993/586 621/988/586 
s off
f 656/1073/590 662/1055/590 661/1054/590 657/1074/590 
s 8
f 667/1066/591 665/1063/591 664/1062/591 659/1057/591 
f 659/1057/591 662/1055/591 656/1073/591 667/1066/591 
f 667/1066/591 656/1073/591 658/1075/591 
s 32
f 660/1053/592 663/1058/592 668/1067/592 658/1075/592 
f 668/1067/592 667/1066/592 658/1075/592 
f 658/1075/592 657/1050/593 661/1054/592 660/1053/592 
# 52 polygons - 22 triangles

#
# object default_Part_11
#

v  0.6999 7.0373 -0.2692
v  0.6999 7.0687 -0.2691
v  0.7123 7.0720 -0.2689
v  0.7507 7.0369 -0.2679
v  0.7600 7.0849 -0.2676
v  0.7638 7.0136 -0.2679
v  0.7744 7.0888 -0.2675
v  0.7424 7.0115 -0.5728
v  0.6448 6.5444 -0.5728
v  0.6346 6.5662 -0.5731
v  0.6999 7.0356 -0.3922
v  0.6999 7.0654 -0.3922
v  0.6999 7.0657 -0.3813
v  0.6830 7.0605 -0.4041
v  0.6831 7.0344 -0.4041
v  0.7398 7.0326 -0.5391
v  0.7642 7.0122 -0.5509
v  0.5887 7.0326 -0.4974
v  0.5921 7.0360 -0.4046
v  0.4730 6.4341 0.4986
v  0.4229 6.4366 0.5006
v  0.4229 6.4389 0.5593
v  0.6658 6.4334 0.5508
v  0.6830 6.4098 0.5523
v  0.6669 6.4164 0.5707
v  0.6830 6.4152 0.4220
v  0.6656 6.4379 0.4218
v  0.4227 7.0149 0.5013
v  0.4729 7.0283 0.4987
v  0.5029 6.4334 0.4665
v  0.5021 7.0353 0.4668
v  0.5000 6.4394 0.4233
v  0.5000 7.0335 0.4217
v  0.5012 7.0343 0.4391
v  0.4229 6.4326 0.6013
v  0.4219 7.0182 0.6314
v  0.4219 7.0189 0.6598
v  0.4229 6.3695 0.6008
v  0.6668 6.2119 0.5709
v  0.6830 6.1904 0.5519
v  0.6830 6.1060 0.4231
v  0.5907 7.0326 -0.5174
v  0.5960 7.0333 -0.5441
v  0.5195 7.0120 -0.5728
v  0.7725 7.1068 0.4209
v  0.7782 7.1084 0.4210
v  0.8129 5.6517 -0.2657
v  0.8113 7.0987 -0.2661
v  0.8318 7.1049 -0.2414
v  0.8318 5.6382 -0.2433
v  0.8125 6.0310 0.4203
v  0.8318 6.0058 0.3985
v  0.8318 7.1222 0.4001
v  0.8114 7.1173 0.4206
v  0.4006 6.5083 0.7935
v  0.4211 6.4836 0.7735
v  0.4208 7.0217 0.7738
v  0.4003 7.0167 0.7935
v  0.8318 7.1058 -0.2076
v  -0.1632 6.8651 0.7937
v  0.4314 6.9883 -0.5728
v  0.1425 6.9186 -0.2740
v  -0.0270 6.8804 0.0025
v  -0.1686 6.8610 0.6939
v  0.2378 6.9730 0.7938
v  0.2471 6.9755 0.7938
v  0.8318 5.7343 -0.0162
v  0.8318 5.6290 -0.1769
v  0.7640 5.6789 -0.2681
v  -0.0249 6.3943 0.1145
v  0.0189 6.2850 0.1226
v  -0.1440 6.8165 0.7937
v  0.2017 6.6210 0.7938
v  0.1909 6.6271 0.7939
v  0.6007 5.7569 -0.1812
v  0.7640 5.6833 -0.2998
v  0.7642 6.2488 -0.5518
v  0.7433 6.3389 -0.5726
v  -0.0052 6.7944 -0.0819
# 79 vertices

vn 0.0172 0.0035 -0.9998
vn 0.0256 0.0005 -0.9997
vn 0.0072 0.0041 -1.0000
vn 0.0188 -0.0039 -0.9998
vn 1.0000 0.0001 -0.0004
vn 0.5783 0.0005 -0.8158
vn 0.0129 0.9998 -0.0155
vn 0.7551 0.6553 -0.0211
vn -0.0499 0.9982 -0.0340
vn 0.4308 0.7800 -0.4539
vn 0.0031 0.9998 -0.0220
vn 0.0253 0.9979 -0.0590
vn 0.7172 0.5491 0.4291
vn 0.8007 0.5987 0.0225
vn 0.0458 -0.0007 0.9989
vn 0.7346 0.0003 0.6785
vn 0.0073 0.9999 -0.0142
vn 0.0105 0.9905 0.1373
vn 0.9978 -0.0002 -0.0662
vn -0.0179 0.9992 0.0346
vn 1.0000 0.0016 0.0002
vn 0.0698 0.9336 0.3515
vn 0.1226 -0.0014 0.9925
vn 0.7559 -0.0004 0.6547
vn 1.0000 0.0000 -0.0000
vn 1.0000 -0.0000 0.0000
vn 0.0050 -0.0003 -1.0000
vn 0.0000 1.0000 -0.0000
vn 0.0040 0.9996 0.0271
vn 0.0102 0.8214 -0.5702
vn -0.0096 0.0028 0.9999
vn 0.9994 0.0013 -0.0342
vn 0.0051 0.0015 1.0000
vn 1.0000 0.0008 0.0038
vn 0.7667 0.0008 -0.6420
vn 0.7290 -0.0002 0.6845
vn 0.6959 0.0002 0.7182
vn -0.2598 0.9653 -0.0260
vn -0.2598 0.9653 -0.0258
vn -0.2598 0.9654 -0.0234
vn -0.2596 0.9652 -0.0316
vn -0.2892 0.9569 -0.0258
vn -0.2598 0.9654 -0.0239
vn -0.2598 0.9653 -0.0261
vn -0.2590 0.9655 -0.0260
vn -0.2609 0.9650 -0.0260
vn -0.2598 0.9653 -0.0257
vn -0.2598 0.9654 -0.0220
vn -0.2597 0.9653 -0.0260
vn 1.0000 0.0006 0.0098
vn 0.9998 -0.0002 0.0181
vn 1.0000 0.0000 0.0000
vn 0.0381 -0.0003 -0.9993
vn 0.0496 0.0001 -0.9988
vn 0.0124 -0.0002 0.9999
vn 0.0230 0.0034 0.9997
vn -0.9281 -0.3667 0.0652
vn 0.0015 -0.0002 1.0000
vn 0.0084 -0.0011 1.0000
vn -0.0004 0.0001 1.0000
vn -0.4278 -0.7562 0.4951
vn -0.4276 -0.7559 0.4958
vn 1.0000 0.0001 0.0012
vn 1.0000 -0.0000 0.0007
vn 0.7084 0.0008 -0.7058
vn 0.0014 -0.0003 -1.0000
vn -0.9781 -0.0508 -0.2017
vn -0.0000 0.0006 -1.0000
vn -0.8394 0.2568 -0.4791
vn -0.4791 -0.8695 -0.1201
vn -0.6460 -0.3105 -0.6973
vn -0.6461 -0.3106 -0.6972
# 72 vertex normals

vt 0.3133 3.6746 0.7786
vt 0.3133 3.6887 0.7785
vt 0.3100 3.6903 0.7782
vt 0.2998 3.6744 0.7772
vt 0.2973 3.6961 0.7770
vt 0.2963 3.6639 0.7772
vt 0.2935 3.6978 0.7768
vt 0.3020 3.6630 1.0928
vt 0.3280 3.4523 1.0928
vt 0.3308 3.4621 1.0931
vt 0.9058 3.6738 0.6867
vt 0.9058 3.6873 0.6867
vt 0.8946 3.6874 0.6867
vt 0.3178 3.6851 0.9182
vt 0.3133 3.6873 0.9058
vt 0.3133 3.6738 0.9058
vt 0.3178 3.6733 0.9182
vt 0.7002 0.7772 3.6744
vt 0.6973 1.0579 3.6725
vt 0.6867 0.9058 3.6738
vt 0.6867 0.7786 3.6746
vt 0.7037 0.7772 3.6639
vt 0.7038 1.0701 3.6633
vt 0.6822 0.9182 3.6733
vt 0.3027 3.6725 1.0579
vt 0.2962 3.6633 1.0701
vt 0.6570 1.0147 3.6725
vt 0.6579 0.9187 3.6740
vt 0.6261 -0.0160 3.4025
vt 0.6128 -0.0181 3.4036
vt 0.6128 -0.0789 3.4047
vt 0.6776 -0.0701 3.4022
vt 0.6822 3.3915 -0.0716
vt 0.6776 3.4022 -0.0701
vt 0.6779 3.3945 -0.0906
vt 0.6822 -0.0716 3.3915
vt 0.6822 0.0633 3.3939
vt 0.6775 0.0635 3.4042
vt 0.6127 3.6645 -0.0188
vt 0.6128 3.4036 -0.0181
vt 0.6261 3.4025 -0.0160
vt 0.6261 3.6705 -0.0161
vt 0.6341 3.4022 0.0172
vt 0.6339 3.6737 0.0169
vt 0.6341 0.0172 3.4022
vt 0.6334 0.0619 3.4049
vt 0.0619 3.4049 0.6334
vt 0.0635 3.6729 0.6334
vt 0.0456 3.6732 0.6337
vt 0.0172 3.4022 0.6341
vt -0.1223 3.4018 0.6128
vt -0.0789 3.4047 0.6128
vt -0.1534 3.6660 0.6125
vt -0.1828 3.6663 0.6125
vt 0.6128 -0.1223 3.4018
vt 0.6779 -0.0906 3.3945
vt 0.6128 3.4018 -0.1223
vt 0.6128 3.3733 -0.1217
vt 0.6778 3.3023 -0.0908
vt 0.6822 3.2925 -0.0712
vt -0.0712 3.2925 0.6822
vt 0.0622 3.2545 0.6822
vt 0.0633 3.3939 0.6822
vt -0.0716 3.3915 0.6822
vt 0.7785 3.6887 0.6867
vt 0.7786 3.6746 0.6867
vt 0.3421 3.6740 0.9187
vt 0.6575 1.0354 3.6725
vt 0.6589 1.0631 3.6728
vt 0.3614 3.6632 1.0928
vt 0.3411 3.6728 1.0631
vt 0.7060 3.7060 0.0644
vt 0.6775 3.4042 0.0635
vt 0.6822 3.3939 0.0633
vt 0.7075 3.7066 0.0643
vt 0.0169 3.6737 0.6339
vt 0.6334 3.6729 0.0635
vt 0.6334 3.4049 0.0619
vt -0.0188 3.6645 0.6127
vt -0.0181 3.4036 0.6128
vt 0.2832 3.0495 0.7749
vt 0.2836 3.7023 0.7754
vt 0.2782 3.7051 0.7498
vt 0.2782 3.0434 0.7518
vt 0.7167 3.2206 0.0650
vt 0.7218 3.2093 0.0876
vt 0.7218 3.7129 0.0859
vt 0.7164 3.7107 0.0648
vt 0.6068 3.4359 -0.3211
vt 0.6123 3.4248 -0.3005
vt 0.6122 3.6676 -0.3008
vt 0.6068 3.6653 -0.3212
vt 0.7148 3.7055 0.7218
vt 0.7498 3.7051 0.7218
vt 0.4565 3.5969 -0.3214
vt 0.3849 3.6525 1.0928
vt 0.4405 3.6210 0.7836
vt 0.4658 3.6038 0.4974
vt 0.4640 3.5950 -0.2181
vt 0.5634 3.6456 -0.3215
vt 0.5659 3.6467 -0.3215
vt -0.3008 3.6676 0.6122
vt -0.3005 3.4248 0.6123
vt -0.1217 3.3733 0.6128
vt 0.7518 3.0434 0.7218
vt 0.5167 3.0868 0.7218
vt 0.6831 3.0393 0.7218
vt 0.2962 3.0618 0.7774
vt 0.6822 3.2545 0.0622
vt 0.4948 3.3845 0.3815
vt 0.5026 3.3352 0.3731
vt 0.4616 3.5750 -0.3214
vt 0.5538 3.4868 -0.3215
vt 0.5509 3.4896 -0.3216
vt 0.0859 3.7129 0.7218
vt 0.0876 3.2093 0.7218
vt 0.3376 3.0393 0.7437
vt 0.3954 3.0970 0.7291
vt 0.7772 3.6639 0.7037
vt 0.7774 3.0618 0.7038
vt 0.8102 3.0638 0.7038
vt 1.0701 3.6633 0.7038
vt 1.0710 3.3189 0.7038
vt 0.3017 3.3595 1.0926
vt 0.2962 3.3189 1.0710
vt 0.4648 3.5650 0.5848
vt 0.7238 3.0638 0.7447
# 127 texture coords

g default_Part_11
usemtl 07___Default
s off
f 670/1076/594 671/1077/594 672/1078/594 
f 673/1079/595 670/1076/595 672/1078/595 674/1080/595 
f 675/1081/596 673/1079/596 674/1080/596 676/1082/596 
f 677/1083/597 678/1084/597 679/1085/597 
f 680/1086/598 681/1087/598 682/1088/598 
f 683/1089/599 681/1090/599 680/1091/599 684/1092/599 
f 673/1093/600 685/1094/600 680/1095/600 670/1096/600 
f 685/1094/601 673/1093/601 675/1097/601 686/1098/601 
f 684/1099/602 680/1095/602 685/1094/602 
f 685/1100/603 686/1101/603 677/1083/603 
f 687/1102/604 688/1103/604 684/1099/604 685/1094/604 
f 689/1104/605 690/1105/605 691/1106/605 692/1107/605 
f 693/1108/606 692/1109/606 694/1110/606 
f 692/1107/607 693/1111/607 695/1112/607 696/1113/607 
f 697/1114/608 690/1115/608 689/1116/608 698/1117/608 
f 698/1117/609 689/1116/609 699/1118/609 700/1119/609 
f 699/1120/610 689/1104/610 692/1107/610 
f 696/1113/611 701/1121/611 699/1120/611 
f 701/1122/612 702/1123/612 703/1124/612 699/1125/612 
f 692/1107/613 696/1113/613 699/1120/613 
f 704/1126/614 691/1127/614 705/1128/614 706/1129/614 
f 691/1106/615 704/1130/615 694/1131/615 692/1107/615 
f 694/1110/616 704/1132/616 707/1133/616 708/1134/616 
f 693/1108/617 694/1110/617 708/1134/617 709/1135/617 
f 709/1136/618 710/1137/618 695/1138/618 693/1139/618 
f 671/1140/619 670/1141/619 680/1086/619 682/1088/619 
f 683/1089/620 684/1092/620 688/1142/620 
f 687/1102/621 685/1094/621 711/1143/621 
f 711/1143/622 685/1094/622 712/1144/622 
f 677/1083/623 713/1145/623 712/1146/623 685/1100/623 
f 714/1147/624 696/1148/624 695/1149/624 715/1150/624 
f 700/1151/625 699/1125/625 703/1124/625 
f 696/1148/626 714/1147/626 702/1152/626 701/1153/626 
f 697/1154/627 705/1128/627 691/1127/627 690/1155/627 
f 716/1156/628 717/1157/628 718/1158/628 719/1159/628 
f 720/1160/629 721/1161/629 722/1162/629 723/1163/629 
f 724/1164/630 725/1165/630 726/1166/630 727/1167/630 
s 4
f 728/1168/631 718/1169/631 717/1157/631 723/1163/631 
f 717/1157/631 676/1082/632 674/1080/633 671/1077/631 
f 674/1080/633 672/1078/634 671/1077/631 
f 671/1077/631 682/1088/635 681/1087/631 688/1142/631 
f 681/1087/631 683/1089/631 688/1142/631 
f 711/1143/631 712/1144/631 713/1145/631 687/1102/631 
f 688/1142/631 687/1102/631 713/1145/631 729/1170/631 
f 730/1171/631 731/1172/631 732/1173/631 713/1145/631 
f 732/1173/631 733/1174/631 729/1170/631 713/1145/631 
f 671/1077/631 688/1142/631 729/1170/631 702/1123/631 
f 729/1170/631 734/1175/636 735/1176/637 726/1166/631 
f 735/1176/637 727/1167/631 726/1166/631 
f 726/1166/631 706/1129/638 705/1128/639 697/1154/631 
f 729/1170/631 726/1166/631 697/1154/631 702/1123/631 
f 697/1154/631 698/1117/631 700/1119/631 702/1123/631 
f 700/1119/631 703/1124/639 702/1123/631 
f 717/1157/631 671/1077/631 702/1123/631 723/1163/631 
f 714/1147/640 715/1150/641 723/1163/631 702/1123/631 
f 728/1168/631 723/1163/631 722/1162/642 
s off
f 706/1129/643 726/1177/643 725/1178/643 707/1179/643 
f 706/1129/644 707/1179/644 704/1126/644 
f 719/1180/645 718/1169/645 728/1168/645 736/1181/645 
f 719/1180/645 736/1181/645 737/1182/645 
f 675/1081/646 676/1082/646 717/1157/646 716/1156/646 
f 675/1081/647 716/1156/647 738/1183/647 
f 720/1160/648 723/1163/648 715/1150/648 695/1149/648 
f 720/1160/649 695/1149/649 710/1184/649 
s 8
f 739/1185/650 740/1186/650 741/1187/650 729/1170/650 
f 733/1174/650 739/1185/650 729/1170/650 
s off
f 727/1167/651 735/1176/651 742/1188/651 724/1164/651 
f 735/1176/652 734/1175/652 743/1189/652 742/1188/652 
f 743/1189/653 734/1175/653 729/1170/653 741/1187/653 
f 728/1168/619 722/1190/619 721/1191/619 736/1181/619 
s 32
f 736/1181/654 721/1191/654 720/1160/654 737/1192/654 
f 709/1136/654 708/1134/654 707/1133/654 710/1184/654 
f 707/1133/654 725/1178/654 724/1164/654 742/1188/654 
f 742/1188/654 743/1189/655 741/1187/654 737/1192/654 
f 740/1186/654 744/1193/654 737/1192/654 741/1187/654 
f 707/1133/654 742/1188/654 737/1192/654 710/1184/654 
f 720/1160/654 710/1184/654 737/1192/654 
s off
f 675/1194/656 738/1195/656 745/1196/656 686/1197/656 
f 746/1198/657 686/1197/657 745/1196/657 
f 747/1199/658 677/1083/658 686/1101/658 746/1200/658 
f 678/1084/659 677/1083/659 747/1199/659 
s 2
f 739/1185/660 733/1174/660 732/1173/660 748/1201/660 
s off
f 730/1171/661 713/1145/661 677/1083/661 679/1085/661 
s 16
f 748/1201/662 732/1173/662 731/1172/662 
s 1
f 738/1195/663 716/1156/663 719/1159/663 744/1193/663 
f 719/1159/663 737/1192/663 744/1193/663 
f 745/1202/663 738/1195/663 744/1193/663 
s 64
f 678/1084/664 747/1199/664 746/1200/664 744/1193/664 
f 746/1200/664 745/1196/664 744/1193/664 
f 744/1193/664 740/1186/664 739/1185/664 731/1172/664 
f 739/1185/664 748/1201/664 731/1172/664 
f 678/1084/664 744/1193/664 731/1172/664 730/1171/664 
f 678/1084/664 730/1171/664 679/1085/665 
# 61 polygons - 32 triangles

#
# object default_Part_12
#

v  0.0208 3.2335 0.7938
v  0.0215 1.6174 0.7938
v  0.2386 1.5994 0.7944
v  0.2419 3.1678 0.7949
v  0.1832 3.2439 0.7946
v  0.2448 1.5829 0.8312
v  0.2441 3.1975 0.8300
v  -0.8003 1.6312 0.9168
v  -0.2024 1.5826 0.9162
v  -0.1989 3.2426 0.9149
v  -0.8013 3.2047 0.9163
v  -0.1713 1.6256 0.8112
v  -0.1757 3.2243 0.8112
v  -0.1778 3.2265 0.8230
v  -0.1799 1.6053 0.8598
v  -0.8198 1.7715 0.5970
v  -0.8205 1.6405 0.8992
v  -0.8202 3.2001 0.8984
v  -0.8191 3.1081 0.4145
v  0.2615 1.5742 0.8482
v  0.2612 3.1916 0.8477
v  -0.1834 3.2402 0.8973
v  -0.1826 1.5895 0.8967
v  -0.0003 1.6120 0.8103
v  -0.0011 3.2352 0.8103
v  0.9129 1.5208 0.8487
v  0.9126 2.3433 0.8483
v  0.9321 1.5275 0.8295
v  0.9317 2.3014 0.8300
v  0.6347 1.8203 0.2103
v  0.9323 1.6755 0.4883
v  0.0013 3.1682 0.4572
v  -0.1914 3.1164 0.2493
v  -0.1006 3.0898 0.2292
v  0.9321 2.0798 0.5913
v  0.5040 2.2605 0.1844
# 36 vertices

vn -0.0039 -0.0002 1.0000
vn -0.0052 -0.0003 1.0000
vn -0.9933 0.0008 0.1158
vn 0.0016 0.0006 1.0000
vn 0.9845 0.0027 0.1752
vn -1.0000 0.0002 -0.0023
vn -0.7159 0.0001 0.6982
vn -0.6720 0.0002 0.7405
vn 0.7248 -0.0005 0.6889
vn 0.0050 -0.0000 1.0000
vn 0.6027 0.0003 0.7979
vn -0.0006 0.0003 1.0000
vn 0.6994 0.0002 0.7147
vn 0.9972 0.0004 0.0743
vn -0.0748 -0.9149 -0.3967
vn -0.0622 0.9805 -0.1865
vn -0.0622 0.9805 -0.1866
vn 0.1782 0.9033 -0.3903
vn 1.0000 0.0004 0.0010
vn -0.2507 -0.1309 -0.9592
vn 0.7159 0.1728 -0.6764
vn 0.6909 0.5303 -0.4914
# 22 vertex normals

vt 0.5056 1.9587 -0.3215
vt 0.5057 1.2296 -0.3215
vt 0.5636 1.2215 -0.3221
vt 0.5645 1.9290 -0.3226
vt 0.5489 1.9634 -0.3224
vt 1.3602 1.2141 0.5653
vt 1.3590 1.9424 0.5651
vt 1.3226 1.9290 0.5645
vt 1.3221 1.2215 0.5636
vt 0.2866 1.2359 -0.4488
vt 0.4460 1.2139 -0.4482
vt 0.4470 1.9628 -0.4469
vt 0.2863 1.9456 -0.4482
vt -0.3395 1.2333 0.4543
vt -0.3395 1.9545 0.4531
vt -0.3517 1.9555 0.4526
vt -0.3898 1.2241 0.4520
vt 1.1179 1.2991 0.2813
vt 1.4306 1.2400 0.2812
vt 1.4297 1.9436 0.2812
vt 0.9290 1.9021 0.2816
vt 0.5653 1.2141 -0.3602
vt 0.5697 1.2102 -0.3777
vt 0.5697 1.9397 -0.3773
vt 0.5651 1.9424 -0.3590
vt 0.2812 1.9436 -0.4297
vt 0.2812 1.2400 -0.4306
vt 0.4511 1.9617 -0.4286
vt 0.4513 1.2170 -0.4280
vt 0.4999 1.2272 -0.3386
vt 0.4997 1.9594 -0.3386
vt 0.4531 1.9545 -0.3395
vt 0.4543 1.2333 -0.3395
vt 0.7435 1.1860 -0.3783
vt 0.7434 1.5571 -0.3779
vt 0.7486 1.1891 -0.3585
vt 0.7485 1.5382 -0.3590
vt -0.4280 1.2170 0.4513
vt -0.4286 1.9617 0.4511
vt 0.3699 1.2782 0.3498
vt 0.2095 1.2558 0.5339
vt -0.3585 1.1891 0.7486
vt 0.8558 1.8064 0.3041
vt 0.6519 1.9160 0.0999
vt 0.6811 1.8857 0.3538
vt 0.6728 1.8780 0.3806
vt 0.7000 1.8857 0.3727
vt 0.6642 1.9160 0.1122
vt -0.3590 1.5382 0.7485
vt -0.0053 1.2558 0.7487
vt -0.1119 1.4382 0.7486
vt 0.6763 1.8780 0.3842
vt 0.4480 1.4933 0.3826
vt 0.8010 0.8847 0.3788
vt 0.3718 1.4382 0.2649
vt 0.4028 1.3212 0.3397
vt 0.4682 1.5197 0.3764
# 57 texture coords

g default_Part_12
usemtl 07___Default
s off
f 749/1203/666 750/1204/666 751/1205/666 752/1206/666 
f 749/1203/667 752/1206/667 753/1207/667 
f 754/1208/668 755/1209/668 752/1210/668 751/1211/668 
f 756/1212/669 757/1213/669 758/1214/669 759/1215/669 
f 760/1216/670 761/1217/670 762/1218/670 763/1219/670 
f 764/1220/671 765/1221/671 766/1222/671 767/1223/671 
f 754/1224/672 768/1225/672 769/1226/672 755/1227/672 
f 759/1215/673 766/1228/673 765/1229/673 756/1212/673 
f 770/1230/674 758/1214/674 757/1213/674 771/1231/674 
f 772/1232/675 773/1233/675 761/1234/675 760/1235/675 
f 749/1203/676 773/1233/676 772/1232/676 750/1204/676 
f 768/1225/677 774/1236/677 775/1237/677 769/1226/677 
f 774/1236/678 776/1238/678 777/1239/678 775/1237/678 
f 771/1240/679 763/1219/679 762/1218/679 770/1241/679 
s 1
f 768/1225/680 754/1224/680 751/1211/680 778/1242/680 
f 750/1204/680 772/1232/680 760/1235/680 778/1242/680 
f 763/1219/680 771/1240/680 757/1213/680 760/1235/680 
f 757/1213/680 756/1212/680 765/1229/680 760/1235/680 
f 765/1229/680 764/1220/680 778/1242/680 760/1235/680 
f 751/1211/680 750/1204/680 778/1242/680 
f 778/1242/680 779/1243/680 776/1244/680 768/1225/680 
f 768/1225/680 776/1244/680 774/1236/680 
s 8
f 761/1217/681 773/1233/682 749/1203/682 767/1245/682 
f 749/1203/682 753/1207/682 780/1246/682 767/1245/682 
f 780/1246/682 781/1247/682 767/1245/682 
f 767/1245/682 766/1222/682 759/1215/682 770/1230/682 
f 759/1215/682 758/1214/681 770/1230/682 
f 767/1245/682 770/1230/682 762/1218/681 761/1217/681 
s 16
f 782/1248/683 781/1249/683 780/1250/683 
s off
f 777/1251/684 776/1244/684 779/1252/684 783/1253/684 
s 4
f 767/1245/685 781/1249/685 782/1254/685 778/1242/685 
f 782/1254/685 784/1255/685 778/1242/685 
f 767/1245/685 778/1242/685 764/1256/685 
s 32
f 783/1257/686 779/1243/686 778/1258/686 784/1259/686 
s 2
f 777/1239/687 783/1253/687 784/1259/687 780/1250/687 
f 784/1259/687 782/1254/687 780/1250/687 
f 780/1250/687 753/1207/687 752/1206/687 777/1239/687 
f 752/1206/687 755/1209/687 769/1226/687 777/1239/687 
f 777/1239/687 769/1226/687 775/1237/687 
# 29 polygons - 10 triangles

#
# object default_Part_13
#

v  0.6818 9.5470 -0.0403
v  0.6815 9.5858 -0.3933
v  0.5000 9.6764 -0.3934
v  0.5000 9.6467 -0.1461
v  0.5682 9.6016 -0.0422
v  0.6755 9.5719 -0.4050
v  0.5000 9.6617 -0.4063
v  0.1550 9.0231 -0.6409
v  0.1686 9.0168 -0.6235
v  0.1693 8.2318 -0.6255
v  0.1521 8.2224 -0.6435
v  0.1564 9.0405 -0.6254
v  0.1698 9.0593 -0.5000
v  0.1695 8.2918 -0.5042
v  0.2530 8.2856 -0.5009
v  0.1539 9.0829 -0.5041
v  0.4700 9.9625 -0.4987
v  0.4703 9.9627 -0.4986
v  0.2796 8.2712 -0.5000
v  0.4723 9.9643 -0.4986
v  0.6996 9.5598 -0.3934
v  0.6999 9.5230 -0.0419
v  0.6757 9.5241 -0.0284
v  0.6544 8.2571 -0.0242
v  0.6578 8.2573 -0.0235
v  0.6415 8.2749 -0.0267
v  0.5000 8.3484 -0.0232
v  0.5554 9.5772 -0.0275
v  0.5000 9.5317 -0.0268
v  0.6999 8.2086 -0.2999
v  0.6999 8.2555 -0.0410
v  0.5028 8.1831 -0.4056
v  0.6796 8.1890 -0.4045
v  0.5005 8.1713 -0.4703
v  0.5000 9.9551 -0.4658
v  0.5000 9.9521 -0.4628
v  0.2734 8.1681 -0.7013
v  0.2735 8.1233 -0.6955
v  0.2736 8.1231 -0.6963
v  0.2476 8.1911 -0.7000
v  0.2550 8.1695 -0.7184
v  -0.2393 9.0593 -0.6429
v  -0.2344 9.0792 -0.6266
v  -0.0338 8.2830 -0.6435
v  -0.0724 8.3209 -0.6434
v  -0.2541 9.0696 -0.6260
v  -0.3000 9.3404 -0.4994
v  -0.2410 9.1269 -0.5000
v  -0.2557 9.1136 -0.5000
v  0.3477 8.7320 0.5005
v  0.3478 8.9001 0.5004
v  0.3456 8.8225 0.5790
v  0.3456 8.7906 0.5790
v  0.2794 8.1589 -0.5000
v  0.2972 8.1594 -0.5000
v  0.6998 8.2057 -0.3156
v  0.6398 8.2680 0.0391
v  0.6794 8.2572 -0.0279
v  0.6997 8.1918 -0.3927
v  0.4740 8.1651 -0.4998
v  0.4730 9.9649 -0.4986
v  0.2734 8.1222 -0.7013
v  0.2549 8.1185 -0.7186
v  -0.2568 8.6052 -0.5000
v  -0.2543 8.5266 -0.6058
v  0.4995 9.0544 0.4677
v  0.4726 9.0024 0.4990
v  0.4727 8.6082 0.4989
v  0.5002 8.5586 0.4675
v  0.0833 8.1127 -0.7203
v  0.0288 8.1658 -0.7209
v  0.5000 9.9511 -0.4617
v  -0.3112 9.3314 -0.4994
v  0.4432 8.9763 0.5014
v  0.4305 8.9668 0.5006
v  0.4178 8.6636 0.5010
v  0.4336 8.6489 0.5021
v  0.4992 9.1419 0.3766
v  0.4999 8.4377 0.2992
v  0.5000 8.3273 0.1460
v  -0.4735 9.1989 -0.4981
v  -0.4975 9.1550 -0.4727
v  -0.5008 9.0879 -0.4060
v  -0.5977 9.0084 -0.4048
v  0.3370 8.8061 0.5888
v  0.5003 9.0785 0.4433
v  0.4992 9.1371 0.3816
v  -0.2549 8.5139 -0.6243
v  -0.2387 8.4845 -0.6430
v  0.5618 8.2910 0.1799
v  0.0185 8.1920 -0.6987
v  0.0278 8.2225 -0.6435
v  -0.4977 8.8614 -0.4727
v  -0.5012 8.9128 -0.4061
v  -0.4732 8.8189 -0.4984
v  0.4998 8.4457 0.3102
v  0.5015 8.5290 0.4281
# 97 vertices

vn 0.4383 0.8931 0.1016
vn 0.4293 0.8967 0.1076
vn 0.2986 0.5854 -0.7538
vn 0.7543 0.0009 -0.6565
vn 0.7918 0.3679 -0.4876
vn 1.0000 0.0003 -0.0060
vn 0.0396 0.0054 -0.9992
vn 0.8570 0.4882 -0.1648
vn 0.1710 -0.0554 -0.9837
vn 0.0051 0.0007 -1.0000
vn 0.0032 0.0004 -1.0000
vn 0.5509 0.3853 -0.7403
vn 0.8100 0.5832 0.0618
vn 0.4741 0.3021 0.8270
vn -0.1827 0.0064 0.9831
vn 0.0176 0.0018 0.9998
vn 0.0091 0.0030 1.0000
vn 1.0000 0.0001 -0.0005
vn 0.0064 -0.0004 -1.0000
vn 1.0000 0.0003 0.0014
vn 0.9993 0.0019 -0.0368
vn 0.9934 0.0166 0.1136
vn 0.5345 0.7516 -0.3864
vn 0.0698 0.8981 -0.4343
vn 0.5470 0.6434 -0.5355
vn 0.0099 0.8815 -0.4720
vn 0.0644 0.6421 -0.7640
vn -0.0006 0.0006 -1.0000
vn -0.3361 0.6472 -0.6843
vn -0.0063 0.0070 -1.0000
vn 0.0973 0.9365 -0.3370
vn -0.5319 0.7903 -0.3041
vn 0.9996 -0.0004 0.0266
vn -0.0024 0.0000 -1.0000
vn 0.9999 -0.0004 -0.0100
vn 0.8038 0.5892 0.0823
vn 0.5100 0.0012 0.8602
vn 0.1990 0.0010 0.9800
vn 1.0000 0.0001 -0.0004
vn 0.4675 0.0004 -0.8840
vn 0.7589 0.0013 -0.6512
vn 0.9996 -0.0017 -0.0298
vn 0.6824 0.0005 -0.7310
vn -0.9998 0.0009 -0.0182
vn 0.7557 0.0004 0.6549
vn 0.9995 0.0004 -0.0321
vn 0.0107 0.0021 -0.9999
vn 1.0000 0.0000 -0.0000
vn 0.1907 0.4221 0.8863
vn 0.0016 0.0006 -1.0000
vn -0.0020 0.0022 -1.0000
vn -0.0628 0.0041 0.9980
vn 1.0000 0.0010 0.0001
vn 1.0000 0.0000 0.0021
vn -0.5031 0.6220 0.5999
vn -0.5032 0.6220 0.5999
vn -0.5032 0.6221 0.5999
vn -0.5032 0.6221 0.5997
vn -0.5027 0.6222 0.6001
vn -0.4954 0.6253 0.6030
vn -0.5033 0.6220 0.5999
vn -1.0000 0.0000 -0.0000
vn -0.5031 0.6221 0.6000
vn -0.5030 0.6219 0.6002
vn -0.5031 0.6221 0.5999
vn -0.4941 0.6108 0.6187
vn -0.5109 0.6317 0.5830
vn -0.3115 0.3844 0.8690
vn -0.5047 0.6239 0.5966
vn -0.7554 -0.0008 -0.6553
vn 0.4585 0.8821 0.1083
vn 0.4577 0.8823 0.1097
vn -0.0019 0.6473 -0.7622
vn 0.0006 0.8749 -0.4844
vn 0.0048 0.0022 -1.0000
vn 0.0000 0.0032 -1.0000
vn -0.9987 0.0015 -0.0508
vn -0.0122 0.0007 -0.9999
vn -0.9994 0.0017 0.0355
vn -0.7252 0.0002 -0.6885
vn 0.7505 0.0006 0.6609
vn 0.0806 -0.0001 0.9967
vn 1.0000 0.0005 0.0041
vn 0.9999 0.0026 -0.0158
vn 0.9995 0.0013 0.0327
vn -0.0021 0.0002 -1.0000
vn 0.0315 -0.9835 0.1781
vn 0.0316 -0.9833 0.1790
vn 0.0316 -0.9835 0.1781
vn 0.0316 -0.9835 0.1780
vn 0.0295 -0.9836 0.1781
vn 0.0315 -0.9835 0.1779
vn 0.0317 -0.9835 0.1780
vn 0.0339 -0.9835 0.1780
vn -0.0052 0.0012 1.0000
vn -0.0085 0.0002 -1.0000
vn -0.0070 0.0006 -1.0000
vn -0.6232 -0.6347 0.4570
vn -0.6231 -0.6347 0.4570
vn -0.6208 -0.6324 0.4633
vn -0.6229 -0.6344 0.4578
vn -0.6259 -0.6329 0.4557
vn -0.6232 -0.6347 0.4569
# 103 vertex normals

vt 0.6819 0.5417 4.8067
vt 0.6818 0.9070 4.8242
vt 0.6334 0.9071 4.8651
vt 0.6334 0.6512 4.8517
vt 0.6515 0.5437 4.8314
vt 0.3182 4.8242 0.9070
vt 0.3198 4.8180 0.9191
vt 0.3666 4.8585 0.9204
vt 0.3666 4.8651 0.9071
vt 0.4587 4.5704 1.1633
vt 0.4550 4.5675 1.1453
vt 0.4549 4.2135 1.1473
vt 0.4594 4.2092 1.1659
vt 0.4583 4.5782 1.1472
vt 1.1453 4.5675 0.5450
vt 1.0174 4.5867 0.5453
vt 1.0218 4.2405 0.5452
vt 1.1473 4.2135 0.5451
vt 0.4325 4.2377 1.0184
vt 0.4548 4.2405 1.0218
vt 0.4547 4.5867 1.0174
vt 1.1472 4.5782 0.5417
vt 1.0217 4.5974 0.5410
vt 0.3746 4.9942 1.0161
vt 0.3746 4.9943 1.0160
vt 0.4590 4.5974 1.0217
vt 0.4254 4.2312 1.0174
vt 0.3740 4.9950 1.0160
vt 0.3134 4.8125 0.9071
vt 0.6867 0.5433 4.7959
vt 0.6866 0.9071 4.8125
vt 0.6867 4.7959 0.5433
vt 0.6819 4.8067 0.5417
vt 0.6802 4.7964 0.5294
vt 0.6745 4.2248 0.5250
vt 0.6754 4.2249 0.5244
vt 0.6711 4.2329 0.5276
vt 0.6334 4.2660 0.5240
vt 0.6481 4.8203 0.5284
vt 0.6334 4.7998 0.5278
vt 0.8104 4.2030 0.6867
vt 0.9071 4.8125 0.6866
vt 0.5433 4.7959 0.6867
vt 0.5424 4.2241 0.6867
vt 0.3659 4.1915 0.9197
vt 0.3187 4.1941 0.9186
vt 0.9867 4.1862 0.6335
vt 0.9820 4.9908 0.6334
vt 0.9789 4.9895 0.6334
vt 0.9204 4.8585 0.6334
vt 0.9197 4.1915 0.6341
vt 1.2257 4.1847 0.5729
vt 1.2197 4.1645 0.5729
vt 1.2205 4.1644 0.5730
vt 0.4271 4.1847 1.2257
vt 0.4340 4.1951 1.2244
vt 0.4320 4.1853 1.2434
vt 0.5638 4.5867 1.1653
vt 0.5625 4.5957 1.1484
vt 0.5090 4.2365 1.1659
vt 0.5193 4.2536 1.1659
vt 0.5678 4.5914 1.1478
vt 0.5800 4.7136 1.0168
vt 0.5643 4.6172 1.0174
vt 0.4375 1.1484 4.5957
vt 0.4357 1.0174 4.6172
vt 0.5410 1.0217 4.5974
vt 0.5417 1.1472 4.5782
vt 0.4318 1.0174 4.6112
vt 0.4322 1.1478 4.5914
vt -0.0179 4.4391 0.5927
vt -0.0178 4.5149 0.5928
vt -0.0992 4.4799 0.5922
vt -0.0992 4.4655 0.5922
vt 0.4255 4.1805 1.0174
vt 0.4207 4.1808 1.0175
vt 0.8266 4.2017 0.6866
vt 0.6745 0.5250 4.2248
vt 0.6711 0.5276 4.2329
vt 0.6706 0.4595 4.2298
vt 0.6812 4.2249 0.5289
vt 0.6867 4.2241 0.5424
vt 0.9064 4.1954 0.6866
vt 0.3134 4.1954 0.9064
vt 0.3666 4.9908 0.9820
vt 0.3665 4.1862 0.9867
vt 0.3736 4.1834 1.0172
vt 0.3738 4.9952 1.0160
vt 1.0174 4.1805 0.5745
vt 1.0174 4.2312 0.5746
vt 0.4271 4.1640 1.2257
vt 0.4320 4.1623 1.2436
vt -0.0174 4.3819 0.4315
vt -0.0174 4.6112 0.4318
vt -0.1478 4.5914 0.4322
vt -0.1269 4.3464 0.4322
vt 0.6332 4.5845 0.0160
vt 0.6261 4.5611 -0.0164
vt 0.6261 4.3832 -0.0163
vt 0.6334 4.3609 0.0162
vt 1.2257 4.1640 0.5729
vt 0.4778 4.1597 1.2454
vt 0.4923 4.1837 1.2460
vt 0.9778 4.9890 0.6334
vt 0.9071 4.8651 0.6334
vt 0.6515 4.8314 0.5437
vt 0.5682 4.6112 1.0174
vt 0.5830 4.7095 1.0168
vt 0.6182 4.5493 -0.0188
vt 0.6148 4.5450 -0.0181
vt 0.6114 4.4082 -0.0185
vt 0.6156 4.4016 -0.0196
vt 0.1102 4.6240 0.6331
vt 0.1904 4.3063 0.6333
vt 0.3489 4.2565 0.6334
vt 0.5240 4.2660 0.6334
vt 0.5278 4.7998 0.6334
vt 0.6512 4.8517 0.6334
vt 0.6263 4.6497 1.0155
vt 0.6327 4.6299 0.9892
vt 0.0799 4.5996 0.3664
vt 0.5198 4.5638 0.7794
vt 0.5899 4.4725 -0.1093
vt 0.5922 4.4799 -0.0992
vt 0.0412 4.5954 0.6334
vt 0.1051 4.6218 0.6331
vt 0.5680 4.3407 1.1460
vt 0.5637 4.3274 1.1654
vt 0.6334 0.5240 4.2660
vt 0.6334 0.3489 4.2565
vt 0.6498 0.3139 4.2402
vt 0.4951 4.1955 1.2230
vt 0.4926 4.2092 1.1659
vt 0.0108 4.4974 0.3673
vt 0.0797 4.5206 0.3663
vt 0.0108 4.6299 0.3673
vt 0.6594 4.5638 0.9190
vt 0.6336 4.5996 0.9201
vt 0.6337 4.5206 0.9203
vt -0.1460 4.3407 0.4320
vt 0.6262 4.4783 1.0157
vt 0.6327 4.4974 0.9892
vt 0.5922 4.4655 -0.0992
vt 0.1790 4.3099 0.6333
vt 0.0569 4.3475 0.6337
vt 0.0162 4.3609 0.6334
vt 0.0160 4.5845 0.6332
vt 0.5928 4.5149 -0.0178
vt 0.5927 4.4391 -0.0179
vt 0.5685 4.3819 1.0174
# 150 texture coords

g default_Part_13
usemtl 07___Default
s off
f 785/1260/688 786/1261/688 787/1262/688 788/1263/688 
f 785/1260/689 788/1263/689 789/1264/689 
f 786/1265/690 790/1266/690 791/1267/690 787/1268/690 
f 792/1269/691 793/1270/691 794/1271/691 795/1272/691 
f 796/1273/692 793/1270/692 792/1269/692 
f 793/1274/693 797/1275/693 798/1276/693 794/1277/693 
f 799/1278/694 798/1279/694 797/1280/694 
f 797/1275/695 793/1274/695 796/1281/695 800/1282/695 
f 801/1283/696 802/1284/696 797/1280/696 800/1285/696 
f 803/1286/697 799/1278/697 797/1280/697 802/1284/697 
f 803/1286/698 802/1284/698 804/1287/698 
f 790/1266/699 786/1265/699 805/1288/699 
f 785/1260/700 806/1289/700 805/1290/700 786/1261/700 
f 806/1291/701 785/1292/701 807/1293/701 
f 808/1294/702 809/1295/702 807/1293/702 810/1296/702 
f 811/1297/703 810/1296/703 807/1293/703 812/1298/703 
f 811/1297/704 812/1298/704 813/1299/704 
f 814/1300/705 805/1301/705 806/1302/705 815/1303/705 
f 816/1304/706 791/1267/706 790/1266/706 817/1305/706 
f 818/1306/707 819/1307/707 820/1308/707 791/1309/707 
f 818/1306/708 791/1309/708 816/1310/708 
f 821/1311/709 822/1312/709 823/1313/709 
f 803/1286/710 821/1314/710 824/1315/710 799/1278/710 
f 799/1278/711 824/1315/711 794/1271/711 798/1279/711 
f 824/1315/712 821/1314/712 825/1316/712 
f 824/1315/713 795/1272/713 794/1271/713 
f 792/1269/714 826/1317/714 827/1318/714 796/1273/714 
f 826/1317/715 828/1319/715 829/1320/715 
f 830/1321/716 827/1318/716 826/1317/716 
f 831/1322/717 801/1283/717 800/1285/717 832/1323/717 
f 827/1324/718 832/1325/718 800/1326/718 796/1327/718 
f 833/1328/719 832/1325/719 827/1324/719 830/1329/719 
f 834/1330/720 835/1331/720 836/1332/720 837/1333/720 
f 838/1334/721 803/1286/721 839/1335/721 
f 840/1336/722 805/1301/722 814/1300/722 
f 808/1337/723 810/1338/723 841/1339/723 
f 842/1340/724 815/1341/724 806/1291/724 807/1293/724 
f 842/1340/725 807/1293/725 809/1295/725 
f 843/1342/726 805/1301/726 840/1336/726 
f 805/1288/727 843/1343/727 817/1305/727 790/1266/727 
f 819/1344/728 818/1345/728 844/1346/728 845/1347/728 
f 838/1348/729 822/1312/729 821/1311/729 803/1349/729 
f 846/1350/730 847/1351/730 825/1316/730 821/1314/730 
f 848/1352/731 833/1353/731 830/1354/731 849/1355/731 
f 850/1356/732 851/1357/732 852/1358/732 853/1359/732 
f 846/1360/733 821/1311/733 823/1313/733 
f 825/1316/734 847/1351/734 854/1361/734 855/1362/734 
f 856/1363/735 787/1364/735 791/1309/735 820/1308/735 
f 785/1292/736 789/1365/736 812/1298/736 807/1293/736 
f 844/1346/737 839/1335/737 803/1286/737 804/1287/737 
f 844/1346/737 804/1287/737 845/1347/737 
f 833/1366/738 857/1367/738 831/1322/738 832/1323/738 
f 858/1368/739 859/1369/739 860/1370/739 861/1371/739 
f 862/1372/740 863/1373/740 864/1374/740 811/1375/740 
f 862/1372/741 811/1375/741 813/1376/741 
f 788/1377/735 787/1364/735 856/1363/735 
s 2
f 865/1378/742 866/1379/743 867/1380/742 831/1322/742 
f 867/1380/742 868/1381/742 869/1382/742 835/1331/742 
f 869/1382/742 836/1383/743 835/1331/742 
f 859/1369/744 858/1368/745 851/1357/742 835/1331/742 
f 850/1356/742 870/1384/746 871/1385/742 851/1357/742 
f 871/1385/742 862/1372/747 813/1376/742 851/1357/742 
f 835/1331/742 851/1357/742 813/1376/742 831/1322/742 
f 813/1376/742 812/1298/742 789/1365/742 788/1263/748 
f 788/1263/748 856/1363/749 820/1308/750 845/1347/751 
f 820/1308/750 819/1307/752 845/1347/751 
f 813/1376/742 788/1263/748 845/1347/751 831/1322/742 
f 802/1284/753 801/1283/754 831/1322/742 804/1287/755 
f 845/1347/751 804/1287/755 831/1322/742 
f 867/1380/742 835/1331/742 831/1322/742 
f 865/1378/742 831/1322/742 857/1367/756 
s off
f 872/1386/757 830/1321/757 826/1317/757 873/1387/757 
f 841/1339/758 810/1338/758 811/1388/758 864/1389/758 
f 841/1339/759 864/1389/759 874/1390/759 
f 855/1362/760 875/1391/760 824/1315/760 825/1316/760 
f 875/1391/761 876/1392/761 795/1272/761 824/1315/761 
f 876/1392/762 828/1319/762 826/1317/762 792/1269/762 
f 876/1392/763 792/1269/763 795/1272/763 
f 877/1393/764 878/1394/764 867/1380/764 866/1395/764 
f 868/1396/765 867/1397/765 878/1398/765 
f 849/1355/766 830/1354/766 872/1399/766 
f 879/1400/767 877/1401/767 866/1379/767 865/1378/767 
f 837/1402/768 836/1383/768 869/1382/768 
f 861/1371/769 852/1358/769 851/1357/769 858/1368/769 
f 880/1403/770 863/1373/770 862/1372/770 871/1385/770 
f 881/1404/771 880/1403/771 871/1385/771 870/1384/771 
f 853/1405/772 881/1404/772 870/1384/772 850/1406/772 
f 873/1387/773 826/1317/773 829/1320/773 
s 1
f 838/1348/774 839/1335/775 844/1346/776 816/1310/777 
f 844/1346/776 818/1345/776 816/1310/777 
f 816/1310/777 817/1305/776 843/1343/776 840/1336/776 
f 838/1348/774 816/1310/777 840/1336/776 809/1295/777 
f 840/1336/776 814/1300/778 815/1303/774 809/1295/777 
f 815/1303/774 842/1340/779 809/1295/777 
f 841/1339/776 874/1390/776 854/1361/776 808/1294/780 
f 809/1295/777 808/1294/780 854/1361/776 838/1348/774 
f 854/1361/776 847/1351/776 846/1350/777 822/1312/780 
f 846/1350/777 823/1313/781 822/1312/780 
f 838/1348/774 854/1361/776 822/1312/780 
s off
f 835/1407/782 834/1408/782 860/1370/782 859/1369/782 
f 865/1378/783 857/1367/783 833/1366/783 848/1409/783 
f 865/1378/784 848/1409/784 879/1400/784 
s 4
f 878/1398/785 877/1393/785 879/1400/785 848/1409/785 
f 849/1355/786 872/1399/786 873/1387/785 848/1409/785 
f 873/1387/785 829/1320/787 828/1319/788 876/1392/785 
f 848/1409/785 873/1387/785 876/1392/785 861/1371/786 
f 876/1392/785 875/1391/785 855/1362/785 864/1389/785 
f 854/1361/785 874/1390/785 864/1389/785 855/1362/785 
f 864/1389/785 863/1373/789 880/1403/786 861/1371/786 
f 880/1403/786 881/1404/786 853/1405/786 861/1371/786 
f 853/1405/786 852/1358/785 861/1371/786 
f 876/1392/785 864/1389/785 861/1371/786 
f 878/1398/785 848/1409/785 861/1371/786 860/1370/786 
f 878/1398/785 860/1370/786 834/1408/785 869/1382/785 
f 834/1408/785 837/1333/790 869/1382/785 
f 878/1398/785 869/1382/785 868/1381/785 
# 74 polygons - 42 triangles

#
# object default_Part_14
#

v  -0.6477 7.4777 -0.0411
v  -0.6477 7.4008 -0.0410
v  -0.6301 7.4112 -0.0279
v  -0.6300 7.4732 -0.0279
v  -0.7570 7.3678 -0.2498
v  -0.7575 7.3677 -0.1344
v  -0.6588 7.3975 0.0028
v  -0.6477 7.3963 -0.2523
v  -0.2548 7.0350 -0.5504
v  -0.6909 7.0315 -0.5556
v  -0.4722 7.0428 -0.4994
v  -0.2601 7.0386 -0.5000
v  -0.4991 7.0339 -0.4725
v  -0.2585 7.8001 -0.5000
v  -0.2545 7.8460 -0.5805
v  -0.6486 7.3815 -0.2654
v  -0.7583 7.3487 -0.2669
v  -0.7795 7.3469 -0.2484
v  -0.7362 7.2432 -0.2672
v  -0.7448 7.2499 -0.2676
v  -0.6936 7.0202 -0.5659
v  -0.6539 6.9345 -0.5667
v  -0.6575 6.9374 -0.5667
v  -0.7119 7.0123 -0.5538
v  -0.2618 7.0095 -0.5728
v  -0.7793 7.3470 -0.1822
v  0.2762 7.0295 -0.5594
v  0.2779 7.0308 -0.5748
v  0.2778 7.0578 -0.5778
v  0.2757 7.0335 -0.5563
v  -0.6067 7.4166 0.0794
v  -0.6063 7.4768 -0.0275
v  -0.6064 7.4167 -0.0275
v  -0.6067 7.4153 0.0778
v  -0.7119 6.9923 -0.5538
v  -0.7119 7.0122 -0.5291
v  -0.7585 7.2615 -0.2671
v  -0.7795 7.2937 -0.2485
v  -0.6463 7.4057 0.0257
v  -0.6370 7.0324 -0.4280
v  -0.6617 7.0327 -0.4528
v  -0.6912 7.0319 -0.4837
v  -0.6162 7.0326 -0.4067
v  -0.5061 7.0326 -0.4074
v  -0.6542 7.1763 -0.2669
v  -0.6935 6.9674 -0.5661
v  -0.2642 6.6107 -0.5728
v  -0.0423 6.7550 -0.6487
v  -0.2366 6.5883 -0.6434
v  -0.2380 7.8840 -0.6431
v  -0.0437 7.7609 -0.6451
v  -0.1191 7.9042 -0.6443
v  -0.2602 6.5893 -0.5953
v  0.2739 7.0256 -0.7010
v  0.2738 7.2270 -0.7011
v  0.2517 7.0063 -0.7229
v  0.2525 7.2949 -0.7218
v  -0.6483 7.6124 -0.2807
v  -0.6475 7.6052 -0.2677
v  -0.6279 7.0423 -0.4066
v  -0.6287 7.6861 -0.4059
v  -0.5043 7.7072 -0.4070
v  -0.6453 7.0661 -0.3947
v  -0.6455 7.6768 -0.3943
v  -0.2560 7.8693 -0.6222
v  -0.2580 6.5703 -0.6182
v  -0.2581 6.5702 -0.6169
v  -0.4726 7.7642 -0.4990
v  -0.4262 7.3734 0.2090
v  -0.0270 6.8804 0.0025
v  0.1424 6.9185 -0.2740
v  0.2781 7.0312 -0.5580
v  -0.0186 7.8125 -0.7211
v  -0.0391 7.8262 -0.7016
v  -0.4985 7.7451 -0.4726
v  -0.0379 6.7580 -0.7030
v  -0.0203 6.7729 -0.7202
v  -0.0052 6.7944 -0.0819
# 78 vertices

vn -0.5974 0.0007 0.8020
vn -0.2886 0.9575 -0.0000
vn -0.2521 0.9675 -0.0208
vn 0.0022 0.9897 -0.1429
vn -0.1060 0.9704 0.2171
vn -0.9975 -0.0001 -0.0704
vn -0.1884 0.6607 -0.7266
vn -0.5673 0.5699 -0.5945
vn 0.0635 0.0166 -0.9978
vn 0.0443 0.0291 -0.9986
vn -0.6023 0.6124 -0.5121
vn 0.0041 0.6646 -0.7472
vn -0.6842 0.7293 -0.0014
vn 0.9934 0.0166 0.1136
vn -1.0000 0.0006 -0.0030
vn -1.0000 0.0004 0.0000
vn -0.6602 0.0021 -0.7511
vn -0.2436 0.9697 0.0168
vn -0.4796 0.8758 -0.0544
vn 0.0336 0.9992 -0.0216
vn -0.0229 0.9997 -0.0056
vn -0.0033 0.9999 0.0132
vn -0.0111 0.9999 -0.0027
vn 0.0100 0.0064 -0.9999
vn -0.6795 0.7336 -0.0039
vn -0.5535 0.0006 -0.8329
vn -0.0157 0.0003 -0.9999
vn -0.0358 0.0030 -0.9994
vn -1.0000 -0.0005 0.0020
vn -0.0186 0.0017 -0.9998
vn -0.0097 0.0002 -1.0000
vn -0.9837 0.0058 -0.1800
vn -0.0165 0.0026 -0.9999
vn 0.9995 0.0004 -0.0321
vn 0.7003 0.0005 -0.7138
vn -0.9979 0.0056 0.0649
vn -0.0088 0.0010 -1.0000
vn -0.0071 0.0007 -1.0000
vn -0.5645 0.0003 -0.8255
vn -0.9954 0.0013 -0.0958
vn -0.9994 0.0087 0.0332
vn -0.9994 0.0017 0.0355
vn -0.0038 0.0003 -1.0000
vn -0.0198 -0.0002 0.9998
vn -1.0000 0.0006 -0.0002
vn 0.7575 0.3960 0.5190
vn -0.9985 0.0117 -0.0542
vn -0.9997 -0.0004 -0.0248
vn -0.7102 0.0002 -0.7040
vn -0.9953 0.0017 -0.0968
vn -0.1421 0.8626 0.4855
vn -0.1419 0.8626 0.4855
vn 0.0010 0.6178 -0.7863
vn -0.9967 -0.0010 -0.0816
vn -0.6936 0.0003 -0.7204
vn -0.5373 -0.6566 0.5293
vn -0.5373 -0.6567 0.5293
vn -0.5372 -0.6567 0.5293
vn -0.5373 -0.6567 0.5291
vn -0.5392 -0.6536 0.5311
vn -0.5372 -0.6567 0.5292
vn -0.0062 0.0002 -1.0000
vn 0.8394 -0.2568 0.4791
vn -0.7609 -0.0008 -0.6489
vn 0.6513 -0.7588 0.0101
vn 0.6513 -0.7587 0.0102
vn 0.6513 -0.7588 0.0102
vn 0.6514 -0.7587 0.0101
vn 0.6514 -0.7587 0.0102
# 69 vertex normals

vt 0.3273 3.8732 0.5425
vt 0.3273 3.8386 0.5425
vt 0.3319 3.8433 0.5289
vt 0.3320 3.8712 0.5289
vt 0.2981 0.7585 3.8237
vt 0.2980 0.6391 3.8236
vt 0.3243 0.4971 3.8371
vt 0.3273 0.5425 3.8386
vt 0.3273 0.7611 3.8365
vt 0.4320 1.0696 3.6735
vt 0.3157 1.0750 3.6720
vt 0.3741 1.0168 3.6771
vt 0.4306 1.0174 3.6752
vt 0.3669 0.9890 3.6730
vt -0.0174 4.0187 0.4311
vt -0.1008 4.0394 0.4321
vt -0.0696 3.6735 0.4320
vt -0.0174 3.6752 0.4306
vt 0.6730 3.8299 0.7747
vt 0.7023 3.8151 0.7762
vt 0.7019 3.8237 0.7585
vt 0.6727 3.8365 0.7611
vt 0.7079 3.8143 0.7571
vt 0.6963 3.7675 0.7765
vt 0.6986 3.7705 0.7770
vt 0.6850 3.6669 1.0857
vt 0.6744 3.6282 1.0864
vt 0.6754 3.6295 1.0865
vt 0.6899 3.6633 1.0731
vt 0.6843 3.6720 1.0750
vt 0.5698 3.6620 1.0928
vt 0.5680 3.6735 1.0696
vt 0.2921 0.7571 3.8143
vt 0.2921 0.6885 3.8143
vt 1.0789 3.6711 0.5737
vt 1.0949 3.6717 0.5741
vt 1.0980 3.6838 0.5741
vt 1.0757 3.6729 0.5735
vt 0.5822 3.8457 0.3382
vt 0.4716 3.8729 0.3383
vt 0.4716 3.8457 0.3383
vt 0.5805 3.8451 0.3382
vt -0.0731 3.6633 0.3101
vt -0.0731 3.6543 0.3101
vt -0.0476 3.6633 0.3101
vt 0.7023 3.7757 0.7764
vt 0.7079 3.7903 0.7571
vt 0.3383 0.5284 3.8457
vt 0.3319 0.5289 3.8433
vt 0.3276 0.4734 3.8408
vt 0.3382 0.4195 3.8451
vt 0.3301 0.9429 3.6724
vt 0.3235 0.9685 3.6725
vt 0.3156 1.0006 3.6721
vt 0.3357 0.9208 3.6725
vt 0.3650 0.9216 3.6725
vt 0.6745 3.7373 0.7762
vt 0.3101 1.0731 3.6633
vt 0.3101 1.0476 3.6633
vt 0.6899 3.6543 1.0731
vt 0.6850 3.6431 1.0858
vt 0.5705 3.4821 1.0928
vt 0.3115 3.8143 0.2921
vt 0.2429 3.8143 0.2921
vt 0.2429 3.7903 0.2921
vt 0.5113 3.5472 1.1713
vt 0.5631 3.4720 1.1659
vt 0.5635 4.0565 1.1656
vt 0.5116 4.0010 1.1676
vt 0.5318 4.0657 1.1668
vt -0.0928 3.4821 0.4295
vt -0.0928 3.6620 0.4302
vt -0.1160 3.4725 0.4306
vt 1.2255 3.6693 0.5730
vt 1.2255 3.7602 0.5730
vt 0.4270 3.7602 1.2255
vt 0.4270 3.6693 1.2255
vt 0.4329 3.6606 1.2481
vt 0.4327 3.7908 1.2470
vt 0.2095 3.9340 0.3271
vt 0.2253 3.8299 0.3270
vt 0.2389 3.8365 0.3273
vt 0.2230 3.9308 0.3273
vt 0.6643 3.6725 0.9208
vt 0.6675 3.6768 0.9207
vt 0.6677 3.9673 0.9200
vt 0.6345 3.9768 0.9211
vt 0.6350 3.6725 0.9216
vt 0.6721 3.6876 0.9085
vt 0.6722 3.9631 0.9081
vt -0.1439 4.0499 0.4317
vt -0.1398 3.4639 0.4312
vt -0.1384 3.4639 0.4312
vt 0.6261 4.0025 1.0164
vt 0.5689 4.0187 1.0174
vt 0.5694 3.6752 1.0174
vt 0.6259 3.6771 1.0168
vt 0.3383 3.8457 0.5284
vt 0.3383 3.8729 0.5284
vt 0.4575 3.8732 0.3273
vt 0.4575 3.8386 0.3273
vt 0.7851 3.8262 0.4085
vt 0.7411 3.6038 0.5391
vt 0.5835 3.6210 0.8052
vt -0.1676 4.0010 0.4884
vt 0.4258 3.6718 1.0775
vt 0.4265 3.6729 1.0757
vt 0.5050 4.0243 1.2462
vt 0.5104 4.0305 1.2261
vt 0.1159 4.0657 0.7509
vt 0.0915 3.6876 0.3279
vt 0.2238 3.7373 0.3255
vt 0.0919 3.9631 0.3278
vt 0.6330 3.9939 0.9891
vt 0.6331 3.6730 0.9890
vt 0.0789 3.9768 0.3655
vt 0.0109 3.9939 0.3670
vt 0.0110 3.6730 0.3669
vt 0.0784 3.6725 0.3650
vt 0.5683 4.0499 1.1439
vt 0.7570 3.8262 0.4219
vt 0.4263 3.6711 1.0789
vt -0.2261 4.0305 0.4896
vt -0.2275 3.5486 0.4899
vt -0.1713 3.5472 0.4887
vt 0.5054 3.5553 1.2453
vt 0.5101 3.5486 1.2275
vt 0.6284 3.5650 0.6594
vt 0.6509 3.6038 0.5818
vt 0.5821 3.8457 0.3383
vt 0.7081 3.5650 0.6216
vt 0.5688 3.4639 1.1398
# 132 texture coords

g default_Part_14
usemtl 07___Default
s off
f 882/1410/791 883/1411/791 884/1412/791 885/1413/791 
f 886/1414/792 887/1415/792 888/1416/792 883/1417/792 
f 886/1414/793 883/1417/793 889/1418/793 
f 890/1419/794 891/1420/794 892/1421/794 893/1422/794 
f 891/1420/795 894/1423/795 892/1421/795 
f 895/1424/796 896/1425/796 890/1426/796 893/1427/796 
f 897/1428/797 898/1429/797 886/1430/797 889/1431/797 
f 899/1432/798 886/1430/798 898/1429/798 
f 898/1429/799 900/1433/799 901/1434/799 
f 902/1435/800 903/1436/800 904/1437/800 
f 902/1435/801 905/1438/801 891/1439/801 
f 906/1440/802 902/1435/802 891/1439/802 890/1441/802 
f 886/1414/803 899/1442/803 907/1443/803 887/1415/803 
f 908/1444/804 909/1445/804 910/1446/804 911/1447/804 
f 912/1448/805 913/1449/805 914/1450/805 915/1451/805 
f 905/1452/806 916/1453/806 917/1454/806 
f 898/1429/807 918/1455/807 919/1456/807 899/1432/807 
f 914/1457/808 884/1458/808 920/1459/808 915/1460/808 
f 920/1459/809 884/1458/809 883/1417/809 888/1416/809 
f 921/1461/810 891/1420/810 922/1462/810 
f 922/1462/811 891/1420/811 923/1463/811 
f 921/1461/812 924/1464/812 925/1465/812 894/1423/812 
f 921/1461/813 894/1423/813 891/1420/813 
f 900/1433/814 898/1429/814 897/1428/814 926/1466/814 
f 891/1420/815 905/1467/815 917/1468/815 923/1463/815 
f 916/1469/816 905/1438/816 902/1435/816 927/1470/816 
f 903/1436/817 902/1435/817 906/1440/817 928/1471/817 
f 918/1455/818 898/1429/818 901/1434/818 
f 907/1472/819 899/1473/819 919/1474/819 
f 929/1475/820 930/1476/820 931/1477/820 932/1478/820 
f 933/1479/821 932/1478/821 931/1477/821 
f 928/1480/822 906/1481/822 934/1482/822 
f 927/1470/823 902/1435/823 904/1437/823 
f 910/1446/824 909/1445/824 935/1483/824 936/1484/824 
f 936/1485/825 935/1486/825 937/1487/825 938/1488/825 
f 939/1489/826 897/1490/826 889/1491/826 940/1492/826 
f 924/1493/827 941/1494/827 942/1495/827 943/1496/827 
f 924/1493/828 943/1496/828 925/1497/828 
f 942/1495/829 941/1494/829 944/1498/829 945/1499/829 
f 946/1500/830 947/1501/830 948/1502/830 934/1482/830 
f 946/1500/831 934/1482/831 906/1481/831 890/1426/831 
f 946/1500/832 890/1426/832 896/1425/832 
f 949/1503/833 895/1504/833 893/1505/833 892/1506/833 
f 914/1507/834 913/1508/834 885/1413/834 884/1412/834 
f 882/1509/835 940/1492/835 889/1491/835 883/1510/835 
s 4
f 950/1511/836 951/1512/836 952/1513/836 932/1514/836 
f 952/1513/836 953/1515/836 911/1516/836 936/1484/836 
f 911/1516/836 910/1446/836 936/1484/836 
f 936/1484/836 938/1488/836 954/1517/836 932/1514/836 
f 954/1517/836 955/1518/836 932/1514/836 
f 952/1513/836 936/1484/836 932/1514/836 
f 950/1511/836 932/1514/836 933/1519/836 
s off
f 944/1520/837 926/1521/837 897/1490/837 939/1489/837 
f 944/1520/838 939/1489/838 945/1522/838 
f 956/1523/839 949/1503/839 892/1506/839 894/1524/839 
f 943/1525/840 956/1526/840 894/1527/840 925/1528/840 
s 8
f 933/1519/841 931/1477/841 946/1529/841 896/1425/841 
f 933/1519/841 896/1425/841 895/1424/841 913/1508/841 
f 895/1424/841 949/1503/841 956/1523/841 943/1525/841 
f 943/1525/841 942/1495/841 945/1499/841 940/1492/841 
f 945/1499/841 939/1489/842 940/1492/841 
f 895/1424/841 943/1525/841 940/1492/841 913/1508/841 
f 940/1492/841 882/1509/841 885/1413/841 913/1508/841 
f 913/1508/841 912/1448/841 950/1530/841 933/1519/841 
s off
f 908/1531/843 911/1516/843 953/1515/843 
f 932/1514/844 955/1532/844 957/1533/844 929/1534/844 
f 955/1518/845 954/1517/845 958/1535/845 957/1536/845 
s 1
f 959/1537/846 951/1538/846 950/1530/846 915/1451/847 
f 950/1530/846 912/1539/847 915/1451/847 
f 915/1451/847 920/1459/846 888/1416/848 907/1443/846 
f 888/1416/848 887/1415/846 907/1443/846 
f 959/1537/846 915/1451/847 907/1443/846 926/1466/846 
f 907/1443/846 919/1474/846 918/1455/847 900/1433/847 
f 918/1455/847 901/1434/849 900/1433/847 
f 907/1443/846 900/1433/847 926/1466/846 
f 926/1466/846 944/1520/847 941/1494/846 924/1493/846 
f 959/1537/846 926/1466/846 924/1493/846 904/1437/847 
f 921/1461/850 922/1462/851 923/1463/846 924/1493/846 
f 923/1463/846 917/1468/847 916/1453/846 904/1437/847 
f 916/1453/846 927/1470/847 904/1437/847 
f 924/1493/846 923/1463/846 904/1437/847 
f 959/1537/846 904/1437/847 903/1436/847 928/1471/847 
f 959/1537/846 928/1471/847 934/1482/846 948/1502/846 
s off
f 958/1535/852 954/1517/852 938/1488/852 937/1487/852 
s 2
f 952/1513/853 951/1512/853 959/1540/853 
s off
f 946/1529/854 931/1477/854 930/1476/854 947/1541/854 
s 16
f 952/1513/855 959/1540/855 948/1502/855 908/1444/856 
f 948/1502/855 947/1501/857 930/1476/855 929/1475/855 
f 929/1475/855 957/1533/855 958/1535/855 935/1486/855 
f 958/1535/855 937/1487/855 935/1486/855 
f 935/1486/855 909/1445/858 908/1444/856 929/1475/855 
f 948/1502/855 929/1475/855 908/1444/856 
f 953/1515/859 952/1513/855 908/1444/856 
# 59 polygons - 34 triangles

#
# object default_Part_15
#

v  -0.4320 5.0948 0.6824
v  -0.4324 6.3064 0.6814
v  -0.4333 6.2435 0.6261
v  -0.4341 5.0940 0.6284
v  -0.4968 5.0780 0.6235
v  -0.5137 6.1320 0.6222
v  -0.5153 5.0868 0.6220
v  -0.5331 5.0660 0.7315
v  -0.4182 5.1062 0.6986
v  -0.4180 6.3450 0.6988
v  -0.1832 5.1682 0.7776
v  -0.1856 6.7404 0.7752
v  -0.1905 6.6489 0.6992
v  -0.1928 5.1771 0.6992
v  -0.5529 5.0608 0.7853
v  -0.5540 5.0604 0.7885
v  -0.1630 5.1739 0.7938
v  -0.5358 5.0468 0.8083
v  -0.0021 5.1965 0.8104
v  -0.0537 4.8248 0.8106
v  -0.0474 4.8219 0.8106
v  -0.0004 5.2149 0.7940
v  0.1925 4.7162 0.7938
v  0.4017 4.6203 0.7931
v  0.4006 6.5083 0.7935
v  0.2017 6.6210 0.7938
v  0.0200 5.2015 0.7938
v  -0.5317 5.1003 0.5998
v  -0.5305 6.0893 0.6040
v  -0.5322 5.8857 0.4236
v  -0.5317 5.1464 0.4262
v  0.4229 6.3695 0.6008
v  0.4211 6.4836 0.7735
v  0.4224 4.6163 0.7725
v  0.4229 4.6654 0.5865
v  0.1733 4.7247 0.7949
v  -0.0019 4.8011 0.8104
v  0.8125 6.0310 0.4203
v  0.6830 6.1060 0.4231
v  0.6830 4.6499 0.4280
v  0.8138 4.6386 0.4201
v  0.6830 6.1904 0.5519
v  0.6830 4.6142 0.5494
v  0.0202 4.7953 0.7938
v  -0.6638 5.2082 0.4218
v  -0.6850 5.6797 0.4218
v  -0.7609 5.5776 0.4209
v  -0.7610 5.2532 0.4208
v  0.1909 6.6271 0.7939
v  -0.7789 5.5327 0.4021
v  -0.7790 5.2939 0.4021
v  -0.7644 5.2556 0.4173
v  -0.1652 6.7881 0.7937
v  0.0189 6.2849 0.1225
v  -0.1440 6.8165 0.7937
v  -0.0262 5.9553 -0.1189
v  -0.7791 5.4474 0.3259
v  0.6668 6.2119 0.5709
v  0.5215 4.6217 0.5807
v  0.6663 4.6092 0.5721
v  0.8318 5.7343 -0.0162
v  0.8318 5.1371 0.0672
v  0.8318 5.6291 -0.1769
v  0.8318 6.0058 0.3985
v  0.6009 5.7569 -0.1811
v  0.5050 4.6837 0.3758
v  0.8318 4.6437 0.3965
v  0.8318 4.6728 0.2975
# 68 vertices

vn -0.9996 0.0002 0.0280
vn -0.0619 0.0011 0.9981
vn -0.0778 -0.0001 0.9970
vn -0.2614 0.9651 0.0118
vn -0.7665 0.0002 0.6422
vn -0.9956 0.0001 0.0940
vn -0.2971 0.9441 0.1429
vn -0.2788 0.9603 0.0115
vn -0.1849 0.6288 0.7552
vn 0.0004 0.0005 1.0000
vn -0.1683 0.6651 0.7276
vn 0.0024 -0.0001 1.0000
vn 0.0000 0.0000 1.0000
vn 0.3950 0.5911 0.7032
vn -0.2966 0.9542 0.0394
vn -0.2793 0.9602 -0.0106
vn -1.0000 0.0004 0.0047
vn 1.0000 0.0003 0.0062
vn 0.0668 0.0237 0.9975
vn 0.0048 -0.0000 1.0000
vn -0.0042 0.0011 1.0000
vn 0.0415 0.0016 0.9991
vn 1.0000 0.0000 -0.0000
vn -0.0071 -0.0000 1.0000
vn 0.6009 0.0003 0.7993
vn -0.0106 -0.0004 0.9999
vn 0.0084 -0.0011 1.0000
vn -0.7217 0.0001 0.6923
vn -0.7223 0.0000 0.6916
vn -0.7723 -0.0003 0.6353
vn -0.6493 -0.0004 0.7605
vn -0.0231 0.0017 0.9997
vn -0.0023 -0.0001 1.0000
vn -0.6649 0.4985 -0.5562
vn -0.6650 0.4985 -0.5562
vn -1.0000 0.0004 0.0019
vn 0.1004 -0.0057 0.9949
vn 0.0592 0.0008 0.9982
vn -0.0005 0.0001 1.0000
vn -0.0012 0.0002 1.0000
vn 0.7019 0.0002 0.7123
vn 1.0000 -0.0000 -0.0000
vn 0.4278 0.7562 -0.4951
vn 0.4279 0.7562 -0.4951
vn 0.9224 0.3231 -0.2115
vn 0.4277 0.7560 -0.4955
vn -0.4057 -0.8834 -0.2346
vn -0.4056 -0.8833 -0.2353
vn -0.4057 -0.8834 -0.2345
vn -0.4052 -0.8823 -0.2395
vn 0.7725 -0.0001 0.6350
vn -0.2237 -0.4331 -0.8731
vn -0.9801 -0.0882 -0.1778
vn 0.7849 -0.0004 0.6196
vn -0.0990 -0.9546 -0.2808
vn -0.0991 -0.9546 -0.2808
vn 0.1029 0.5786 -0.8091
# 57 vertex normals

vt 1.2062 2.7983 0.3848
vt 1.2051 3.3449 0.3847
vt 1.1479 3.3165 0.3844
vt 1.1503 2.7980 0.3842
vt 0.3675 2.7907 -0.1452
vt 0.3842 2.7980 -0.1503
vt 0.3844 3.3165 -0.1479
vt 0.3630 3.2662 -0.1439
vt 0.3626 2.7947 -0.1437
vt 0.3848 -0.2062 2.7983
vt 0.3842 -0.1503 2.7980
vt 0.3675 -0.1452 2.7907
vt 0.3578 -0.2570 2.7853
vt 0.3884 2.8035 -0.2229
vt 0.3885 3.3623 -0.2231
vt 0.3847 3.3449 -0.2051
vt 0.3848 2.7983 -0.2062
vt 1.3047 2.8314 0.4511
vt 1.3023 3.5407 0.4505
vt 1.2236 3.4994 0.4492
vt 1.2236 2.8354 0.4486
vt 0.4511 -0.3047 2.8314
vt 0.4486 -0.2236 2.8354
vt 0.3884 -0.2229 2.8035
vt 0.3525 -0.3127 2.7830
vt 0.3522 -0.3160 2.7828
vt 0.4565 -0.3215 2.8340
vt 0.4565 2.8340 -0.3215
vt 0.3522 2.7828 -0.3160
vt 0.3571 2.7767 -0.3365
vt 0.4994 2.8442 -0.3387
vt 0.4857 2.6765 -0.3389
vt 0.4874 2.6752 -0.3389
vt 0.4999 2.8525 -0.3217
vt 0.5513 2.6275 -0.3215
vt 0.6071 2.5843 -0.3208
vt 0.6068 3.4359 -0.3211
vt 0.5538 3.4868 -0.3215
vt 0.5053 2.8464 -0.3215
vt 1.1207 2.8008 0.3582
vt 1.1251 3.2469 0.3585
vt 0.9384 3.1551 0.3581
vt 0.9411 2.8216 0.3582
vt -0.1217 3.3733 0.6128
vt -0.3005 3.4248 0.6123
vt -0.2994 2.5824 0.6127
vt -0.1070 2.6046 0.6128
vt 0.5462 2.6314 -0.3226
vt 0.4995 2.6658 -0.3386
vt 0.7167 3.2206 0.0650
vt 0.6822 3.2545 0.0622
vt 0.6822 2.5976 0.0571
vt 0.7171 2.5925 0.0653
vt 0.0622 3.2545 0.6822
vt -0.0712 3.2925 0.6822
vt -0.0686 2.5815 0.6822
vt 0.0571 2.5976 0.6822
vt 0.5054 2.6632 -0.3215
vt 0.3230 2.8495 0.0635
vt 0.3173 3.0622 0.0635
vt 0.2971 3.0161 0.0644
vt 0.2970 2.8697 0.0645
vt 0.5509 3.4896 -0.3216
vt 0.2923 2.9958 0.0838
vt 0.2922 2.8881 0.0839
vt 0.2961 2.8709 0.0681
vt 0.3585 3.2469 -0.1251
vt 0.3582 2.8008 -0.1207
vt 0.4505 3.5407 -0.3023
vt 0.4511 2.8314 -0.3047
vt 0.4559 3.5622 -0.3214
vt 0.3582 2.8216 0.0589
vt 0.3581 3.1551 0.0616
vt 0.4486 2.8354 -0.2236
vt 0.4492 3.4994 -0.2236
vt 0.9162 2.9958 0.2923
vt 0.7764 3.3352 0.1770
vt 0.4616 3.5750 -0.3214
vt 0.8994 3.1865 0.3891
vt 0.7512 2.9574 0.2635
vt 0.9161 2.8881 0.2922
vt 0.8373 2.9574 0.2922
vt 0.6778 3.3023 -0.0908
vt 0.6128 3.3733 -0.1217
vt 0.6128 2.6046 -0.1070
vt 0.6391 2.5849 -0.1010
vt 0.6777 2.5793 -0.0921
vt 0.6123 3.4248 -0.3005
vt 0.6127 2.5824 -0.2994
vt 0.5167 3.0868 0.7218
vt 0.4305 2.8174 0.7218
vt 0.6830 3.0393 0.7218
vt 0.6822 3.2925 -0.0712
vt 0.7218 3.2093 0.0876
vt 0.7647 3.0970 0.6261
vt 0.7904 3.3352 0.1817
vt 0.1991 2.6128 0.5443
vt 0.7218 2.5948 0.0896
vt 0.3107 3.0393 0.7453
vt 0.9290 3.1865 0.3990
vt 0.5090 3.0970 0.6422
vt 0.1921 2.6079 0.7218
vt 0.6822 2.5815 -0.0686
vt 0.0876 3.2093 0.7218
vt 0.0896 2.5948 0.7218
# 105 texture coords

g default_Part_15
usemtl 07___Default
s off
f 960/1542/860 961/1543/860 962/1544/860 963/1545/860 
f 964/1546/861 963/1547/861 962/1548/861 965/1549/861 
f 964/1546/862 965/1549/862 966/1550/862 
f 960/1551/863 963/1552/863 964/1553/863 967/1554/863 
f 968/1555/864 969/1556/864 961/1557/864 960/1558/864 
f 970/1559/865 971/1560/865 972/1561/865 973/1562/865 
f 970/1563/866 973/1564/866 968/1565/866 
f 974/1566/867 975/1567/867 976/1568/867 970/1563/867 
f 976/1569/868 975/1570/868 977/1571/868 978/1572/868 
f 978/1572/869 979/1573/869 980/1574/869 
f 976/1569/870 978/1572/870 981/1575/870 
f 982/1576/871 983/1577/871 984/1578/871 985/1579/871 
f 982/1576/872 985/1579/872 986/1580/872 
f 981/1575/873 978/1572/873 986/1580/873 
f 974/1566/874 970/1563/874 968/1565/874 960/1551/874 
f 974/1566/875 960/1551/875 967/1554/875 
f 987/1581/876 988/1582/876 989/1583/876 990/1584/876 
f 991/1585/877 992/1586/877 993/1587/877 994/1588/877 
f 982/1576/878 986/1580/878 995/1589/878 
f 996/1590/879 978/1572/879 980/1574/879 
f 979/1573/880 978/1572/880 977/1571/880 
f 997/1591/881 998/1592/881 999/1593/881 1000/1594/881 
f 998/1595/882 1001/1596/882 1002/1597/882 999/1598/882 
f 995/1589/883 986/1580/883 1003/1599/883 
f 986/1580/884 978/1572/884 996/1590/884 1003/1599/884 
f 1004/1600/885 1005/1601/885 1006/1602/885 1007/1603/885 
f 981/1575/886 986/1580/886 985/1579/886 1008/1604/886 
f 1009/1605/887 1010/1606/887 1011/1607/887 1007/1603/887 
f 1009/1605/888 1007/1603/888 1006/1602/888 
f 988/1608/889 987/1609/889 966/1550/889 965/1549/889 
f 971/1610/890 970/1611/890 976/1569/890 1012/1612/890 
f 1005/1601/891 1004/1600/891 990/1613/891 989/1614/891 
f 969/1556/892 968/1555/892 973/1615/892 972/1616/892 
s 8
f 1009/1617/893 1006/1602/893 1005/1601/893 989/1614/893 
f 989/1614/893 988/1582/893 965/1549/893 962/1548/893 
f 962/1548/893 961/1543/893 969/1556/893 972/1616/893 
f 989/1614/893 962/1548/893 972/1616/893 1013/1618/893 
f 972/1616/893 971/1560/894 1012/1612/893 1013/1618/893 
f 1012/1612/893 1014/1619/893 1013/1618/893 
f 1009/1617/893 989/1614/893 1013/1618/893 1015/1620/893 
f 1009/1617/893 1015/1620/893 1016/1621/893 
s off
f 1010/1622/895 1009/1617/895 1016/1623/895 
f 1017/1624/896 991/1625/896 994/1626/896 1018/1627/896 
f 1017/1624/897 1018/1627/897 1019/1628/897 
f 1008/1604/898 1014/1619/898 1012/1612/898 976/1569/898 
f 1008/1604/899 976/1569/899 981/1575/899 
f 992/1629/900 984/1578/900 983/1577/900 993/1630/900 
f 1020/1631/901 1021/1632/901 1022/1633/901 
s 4
f 985/1579/902 984/1578/902 992/1629/902 991/1585/902 
f 991/1585/902 1017/1624/902 1001/1634/902 998/1595/902 
f 998/1595/902 997/1591/902 1023/1635/902 1022/1633/903 
f 1023/1635/902 1020/1631/904 1022/1633/903 
f 991/1585/902 998/1595/902 1022/1633/903 985/1579/902 
f 1022/1633/903 1024/1636/902 1013/1637/902 1014/1619/902 
f 985/1579/902 1022/1633/903 1014/1619/902 1008/1604/905 
s 2
f 977/1571/906 975/1570/906 974/1566/906 967/1554/906 
f 964/1553/906 966/1550/906 987/1609/906 990/1584/906 
f 1004/1600/907 1007/1603/906 1011/1607/906 990/1584/906 
f 990/1584/906 1011/1607/906 1025/1638/906 964/1553/906 
f 1025/1638/906 1018/1627/906 994/1626/906 982/1576/906 
f 994/1626/906 993/1587/906 983/1577/906 982/1576/906 
f 982/1576/906 995/1589/908 1003/1599/906 1025/1638/906 
f 964/1553/906 1025/1638/906 1003/1599/906 967/1554/906 
f 977/1571/906 967/1554/906 1003/1599/906 980/1574/906 
f 1003/1599/906 996/1590/906 980/1574/906 
f 977/1571/906 980/1574/906 979/1573/909 
s off
f 1023/1635/910 997/1591/910 1000/1594/910 1026/1639/910 
s 16
f 1011/1607/911 1010/1606/911 1016/1623/911 1022/1640/911 
f 1015/1641/911 1024/1642/911 1022/1640/911 1016/1623/911 
f 1022/1640/911 1021/1632/912 1027/1643/911 1011/1607/911 
f 1011/1607/911 1027/1643/911 1025/1638/911 
s off
f 1001/1634/913 1017/1624/913 1019/1628/913 1002/1644/913 
f 1021/1632/901 1020/1631/901 1023/1645/901 1026/1646/901 
f 1021/1632/882 1026/1646/882 1027/1643/882 
s 1
f 999/1593/914 1002/1597/914 1019/1628/914 1025/1638/915 
f 1019/1628/914 1018/1627/914 1025/1638/915 
f 1025/1638/915 1027/1643/914 1026/1646/914 999/1593/914 
f 999/1593/914 1026/1646/914 1000/1594/914 
s 32
f 1013/1618/916 1024/1636/916 1015/1641/916 
# 53 polygons - 26 triangles

#
# object default_Part_16
#

v  -0.8906 2.9119 -0.7300
v  -0.9118 2.9158 -0.7061
v  -0.9118 3.5490 -0.7065
v  -0.8908 3.5598 -0.7300
v  -0.9118 3.1076 -0.0670
v  -0.8874 3.1213 -0.0403
v  -0.8871 3.4256 -0.0403
v  -0.9118 3.6281 -0.0664
v  -0.3094 2.7896 -0.8131
v  -0.3020 3.9444 -0.8131
v  -0.2606 3.9724 -0.8131
v  -0.1760 2.7610 -0.8131
v  -0.3223 2.7915 -0.7798
v  -0.3137 3.9384 -0.8003
v  -0.3096 3.9396 -0.8114
v  -0.3102 2.7897 -0.8129
v  -0.3101 2.7897 -0.8131
v  -0.3090 3.9398 -0.8131
v  -0.3131 3.9386 -0.8020
v  -0.3223 2.7915 -0.7799
v  -0.7814 3.1154 -0.0403
v  -0.7810 3.4916 -0.0403
v  -0.7814 3.1393 0.0019
v  -0.4067 3.1346 0.0304
v  -0.9118 3.6413 -0.0680
v  -0.6243 3.8347 -0.0697
v  -0.3573 3.1177 0.0055
v  -0.3398 3.9933 -0.2988
v  -0.2417 2.7751 -0.8131
v  -0.2446 2.7757 -0.8131
v  -0.2803 3.9591 -0.8131
v  -0.2439 2.7755 -0.8131
v  -0.1767 2.7611 -0.8131
v  -0.2673 3.9678 -0.8131
v  -0.2671 3.9680 -0.8131
v  -0.1761 2.7610 -0.8131
v  -0.2871 3.9545 -0.8131
v  -0.2423 2.7752 -0.8131
v  -0.9118 2.9086 -0.4188
v  -0.3370 2.7934 -0.7314
v  -0.3344 3.9344 -0.7320
v  -0.3316 3.9275 -0.7923
v  -0.3308 2.7937 -0.7944
v  -0.3106 2.7898 -0.8117
v  -0.3219 2.7914 -0.7810
v  -0.3321 2.7884 -0.5744
v  -0.1766 2.7611 -0.8131
v  -0.2404 2.7748 -0.8131
v  -0.3051 2.7886 -0.8131
v  -0.3058 2.7888 -0.8131
# 50 vertices

vn -0.7471 -0.0003 -0.6647
vn -0.7329 -0.0002 0.6803
vn 0.0000 0.0000 -1.0000
vn -0.9388 0.0009 -0.3444
vn 0.9388 -0.0009 0.3444
vn 0.0000 0.0000 1.0000
vn -1.0000 0.0010 0.0004
vn -0.0739 0.1187 0.9902
vn 0.5059 0.2742 0.8179
vn -0.0001 -0.0000 -1.0000
vn -0.0000 -0.0000 -1.0000
vn -1.0000 -0.0000 0.0000
vn -1.0000 0.0000 0.0000
vn -0.9973 0.0008 -0.0729
vn 0.9388 -0.0009 0.3443
vn -0.9388 0.0009 -0.3443
vn -0.9389 0.0009 -0.3443
vn 0.9389 -0.0009 0.3443
vn 1.0000 0.0000 -0.0000
vn -0.0000 -0.0000 1.0000
vn 0.9989 -0.0067 0.0473
vn 0.9987 -0.0040 0.0499
vn 0.9988 -0.0054 0.0485
vn 0.9986 -0.0018 0.0522
vn 0.0000 -0.0000 1.0000
vn -0.0000 0.0000 -1.0000
vn -0.0007 -0.0001 -1.0000
vn -0.5548 0.8234 -0.1190
vn -0.5548 0.8235 -0.1188
vn -0.5081 0.7542 -0.4159
vn -0.3936 0.5843 -0.7097
vn -0.0030 -0.0003 -1.0000
vn 0.0007 0.0001 1.0000
vn -0.0483 -0.8694 0.4917
vn -0.0483 -0.8695 0.4916
vn 0.2253 0.0157 0.9742
vn -0.6739 0.0007 -0.7388
vn 0.0001 0.0000 1.0000
vn -0.2093 -0.9775 -0.0246
vn -0.2118 -0.9766 -0.0366
vn -0.2120 -0.9765 -0.0375
# 41 vertex normals

vt 0.7375 1.8136 1.2555
vt 0.7432 1.8154 1.2307
vt 0.7432 2.1010 1.2312
vt 0.7376 2.1058 1.2555
vt 0.2568 1.9018 0.5693
vt 0.2633 1.9080 0.5417
vt 0.2634 2.0453 0.5417
vt 0.2568 2.1367 0.5687
vt 0.5825 1.7584 1.3415
vt 0.5806 2.2794 1.3415
vt 0.5695 2.2920 1.3415
vt 0.5470 1.7455 1.3415
vt 0.5860 1.7593 1.3070
vt 0.5837 2.2767 1.3282
vt 0.5826 2.2772 1.3397
vt 0.5827 1.7585 1.3413
vt 0.5827 1.7585 1.3415
vt 0.5824 2.2773 1.3415
vt 0.5835 2.2767 1.3300
vt 0.5860 1.7593 1.3071
vt 0.2916 1.9054 0.5417
vt 0.2917 2.0751 0.5417
vt 0.4583 2.0751 0.2917
vt 0.4583 1.9054 0.2916
vt 0.5020 1.9161 0.2916
vt 0.4950 1.9140 0.4450
vt 0.4306 2.1369 0.2654
vt 0.4597 2.1596 0.5069
vt 0.4313 2.1367 0.2568
vt 0.4973 1.9064 0.4943
vt 0.5288 2.3014 0.8093
vt 0.5645 1.7519 1.3415
vt 0.5652 1.7521 1.3415
vt 0.5748 2.2860 1.3415
vt 0.5650 1.7521 1.3415
vt 0.5471 1.7456 1.3415
vt 0.5713 2.2899 1.3415
vt 0.5712 2.2900 1.3415
vt 0.5766 2.2839 1.3415
vt 0.5646 1.7519 1.3415
vt -0.2312 2.1010 0.2568
vt -0.2307 1.8154 0.2568
vt 0.0666 1.8121 0.2568
vt 0.4307 1.9018 0.2568
vt 0.4296 2.1426 0.2568
vt -0.2569 1.7601 0.4101
vt -0.2575 2.2748 0.4108
vt -0.3200 2.2717 0.4116
vt -0.3221 1.7602 0.4118
vt 0.5828 1.7585 1.3400
vt 0.5859 1.7592 1.3082
vt 0.5631 1.7579 1.0944
vt 0.5641 1.7517 1.3415
vt 0.5814 1.7580 1.3415
vt 0.5884 2.2717 1.3200
vt 0.5899 1.7601 1.2569
vt 0.5892 2.2748 1.2575
vt 0.4938 1.9140 0.4438
vt -0.0116 1.8121 0.3973
vt 0.4913 1.9161 0.2809
vt 0.5816 1.7580 1.3415
vt 0.5882 1.7602 1.3221
# 62 texture coords

g default_Part_16
usemtl 07___Default
s off
f 1028/1647/917 1029/1648/917 1030/1649/917 1031/1650/917 
f 1032/1651/918 1033/1652/918 1034/1653/918 1035/1654/918 
s 1
f 1036/1655/919 1037/1656/919 1038/1657/919 1039/1658/919 
s 32
f 1036/1655/919 1037/1656/919 1038/1657/919 1039/1658/919 
f 1040/1659/920 1041/1660/920 1042/1661/920 1043/1662/920 
f 1044/1663/921 1045/1664/921 1046/1665/921 1047/1666/921 
s 64
f 1036/1655/919 1037/1656/919 1038/1657/919 1039/1658/919 
f 1044/1663/921 1045/1664/921 1046/1665/921 1047/1666/921 
s off
f 1034/1653/922 1033/1652/922 1048/1667/922 1049/1668/922 
f 1049/1669/923 1048/1670/923 1050/1671/923 
s 128
f 1036/1655/919 1037/1656/919 1038/1657/919 1039/1658/919 
f 1044/1663/921 1045/1664/921 1046/1665/921 1047/1666/921 
s 256
f 1036/1655/919 1037/1656/919 1038/1657/919 1039/1658/919 
f 1044/1663/921 1045/1664/921 1046/1665/921 1047/1666/921 
s 512
f 1036/1655/919 1037/1656/919 1038/1657/919 1039/1658/919 
f 1044/1663/921 1045/1664/921 1046/1665/921 1047/1666/921 
s 1024
f 1036/1655/919 1037/1656/919 1038/1657/919 1039/1658/919 
f 1044/1663/921 1045/1664/921 1046/1665/921 1047/1666/921 
s 2048
f 1036/1655/919 1037/1656/919 1038/1657/919 1039/1658/919 
f 1044/1663/921 1045/1664/921 1046/1665/921 1047/1666/921 
s 4096
f 1036/1655/919 1037/1656/919 1038/1657/919 1039/1658/919 
f 1044/1663/921 1045/1664/921 1046/1665/921 1047/1666/921 
s 128
f 1049/1668/924 1050/1671/924 1051/1672/924 1052/1673/924 
f 1051/1672/924 1053/1674/924 1052/1673/924 
f 1052/1673/924 1035/1675/924 1034/1653/924 1049/1668/924 
s 8192
f 1044/1663/921 1045/1664/921 1046/1665/921 1047/1666/921 
f 1054/1676/925 1055/1677/925 1053/1674/925 1051/1672/925 
s 16384
f 1044/1663/921 1045/1664/921 1046/1665/921 1047/1666/921 
s 32768
f 1056/1678/919 1057/1679/919 1045/1664/919 1058/1680/919 
f 1037/1656/922 1036/1655/922 1059/1681/922 
f 1060/1682/926 1061/1683/919 1062/1684/927 1063/1658/926 
f 1060/1682/922 1061/1683/922 1064/1685/922 1065/1686/922 
f 1045/1664/922 1044/1663/922 1057/1679/922 
f 1044/1663/921 1045/1664/921 1046/1665/921 1047/1666/921 
s 65536
f 1044/1663/921 1045/1664/921 1046/1665/921 1047/1666/921 
s 131072
f 1044/1663/921 1045/1664/921 1046/1665/921 1047/1666/921 
s 262144
f 1044/1663/921 1045/1664/921 1046/1665/921 1047/1666/921 
s off
f 1030/1687/928 1029/1688/928 1066/1689/928 1035/1675/928 
f 1066/1689/929 1032/1690/929 1035/1675/929 
f 1030/1687/929 1035/1675/929 1052/1691/929 
s 4
f 1041/1660/920 1045/1664/920 1044/1663/920 1040/1659/920 
s off
f 1067/1692/930 1068/1693/930 1069/1694/930 1070/1695/930 
s 1
f 1041/1660/921 1040/1659/921 1071/1696/921 
f 1045/1664/920 1044/1663/920 1072/1697/920 
s 32
f 1045/1664/920 1044/1663/920 1072/1697/920 
f 1040/1659/931 1072/1697/931 1045/1664/921 1041/1660/921 
f 1042/1661/932 1045/1664/932 1044/1663/933 1043/1662/933 
f 1058/1680/919 1038/1657/919 1039/1658/919 1056/1678/919 
f 1037/1656/922 1045/1664/922 1044/1663/922 1036/1655/922 
f 1046/1665/931 1041/1660/931 1040/1659/934 1047/1666/934 
f 1061/1683/935 1060/1682/936 1063/1658/936 
s 64
f 1045/1664/920 1044/1663/920 1072/1697/920 
f 1037/1656/922 1045/1664/922 1044/1663/922 1036/1655/922 
f 1046/1665/931 1041/1660/931 1040/1659/934 1047/1666/934 
s 128
f 1045/1664/920 1044/1663/920 1072/1697/920 
f 1037/1656/922 1045/1664/922 1044/1663/922 1036/1655/922 
f 1046/1665/931 1041/1660/931 1040/1659/934 1047/1666/934 
s 256
f 1045/1664/920 1044/1663/920 1072/1697/920 
f 1037/1656/922 1045/1664/922 1044/1663/922 1036/1655/922 
f 1046/1665/931 1041/1660/931 1040/1659/934 1047/1666/934 
s 512
f 1045/1664/920 1044/1663/920 1072/1697/920 
f 1037/1656/922 1045/1664/922 1044/1663/922 1036/1655/922 
f 1046/1665/931 1041/1660/931 1040/1659/934 1047/1666/934 
s 1024
f 1045/1664/920 1044/1663/920 1072/1697/920 
f 1037/1656/922 1045/1664/922 1044/1663/922 1036/1655/922 
f 1046/1665/931 1041/1660/931 1040/1659/934 1047/1666/934 
s 2048
f 1045/1664/920 1044/1663/920 1072/1697/920 
f 1037/1656/922 1045/1664/922 1044/1663/922 1036/1655/922 
f 1046/1665/931 1041/1660/931 1040/1659/934 1047/1666/934 
s 4096
f 1045/1664/920 1044/1663/920 1072/1697/920 
f 1037/1656/922 1045/1664/922 1044/1663/922 1036/1655/922 
f 1046/1665/931 1041/1660/931 1040/1659/934 1047/1666/934 
s 2
f 1073/1698/937 1040/1659/937 1041/1660/938 1054/1676/939 
f 1041/1660/938 1055/1677/940 1054/1676/939 
s 8192
f 1037/1656/919 1038/1657/919 1039/1658/919 1074/1682/919 
f 1045/1664/920 1044/1663/920 1072/1697/920 
f 1037/1656/922 1045/1664/922 1044/1663/922 1036/1655/922 
f 1046/1665/931 1041/1660/931 1040/1659/934 1047/1666/934 
s off
f 1062/1684/927 1038/1657/927 1039/1658/927 1063/1658/927 
s 4
f 1061/1683/927 1060/1682/927 1075/1699/927 
s 16384
f 1045/1664/920 1044/1663/920 1072/1697/920 
f 1037/1656/922 1045/1664/922 1044/1663/922 1036/1655/922 
f 1046/1665/931 1041/1660/931 1040/1659/934 1047/1666/934 
s 32768
f 1045/1664/920 1044/1663/920 1072/1697/920 
f 1037/1656/941 1045/1664/941 1044/1663/922 1036/1655/922 
f 1062/1684/942 1038/1657/942 1039/1658/943 1063/1658/943 
f 1045/1664/941 1044/1663/941 1060/1682/941 
f 1038/1657/919 1039/1658/919 1076/1700/919 
f 1038/1657/919 1039/1658/919 1076/1700/919 
f 1038/1657/919 1039/1658/919 1076/1700/919 
f 1038/1657/919 1039/1658/919 1076/1700/919 
f 1038/1657/919 1039/1658/919 1076/1700/919 
f 1038/1657/919 1039/1658/919 1076/1700/919 
f 1038/1657/919 1039/1658/919 1076/1700/919 
f 1038/1657/919 1039/1658/919 1076/1700/919 
f 1038/1657/919 1039/1658/919 1076/1700/919 
f 1046/1665/931 1041/1660/931 1040/1659/934 1047/1666/934 
s 65536
f 1045/1664/920 1044/1663/920 1072/1697/920 
f 1046/1665/931 1041/1660/931 1040/1659/934 1047/1666/934 
f 1045/1664/941 1044/1663/941 1060/1682/941 
f 1038/1657/919 1039/1658/919 1076/1700/919 
f 1038/1657/919 1039/1658/919 1076/1700/919 
f 1038/1657/919 1039/1658/919 1076/1700/919 
f 1038/1657/919 1039/1658/919 1076/1700/919 
f 1038/1657/919 1039/1658/919 1076/1700/919 
f 1038/1657/919 1039/1658/919 1076/1700/919 
f 1038/1657/919 1039/1658/919 1076/1700/919 
f 1038/1657/919 1039/1658/919 1076/1700/919 
f 1038/1657/919 1039/1658/919 1076/1700/919 
s 131072
f 1045/1664/920 1044/1663/920 1072/1697/920 
f 1046/1665/931 1041/1660/931 1040/1659/934 1047/1666/934 
f 1045/1664/941 1044/1663/941 1060/1682/941 
f 1038/1657/919 1039/1658/919 1076/1700/919 
f 1038/1657/919 1039/1658/919 1076/1700/919 
f 1038/1657/919 1039/1658/919 1076/1700/919 
f 1038/1657/919 1039/1658/919 1076/1700/919 
f 1038/1657/919 1039/1658/919 1076/1700/919 
f 1038/1657/919 1039/1658/919 1076/1700/919 
f 1038/1657/919 1039/1658/919 1076/1700/919 
f 1038/1657/919 1039/1658/919 1076/1700/919 
f 1038/1657/919 1039/1658/919 1076/1700/919 
s 262144
f 1046/1665/931 1041/1660/931 1040/1659/934 1047/1666/934 
f 1045/1664/941 1044/1663/941 1060/1682/941 
f 1038/1657/919 1039/1658/919 1076/1700/919 
f 1038/1657/919 1039/1658/919 1076/1700/919 
f 1038/1657/919 1039/1658/919 1076/1700/919 
f 1038/1657/919 1039/1658/919 1076/1700/919 
f 1038/1657/919 1039/1658/919 1076/1700/919 
f 1038/1657/919 1039/1658/919 1076/1700/919 
f 1038/1657/919 1039/1658/919 1076/1700/919 
f 1038/1657/919 1039/1658/919 1076/1700/919 
f 1038/1657/919 1039/1658/919 1076/1700/919 
s 8
f 1045/1664/920 1044/1663/920 1072/1697/920 
f 1030/1649/944 1052/1691/944 1053/1674/944 1068/1693/944 
f 1041/1660/944 1038/1657/945 1062/1684/946 1045/1664/947 
f 1062/1684/946 1063/1658/942 1044/1663/942 1045/1664/947 
f 1041/1660/944 1045/1664/947 1069/1701/944 1055/1677/944 
f 1055/1677/944 1069/1701/944 1068/1693/944 1053/1674/944 
f 1030/1649/944 1068/1693/944 1031/1650/944 
f 1047/1666/921 1072/1697/921 1045/1664/921 1046/1665/921 
f 1039/1658/919 1074/1682/919 1037/1656/919 1038/1657/919 
f 1039/1658/919 1074/1682/919 1037/1656/919 1038/1657/919 
f 1039/1658/919 1074/1682/919 1037/1656/919 1038/1657/919 
f 1039/1658/919 1074/1682/919 1037/1656/919 1038/1657/919 
f 1039/1658/919 1074/1682/919 1037/1656/919 1038/1657/919 
f 1039/1658/919 1074/1682/919 1037/1656/919 1038/1657/919 
f 1039/1658/919 1074/1682/919 1037/1656/919 1038/1657/919 
f 1039/1658/919 1074/1682/919 1037/1656/919 1038/1657/919 
f 1039/1658/919 1074/1682/919 1037/1656/919 1038/1657/919 
f 1038/1657/919 1058/1680/919 1045/1664/919 
s off
f 1067/1702/948 1028/1647/948 1031/1650/948 1068/1703/948 
s 2
f 1040/1659/921 1044/1663/921 1045/1664/921 1041/1660/921 
s 1
f 1042/1661/935 1043/1662/934 1044/1663/934 
f 1044/1663/931 1045/1664/931 1042/1661/931 
f 1044/1663/922 1039/1658/922 1038/1657/922 1045/1664/922 
f 1037/1656/919 1036/1655/919 1044/1663/919 
f 1044/1663/919 1045/1664/919 1037/1656/919 
f 1046/1665/935 1047/1666/933 1040/1659/933 
f 1040/1659/932 1041/1660/932 1046/1665/932 
s 32
f 1037/1656/919 1036/1655/919 1044/1663/919 
f 1044/1663/919 1045/1664/919 1037/1656/919 
f 1046/1665/935 1047/1666/933 1040/1659/933 
f 1040/1659/932 1041/1660/932 1046/1665/932 
f 1037/1656/927 1036/1655/927 1044/1663/927 
f 1044/1663/942 1045/1664/942 1037/1656/942 
f 1056/1678/919 1036/1655/919 1037/1656/919 1058/1680/919 
f 1062/1684/935 1063/1658/949 1039/1658/949 
f 1039/1658/941 1038/1657/941 1062/1684/941 
f 1044/1663/922 1060/1682/922 1061/1683/922 1045/1664/922 
s 64
f 1037/1656/919 1036/1655/919 1044/1663/919 
f 1044/1663/919 1045/1664/919 1037/1656/919 
f 1046/1665/935 1047/1666/933 1040/1659/933 
f 1040/1659/932 1041/1660/932 1046/1665/932 
s 128
f 1037/1656/919 1036/1655/919 1044/1663/919 
f 1044/1663/919 1045/1664/919 1037/1656/919 
f 1046/1665/935 1047/1666/933 1040/1659/933 
f 1040/1659/932 1041/1660/932 1046/1665/932 
s 256
f 1037/1656/919 1036/1655/919 1044/1663/919 
f 1044/1663/919 1045/1664/919 1037/1656/919 
f 1046/1665/935 1047/1666/933 1040/1659/933 
f 1040/1659/932 1041/1660/932 1046/1665/932 
s 512
f 1037/1656/919 1036/1655/919 1044/1663/919 
f 1044/1663/919 1045/1664/919 1037/1656/919 
f 1046/1665/935 1047/1666/933 1040/1659/933 
f 1040/1659/932 1041/1660/932 1046/1665/932 
s 1024
f 1037/1656/919 1036/1655/919 1044/1663/919 
f 1044/1663/919 1045/1664/919 1037/1656/919 
f 1046/1665/935 1047/1666/933 1040/1659/933 
f 1040/1659/932 1041/1660/932 1046/1665/932 
s 2048
f 1037/1656/919 1036/1655/919 1044/1663/919 
f 1044/1663/919 1045/1664/919 1037/1656/919 
f 1046/1665/935 1047/1666/933 1040/1659/933 
f 1040/1659/932 1041/1660/932 1046/1665/932 
s 4096
f 1037/1656/919 1036/1655/919 1044/1663/919 
f 1044/1663/919 1045/1664/919 1037/1656/919 
f 1046/1665/935 1047/1666/933 1040/1659/933 
f 1040/1659/932 1041/1660/932 1046/1665/932 
s 1
f 1048/1670/950 1033/1652/951 1032/1651/951 1051/1704/951 
f 1032/1651/951 1066/1705/951 1073/1698/951 1051/1704/951 
f 1073/1698/951 1054/1676/951 1051/1704/951 
f 1048/1670/950 1051/1704/951 1050/1706/951 
s 8192
f 1037/1656/919 1036/1655/919 1044/1663/919 
f 1044/1663/919 1045/1664/919 1037/1656/919 
f 1046/1665/935 1047/1666/933 1040/1659/933 
f 1040/1659/932 1041/1660/932 1046/1665/932 
s off
f 1062/1684/942 1063/1658/942 1044/1663/942 1045/1664/942 
s 4
f 1065/1686/919 1044/1663/919 1045/1664/919 1064/1685/919 
s 32
f 1036/1655/922 1039/1658/922 1038/1657/922 1037/1656/922 
s 64
f 1036/1655/922 1039/1658/922 1038/1657/922 1037/1656/922 
s 128
f 1036/1655/922 1039/1658/922 1038/1657/922 1037/1656/922 
s 256
f 1036/1655/922 1039/1658/922 1038/1657/922 1037/1656/922 
s 512
f 1036/1655/922 1039/1658/922 1038/1657/922 1037/1656/922 
s 1024
f 1036/1655/922 1039/1658/922 1038/1657/922 1037/1656/922 
s 2048
f 1036/1655/922 1039/1658/922 1038/1657/922 1037/1656/922 
s 4096
f 1036/1655/922 1039/1658/922 1038/1657/922 1037/1656/922 
s 8192
f 1036/1655/922 1039/1658/922 1038/1657/922 1037/1656/922 
s 16384
f 1039/1658/919 1044/1663/919 1045/1664/919 1038/1657/919 
f 1046/1665/935 1047/1666/933 1040/1659/933 
f 1040/1659/932 1041/1660/932 1046/1665/932 
f 1036/1655/922 1039/1658/922 1038/1657/922 1037/1656/922 
s 32768
f 1046/1665/935 1047/1666/933 1040/1659/933 
f 1040/1659/932 1041/1660/932 1046/1665/932 
f 1062/1684/942 1063/1658/942 1044/1663/942 1045/1664/919 
f 1044/1663/919 1045/1664/919 1057/1679/919 
f 1036/1655/922 1039/1658/922 1038/1657/922 1037/1656/922 
f 1036/1655/922 1039/1658/922 1038/1657/922 1037/1656/922 
f 1056/1678/922 1058/1680/922 1037/1656/922 1059/1681/922 
f 1044/1663/919 1045/1664/919 1061/1683/919 
f 1061/1683/919 1077/1707/919 1044/1663/919 
f 1077/1707/927 1061/1683/927 1060/1682/927 
f 1036/1655/922 1039/1658/922 1038/1657/922 1037/1656/922 
f 1036/1655/922 1039/1658/922 1038/1657/922 1037/1656/922 
f 1036/1655/922 1039/1658/922 1038/1657/922 1037/1656/922 
f 1036/1655/922 1039/1658/922 1038/1657/922 1037/1656/922 
f 1036/1655/922 1039/1658/922 1038/1657/922 1037/1656/922 
f 1036/1655/922 1039/1658/922 1038/1657/922 1037/1656/922 
f 1036/1655/922 1039/1658/922 1038/1657/922 1037/1656/922 
f 1065/1686/922 1064/1685/922 1045/1664/922 1057/1679/922 
s 65536
f 1046/1665/935 1047/1666/933 1040/1659/933 
f 1040/1659/932 1041/1660/932 1046/1665/932 
f 1062/1684/942 1063/1658/942 1044/1663/942 1045/1664/919 
f 1036/1655/922 1039/1658/922 1038/1657/922 1037/1656/922 
f 1036/1655/922 1039/1658/922 1038/1657/922 1037/1656/922 
f 1036/1655/922 1039/1658/922 1038/1657/922 1037/1656/922 
f 1036/1655/922 1039/1658/922 1038/1657/922 1037/1656/922 
f 1036/1655/922 1039/1658/922 1038/1657/922 1037/1656/922 
f 1036/1655/922 1039/1658/922 1038/1657/922 1037/1656/922 
f 1036/1655/922 1039/1658/922 1038/1657/922 1037/1656/922 
f 1036/1655/922 1039/1658/922 1038/1657/922 1037/1656/922 
f 1036/1655/922 1039/1658/922 1038/1657/922 1037/1656/922 
s 131072
f 1046/1665/935 1047/1666/933 1040/1659/933 
f 1040/1659/932 1041/1660/932 1046/1665/932 
f 1062/1684/942 1063/1658/942 1044/1663/942 1045/1664/919 
f 1036/1655/922 1039/1658/922 1038/1657/922 1037/1656/922 
f 1036/1655/922 1039/1658/922 1038/1657/922 1037/1656/922 
f 1036/1655/922 1039/1658/922 1038/1657/922 1037/1656/922 
f 1036/1655/922 1039/1658/922 1038/1657/922 1037/1656/922 
f 1036/1655/922 1039/1658/922 1038/1657/922 1037/1656/922 
f 1036/1655/922 1039/1658/922 1038/1657/922 1037/1656/922 
f 1036/1655/922 1039/1658/922 1038/1657/922 1037/1656/922 
f 1036/1655/922 1039/1658/922 1038/1657/922 1037/1656/922 
f 1036/1655/922 1039/1658/922 1038/1657/922 1037/1656/922 
s 262144
f 1040/1659/933 1041/1660/932 1046/1665/932 1047/1666/933 
f 1062/1684/942 1063/1658/942 1044/1663/942 1045/1664/919 
f 1036/1655/922 1039/1658/922 1038/1657/922 1037/1656/922 
f 1036/1655/922 1039/1658/922 1038/1657/922 1037/1656/922 
f 1036/1655/922 1039/1658/922 1038/1657/922 1037/1656/922 
f 1036/1655/922 1039/1658/922 1038/1657/922 1037/1656/922 
f 1036/1655/922 1039/1658/922 1038/1657/922 1037/1656/922 
f 1036/1655/922 1039/1658/922 1038/1657/922 1037/1656/922 
f 1036/1655/922 1039/1658/922 1038/1657/922 1037/1656/922 
f 1036/1655/922 1039/1658/922 1038/1657/922 1037/1656/922 
f 1036/1655/922 1039/1658/922 1038/1657/922 1037/1656/922 
s 2
f 1044/1663/922 1039/1658/922 1038/1657/922 1045/1664/922 
s 4
f 1040/1659/952 1039/1658/952 1038/1657/952 1041/1660/952 
s off
f 1044/1663/953 1070/1708/953 1069/1701/953 1045/1664/953 
s 1
f 1043/1662/921 1042/1661/921 1041/1660/921 1071/1696/921 
f 1047/1666/920 1046/1665/920 1045/1664/920 1072/1697/920 
s 4
f 1039/1658/926 1060/1682/926 1061/1683/942 1038/1657/942 
s 32
f 1047/1666/920 1046/1665/920 1045/1664/920 1072/1697/920 
f 1044/1663/921 1045/1664/921 1072/1697/921 
f 1063/1658/936 1062/1684/941 1061/1683/941 1063/1658/936 
s 64
f 1047/1666/920 1046/1665/920 1045/1664/920 1072/1697/920 
s 128
f 1047/1666/920 1046/1665/920 1045/1664/920 1072/1697/920 
s 256
f 1047/1666/920 1046/1665/920 1045/1664/920 1072/1697/920 
s 512
f 1047/1666/920 1046/1665/920 1045/1664/920 1072/1697/920 
s 1024
f 1047/1666/920 1046/1665/920 1045/1664/920 1072/1697/920 
s 2048
f 1047/1666/920 1046/1665/920 1045/1664/920 1072/1697/920 
s 4096
f 1047/1666/920 1046/1665/920 1045/1664/920 1072/1697/920 
s 8192
f 1036/1655/919 1037/1656/919 1074/1682/919 
f 1047/1666/920 1046/1665/920 1045/1664/920 1072/1697/920 
s 4
f 1065/1686/919 1064/1685/919 1061/1683/919 1075/1699/919 
s 16384
f 1047/1666/920 1046/1665/920 1045/1664/920 1072/1697/920 
s 32768
f 1047/1666/920 1046/1665/920 1045/1664/920 1072/1697/920 
f 1060/1682/954 1039/1658/954 1038/1657/922 1061/1683/922 
f 1063/1658/936 1062/1684/941 1045/1664/941 1060/1682/936 
f 1036/1655/919 1037/1656/919 1038/1657/919 1076/1700/919 
f 1036/1655/919 1037/1656/919 1038/1657/919 1076/1700/919 
f 1036/1655/919 1037/1656/919 1038/1657/919 1076/1700/919 
f 1036/1655/919 1037/1656/919 1038/1657/919 1076/1700/919 
f 1036/1655/919 1037/1656/919 1038/1657/919 1076/1700/919 
f 1036/1655/919 1037/1656/919 1038/1657/919 1076/1700/919 
f 1036/1655/919 1037/1656/919 1038/1657/919 1076/1700/919 
f 1036/1655/919 1037/1656/919 1038/1657/919 1076/1700/919 
f 1036/1655/919 1037/1656/919 1038/1657/919 1076/1700/919 
s 65536
f 1047/1666/920 1046/1665/920 1045/1664/920 1072/1697/920 
f 1063/1658/936 1062/1684/941 1045/1664/941 1060/1682/936 
f 1036/1655/919 1037/1656/919 1038/1657/919 1076/1700/919 
f 1036/1655/919 1037/1656/919 1038/1657/919 1076/1700/919 
f 1036/1655/919 1037/1656/919 1038/1657/919 1076/1700/919 
f 1036/1655/919 1037/1656/919 1038/1657/919 1076/1700/919 
f 1036/1655/919 1037/1656/919 1038/1657/919 1076/1700/919 
f 1036/1655/919 1037/1656/919 1038/1657/919 1076/1700/919 
f 1036/1655/919 1037/1656/919 1038/1657/919 1076/1700/919 
f 1036/1655/919 1037/1656/919 1038/1657/919 1076/1700/919 
f 1036/1655/919 1037/1656/919 1038/1657/919 1076/1700/919 
s 131072
f 1047/1666/920 1046/1665/920 1045/1664/920 1072/1697/920 
f 1063/1658/936 1062/1684/941 1045/1664/941 1060/1682/936 
f 1036/1655/919 1037/1656/919 1038/1657/919 1076/1700/919 
f 1036/1655/919 1037/1656/919 1038/1657/919 1076/1700/919 
f 1036/1655/919 1037/1656/919 1038/1657/919 1076/1700/919 
f 1036/1655/919 1037/1656/919 1038/1657/919 1076/1700/919 
f 1036/1655/919 1037/1656/919 1038/1657/919 1076/1700/919 
f 1036/1655/919 1037/1656/919 1038/1657/919 1076/1700/919 
f 1036/1655/919 1037/1656/919 1038/1657/919 1076/1700/919 
f 1036/1655/919 1037/1656/919 1038/1657/919 1076/1700/919 
f 1036/1655/919 1037/1656/919 1038/1657/919 1076/1700/919 
s 262144
f 1044/1663/920 1047/1666/920 1046/1665/920 1045/1664/920 
f 1063/1658/936 1062/1684/941 1045/1664/941 1060/1682/936 
f 1036/1655/919 1037/1656/919 1038/1657/919 1076/1700/919 
f 1036/1655/919 1037/1656/919 1038/1657/919 1076/1700/919 
f 1036/1655/919 1037/1656/919 1038/1657/919 1076/1700/919 
f 1036/1655/919 1037/1656/919 1038/1657/919 1076/1700/919 
f 1036/1655/919 1037/1656/919 1038/1657/919 1076/1700/919 
f 1036/1655/919 1037/1656/919 1038/1657/919 1076/1700/919 
f 1036/1655/919 1037/1656/919 1038/1657/919 1076/1700/919 
f 1036/1655/919 1037/1656/919 1038/1657/919 1076/1700/919 
f 1036/1655/919 1037/1656/919 1038/1657/919 1076/1700/919 
s 8
f 1040/1659/920 1041/1660/920 1045/1664/920 1072/1697/920 
f 1039/1658/922 1038/1657/922 1037/1656/922 1074/1682/922 
f 1074/1682/922 1037/1656/922 1059/1681/922 
f 1059/1681/922 1037/1656/922 1036/1655/922 
f 1039/1658/922 1038/1657/922 1037/1656/922 1074/1682/922 
f 1074/1682/922 1037/1656/922 1059/1681/922 
f 1059/1681/922 1037/1656/922 1036/1655/922 
f 1039/1658/922 1038/1657/922 1037/1656/922 1074/1682/922 
f 1074/1682/922 1037/1656/922 1059/1681/922 
f 1059/1681/922 1037/1656/922 1036/1655/922 
f 1039/1658/922 1038/1657/922 1037/1656/922 1074/1682/922 
f 1074/1682/922 1037/1656/922 1059/1681/922 
f 1059/1681/922 1037/1656/922 1036/1655/922 
f 1039/1658/922 1038/1657/922 1037/1656/922 1074/1682/922 
f 1074/1682/922 1037/1656/922 1059/1681/922 
f 1059/1681/922 1037/1656/922 1036/1655/922 
f 1039/1658/922 1038/1657/922 1037/1656/922 1074/1682/922 
f 1074/1682/922 1037/1656/922 1059/1681/922 
f 1059/1681/922 1037/1656/922 1036/1655/922 
f 1039/1658/922 1038/1657/922 1037/1656/922 1074/1682/922 
f 1074/1682/922 1037/1656/922 1059/1681/922 
f 1059/1681/922 1037/1656/922 1036/1655/922 
f 1039/1658/922 1038/1657/922 1037/1656/922 1074/1682/922 
f 1074/1682/922 1037/1656/922 1059/1681/922 
f 1059/1681/922 1037/1656/922 1036/1655/922 
f 1039/1658/922 1038/1657/922 1037/1656/922 1074/1682/922 
f 1074/1682/922 1037/1656/922 1059/1681/922 
f 1059/1681/922 1037/1656/922 1036/1655/922 
f 1044/1663/921 1045/1664/921 1072/1697/921 
f 1040/1659/934 1047/1666/934 1046/1665/934 
f 1046/1665/931 1041/1660/931 1040/1659/931 
f 1062/1684/922 1045/1664/922 1044/1663/922 
f 1044/1663/941 1063/1658/941 1062/1684/941 
f 1036/1655/919 1037/1656/919 1074/1682/919 
f 1036/1655/919 1037/1656/919 1074/1682/919 
f 1036/1655/919 1037/1656/919 1074/1682/919 
f 1036/1655/919 1037/1656/919 1074/1682/919 
f 1036/1655/919 1037/1656/919 1074/1682/919 
f 1036/1655/919 1037/1656/919 1074/1682/919 
f 1036/1655/919 1037/1656/919 1074/1682/919 
f 1036/1655/919 1037/1656/919 1074/1682/919 
f 1036/1655/919 1037/1656/919 1074/1682/919 
s 16
f 1041/1660/920 1045/1664/920 1044/1663/920 1040/1659/920 
f 1045/1664/919 1058/1680/919 1056/1678/922 1039/1658/922 
f 1045/1664/919 1039/1658/922 1044/1663/919 
f 1037/1656/919 1059/1681/919 1036/1655/919 
f 1037/1656/922 1036/1655/922 1039/1658/922 
f 1037/1656/922 1039/1658/922 1038/1657/922 
f 1037/1656/919 1059/1681/919 1036/1655/919 
f 1037/1656/922 1036/1655/922 1039/1658/922 
f 1037/1656/922 1039/1658/922 1038/1657/922 
f 1040/1659/921 1043/1662/921 1042/1661/921 
f 1042/1661/921 1041/1660/921 1040/1659/921 
f 1058/1680/922 1037/1656/922 1036/1655/922 1056/1678/922 
f 1044/1663/920 1047/1666/920 1046/1665/920 
f 1046/1665/920 1045/1664/920 1044/1663/920 
f 1037/1656/919 1059/1681/919 1036/1655/919 
f 1037/1656/922 1036/1655/922 1039/1658/922 
f 1037/1656/922 1039/1658/922 1038/1657/922 
f 1044/1663/920 1047/1666/920 1046/1665/920 
f 1046/1665/920 1045/1664/920 1044/1663/920 
f 1037/1656/919 1059/1681/919 1036/1655/919 
f 1037/1656/922 1036/1655/922 1039/1658/922 
f 1037/1656/922 1039/1658/922 1038/1657/922 
f 1044/1663/920 1047/1666/920 1046/1665/920 
f 1046/1665/920 1045/1664/920 1044/1663/920 
f 1037/1656/919 1059/1681/919 1036/1655/919 
f 1037/1656/922 1036/1655/922 1039/1658/922 
f 1037/1656/922 1039/1658/922 1038/1657/922 
f 1044/1663/920 1047/1666/920 1046/1665/920 
f 1046/1665/920 1045/1664/920 1044/1663/920 
f 1037/1656/919 1059/1681/919 1036/1655/919 
f 1037/1656/922 1036/1655/922 1039/1658/922 
f 1037/1656/922 1039/1658/922 1038/1657/922 
f 1044/1663/920 1047/1666/920 1046/1665/920 
f 1046/1665/920 1045/1664/920 1044/1663/920 
f 1037/1656/919 1059/1681/919 1036/1655/919 
f 1037/1656/922 1036/1655/922 1039/1658/922 
f 1037/1656/922 1039/1658/922 1038/1657/922 
f 1044/1663/920 1047/1666/920 1046/1665/920 
f 1046/1665/920 1045/1664/920 1044/1663/920 
f 1037/1656/919 1059/1681/919 1036/1655/919 
f 1037/1656/922 1036/1655/922 1039/1658/922 
f 1037/1656/922 1039/1658/922 1038/1657/922 
f 1044/1663/920 1047/1666/920 1046/1665/920 
f 1046/1665/920 1045/1664/920 1044/1663/920 
f 1037/1656/919 1059/1681/919 1036/1655/919 
f 1037/1656/922 1036/1655/922 1039/1658/922 
f 1037/1656/922 1039/1658/922 1038/1657/922 
f 1044/1663/920 1047/1666/920 1046/1665/920 
f 1046/1665/920 1045/1664/920 1044/1663/920 
f 1044/1663/920 1047/1666/920 1046/1665/920 
f 1046/1665/920 1045/1664/920 1044/1663/920 
f 1044/1663/941 1063/1658/941 1062/1684/941 
f 1062/1684/922 1045/1664/922 1044/1663/922 
f 1064/1685/922 1045/1664/922 1044/1663/922 1065/1686/922 
f 1038/1657/919 1039/1658/919 1036/1655/919 
f 1036/1655/919 1037/1656/919 1038/1657/919 
f 1038/1657/919 1039/1658/919 1036/1655/919 
f 1036/1655/919 1037/1656/919 1038/1657/919 
f 1038/1657/919 1039/1658/919 1036/1655/919 
f 1036/1655/919 1037/1656/919 1038/1657/919 
f 1038/1657/919 1039/1658/919 1036/1655/919 
f 1036/1655/919 1037/1656/919 1038/1657/919 
f 1038/1657/919 1039/1658/919 1036/1655/919 
f 1036/1655/919 1037/1656/919 1038/1657/919 
f 1038/1657/919 1039/1658/919 1036/1655/919 
f 1036/1655/919 1037/1656/919 1038/1657/919 
f 1038/1657/919 1039/1658/919 1036/1655/919 
f 1036/1655/919 1037/1656/919 1038/1657/919 
f 1038/1657/919 1039/1658/919 1036/1655/919 
f 1036/1655/919 1037/1656/919 1038/1657/919 
f 1038/1657/919 1039/1658/919 1036/1655/919 
f 1036/1655/919 1037/1656/919 1038/1657/919 
f 1074/1682/919 1039/1658/919 1036/1655/919 1037/1656/919 
f 1044/1663/920 1047/1666/920 1046/1665/920 
f 1046/1665/920 1045/1664/920 1044/1663/920 
f 1044/1663/941 1063/1658/941 1062/1684/941 
f 1062/1684/922 1045/1664/922 1044/1663/922 
f 1045/1664/922 1044/1663/922 1057/1679/922 
f 1045/1664/922 1057/1679/922 1056/1678/922 
f 1056/1678/922 1058/1680/922 1045/1664/922 
f 1038/1657/919 1039/1658/919 1036/1655/919 
f 1036/1655/919 1037/1656/919 1038/1657/919 
f 1038/1657/919 1039/1658/919 1036/1655/919 
f 1036/1655/919 1037/1656/919 1038/1657/919 
f 1037/1656/919 1059/1681/919 1036/1655/919 
f 1056/1678/919 1059/1681/919 1037/1656/919 
f 1037/1656/919 1058/1680/919 1056/1678/919 
f 1060/1682/954 1063/1658/954 1062/1684/954 
f 1062/1684/922 1061/1683/922 1060/1682/922 
f 1060/1682/919 1044/1663/919 1077/1707/919 1061/1683/919 
f 1061/1683/922 1077/1707/922 1060/1682/922 
f 1038/1657/919 1039/1658/919 1036/1655/919 
f 1036/1655/919 1037/1656/919 1038/1657/919 
f 1038/1657/919 1039/1658/919 1036/1655/919 
f 1036/1655/919 1037/1656/919 1038/1657/919 
f 1038/1657/919 1039/1658/919 1036/1655/919 
f 1036/1655/919 1037/1656/919 1038/1657/919 
f 1038/1657/919 1039/1658/919 1036/1655/919 
f 1036/1655/919 1037/1656/919 1038/1657/919 
f 1038/1657/919 1039/1658/919 1036/1655/919 
f 1036/1655/919 1037/1656/919 1038/1657/919 
f 1038/1657/919 1039/1658/919 1036/1655/919 
f 1036/1655/919 1037/1656/919 1038/1657/919 
f 1038/1657/919 1039/1658/919 1036/1655/919 
f 1036/1655/919 1037/1656/919 1038/1657/919 
f 1060/1682/919 1065/1686/919 1064/1685/919 
f 1064/1685/919 1061/1683/919 1060/1682/919 
f 1045/1664/919 1057/1679/919 1044/1663/919 
f 1065/1686/919 1057/1679/919 1045/1664/919 
f 1045/1664/919 1064/1685/919 1065/1686/919 
f 1044/1663/920 1047/1666/920 1046/1665/920 
f 1046/1665/920 1045/1664/920 1044/1663/920 
f 1044/1663/941 1063/1658/941 1062/1684/941 
f 1062/1684/922 1045/1664/922 1044/1663/922 
f 1038/1657/919 1039/1658/919 1036/1655/919 
f 1036/1655/919 1037/1656/919 1038/1657/919 
f 1038/1657/919 1039/1658/919 1036/1655/919 
f 1036/1655/919 1037/1656/919 1038/1657/919 
f 1038/1657/919 1039/1658/919 1036/1655/919 
f 1036/1655/919 1037/1656/919 1038/1657/919 
f 1038/1657/919 1039/1658/919 1036/1655/919 
f 1036/1655/919 1037/1656/919 1038/1657/919 
f 1038/1657/919 1039/1658/919 1036/1655/919 
f 1036/1655/919 1037/1656/919 1038/1657/919 
f 1038/1657/919 1039/1658/919 1036/1655/919 
f 1036/1655/919 1037/1656/919 1038/1657/919 
f 1038/1657/919 1039/1658/919 1036/1655/919 
f 1036/1655/919 1037/1656/919 1038/1657/919 
f 1038/1657/919 1039/1658/919 1036/1655/919 
f 1036/1655/919 1037/1656/919 1038/1657/919 
f 1038/1657/919 1039/1658/919 1036/1655/919 
f 1036/1655/919 1037/1656/919 1038/1657/919 
f 1044/1663/920 1047/1666/920 1046/1665/920 
f 1046/1665/920 1045/1664/920 1044/1663/920 
f 1044/1663/941 1063/1658/941 1062/1684/941 
f 1062/1684/922 1045/1664/922 1044/1663/922 
f 1038/1657/919 1039/1658/919 1036/1655/919 
f 1036/1655/919 1037/1656/919 1038/1657/919 
f 1038/1657/919 1039/1658/919 1036/1655/919 
f 1036/1655/919 1037/1656/919 1038/1657/919 
f 1038/1657/919 1039/1658/919 1036/1655/919 
f 1036/1655/919 1037/1656/919 1038/1657/919 
f 1038/1657/919 1039/1658/919 1036/1655/919 
f 1036/1655/919 1037/1656/919 1038/1657/919 
f 1038/1657/919 1039/1658/919 1036/1655/919 
f 1036/1655/919 1037/1656/919 1038/1657/919 
f 1038/1657/919 1039/1658/919 1036/1655/919 
f 1036/1655/919 1037/1656/919 1038/1657/919 
f 1038/1657/919 1039/1658/919 1036/1655/919 
f 1036/1655/919 1037/1656/919 1038/1657/919 
f 1038/1657/919 1039/1658/919 1036/1655/919 
f 1036/1655/919 1037/1656/919 1038/1657/919 
f 1038/1657/919 1039/1658/919 1036/1655/919 
f 1036/1655/919 1037/1656/919 1038/1657/919 
f 1044/1663/920 1047/1666/920 1046/1665/920 
f 1046/1665/920 1045/1664/920 1044/1663/920 
f 1038/1657/919 1039/1658/919 1036/1655/919 
f 1036/1655/919 1037/1656/919 1038/1657/919 
f 1038/1657/919 1039/1658/919 1036/1655/919 
f 1036/1655/919 1037/1656/919 1038/1657/919 
f 1038/1657/919 1039/1658/919 1036/1655/919 
f 1036/1655/919 1037/1656/919 1038/1657/919 
f 1038/1657/919 1039/1658/919 1036/1655/919 
f 1036/1655/919 1037/1656/919 1038/1657/919 
f 1038/1657/919 1039/1658/919 1036/1655/919 
f 1036/1655/919 1037/1656/919 1038/1657/919 
f 1038/1657/919 1039/1658/919 1036/1655/919 
f 1036/1655/919 1037/1656/919 1038/1657/919 
f 1038/1657/919 1039/1658/919 1036/1655/919 
f 1036/1655/919 1037/1656/919 1038/1657/919 
f 1038/1657/919 1039/1658/919 1036/1655/919 
f 1036/1655/919 1037/1656/919 1038/1657/919 
f 1038/1657/919 1039/1658/919 1036/1655/919 
f 1036/1655/919 1037/1656/919 1038/1657/919 
f 1044/1663/920 1047/1666/920 1046/1665/920 
f 1046/1665/920 1045/1664/920 1044/1663/920 
f 1041/1660/921 1040/1659/921 1044/1663/921 
f 1044/1663/921 1045/1664/921 1041/1660/921 
f 1043/1662/920 1071/1696/920 1041/1660/920 
f 1041/1660/920 1042/1661/920 1043/1662/920 
f 1041/1660/920 1071/1696/920 1040/1659/920 
f 1047/1666/921 1072/1697/921 1045/1664/921 
f 1045/1664/921 1046/1665/921 1047/1666/921 
f 1045/1664/921 1072/1697/921 1044/1663/921 
f 1047/1666/921 1072/1697/921 1045/1664/921 
f 1045/1664/921 1046/1665/921 1047/1666/921 
f 1045/1664/921 1072/1697/921 1044/1663/921 
f 1045/1664/920 1044/1663/920 1072/1697/920 
f 1045/1664/932 1072/1697/932 1040/1659/932 
f 1040/1659/920 1041/1660/920 1045/1664/920 
f 1063/1658/919 1063/1658/919 1061/1683/919 
f 1061/1683/942 1062/1684/942 1063/1658/942 
f 1061/1683/935 1063/1658/919 1060/1682/919 
f 1047/1666/921 1072/1697/921 1045/1664/921 
f 1045/1664/921 1046/1665/921 1047/1666/921 
f 1045/1664/921 1072/1697/921 1044/1663/921 
f 1047/1666/921 1072/1697/921 1045/1664/921 
f 1045/1664/921 1046/1665/921 1047/1666/921 
f 1045/1664/921 1072/1697/921 1044/1663/921 
f 1047/1666/921 1072/1697/921 1045/1664/921 
f 1045/1664/921 1046/1665/921 1047/1666/921 
f 1045/1664/921 1072/1697/921 1044/1663/921 
f 1047/1666/921 1072/1697/921 1045/1664/921 
f 1045/1664/921 1046/1665/921 1047/1666/921 
f 1045/1664/921 1072/1697/921 1044/1663/921 
f 1047/1666/921 1072/1697/921 1045/1664/921 
f 1045/1664/921 1046/1665/921 1047/1666/921 
f 1045/1664/921 1072/1697/921 1044/1663/921 
f 1047/1666/921 1072/1697/921 1045/1664/921 
f 1045/1664/921 1046/1665/921 1047/1666/921 
f 1045/1664/921 1072/1697/921 1044/1663/921 
f 1047/1666/921 1072/1697/921 1045/1664/921 
f 1045/1664/921 1046/1665/921 1047/1666/921 
f 1045/1664/921 1072/1697/921 1044/1663/921 
f 1037/1656/922 1036/1655/922 1074/1682/922 
f 1047/1666/921 1072/1697/921 1045/1664/921 
f 1045/1664/921 1046/1665/921 1047/1666/921 
f 1045/1664/921 1072/1697/921 1044/1663/921 
f 1075/1699/922 1061/1683/922 1064/1685/922 1065/1686/922 
f 1061/1683/922 1075/1699/922 1060/1682/922 
f 1047/1666/921 1072/1697/921 1045/1664/921 
f 1045/1664/921 1046/1665/921 1047/1666/921 
f 1045/1664/921 1072/1697/921 1044/1663/921 
f 1047/1666/921 1072/1697/921 1045/1664/921 
f 1045/1664/921 1046/1665/921 1047/1666/921 
f 1045/1664/921 1072/1697/921 1044/1663/921 
f 1045/1664/942 1060/1682/942 1044/1663/942 
f 1063/1658/919 1060/1682/919 1045/1664/919 
f 1045/1664/942 1062/1684/942 1063/1658/942 
f 1038/1657/922 1076/1700/922 1039/1658/922 
f 1076/1700/922 1038/1657/922 1037/1656/922 1036/1655/922 
f 1038/1657/922 1076/1700/922 1039/1658/922 
f 1076/1700/922 1038/1657/922 1037/1656/922 1036/1655/922 
f 1038/1657/922 1076/1700/922 1039/1658/922 
f 1076/1700/922 1038/1657/922 1037/1656/922 1036/1655/922 
f 1038/1657/922 1076/1700/922 1039/1658/922 
f 1076/1700/922 1038/1657/922 1037/1656/922 1036/1655/922 
f 1038/1657/922 1076/1700/922 1039/1658/922 
f 1076/1700/922 1038/1657/922 1037/1656/922 1036/1655/922 
f 1038/1657/922 1076/1700/922 1039/1658/922 
f 1076/1700/922 1038/1657/922 1037/1656/922 1036/1655/922 
f 1038/1657/922 1076/1700/922 1039/1658/922 
f 1076/1700/922 1038/1657/922 1037/1656/922 1036/1655/922 
f 1038/1657/922 1076/1700/922 1039/1658/922 
f 1076/1700/922 1038/1657/922 1037/1656/922 1036/1655/922 
f 1038/1657/922 1076/1700/922 1039/1658/922 
f 1076/1700/922 1038/1657/922 1037/1656/922 1036/1655/922 
f 1047/1666/921 1072/1697/921 1045/1664/921 
f 1045/1664/921 1046/1665/921 1047/1666/921 
f 1045/1664/921 1072/1697/921 1044/1663/921 
f 1045/1664/942 1060/1682/942 1044/1663/942 
f 1063/1658/919 1060/1682/919 1045/1664/919 
f 1045/1664/942 1062/1684/942 1063/1658/942 
f 1038/1657/922 1076/1700/922 1039/1658/922 
f 1076/1700/922 1038/1657/922 1037/1656/922 1036/1655/922 
f 1038/1657/922 1076/1700/922 1039/1658/922 
f 1076/1700/922 1038/1657/922 1037/1656/922 1036/1655/922 
f 1038/1657/922 1076/1700/922 1039/1658/922 
f 1076/1700/922 1038/1657/922 1037/1656/922 1036/1655/922 
f 1038/1657/922 1076/1700/922 1039/1658/922 
f 1076/1700/922 1038/1657/922 1037/1656/922 1036/1655/922 
f 1038/1657/922 1076/1700/922 1039/1658/922 
f 1076/1700/922 1038/1657/922 1037/1656/922 1036/1655/922 
f 1038/1657/922 1076/1700/922 1039/1658/922 
f 1076/1700/922 1038/1657/922 1037/1656/922 1036/1655/922 
f 1038/1657/922 1076/1700/922 1039/1658/922 
f 1076/1700/922 1038/1657/922 1037/1656/922 1036/1655/922 
f 1038/1657/922 1076/1700/922 1039/1658/922 
f 1076/1700/922 1038/1657/922 1037/1656/922 1036/1655/922 
f 1038/1657/922 1076/1700/922 1039/1658/922 
f 1076/1700/922 1038/1657/922 1037/1656/922 1036/1655/922 
f 1047/1666/921 1072/1697/921 1045/1664/921 
f 1045/1664/921 1046/1665/921 1047/1666/921 
f 1045/1664/921 1072/1697/921 1044/1663/921 
f 1045/1664/942 1060/1682/942 1044/1663/942 
f 1063/1658/919 1060/1682/919 1045/1664/919 
f 1045/1664/942 1062/1684/942 1063/1658/942 
f 1038/1657/922 1076/1700/922 1039/1658/922 
f 1076/1700/922 1038/1657/922 1037/1656/922 1036/1655/922 
f 1038/1657/922 1076/1700/922 1039/1658/922 
f 1076/1700/922 1038/1657/922 1037/1656/922 1036/1655/922 
f 1038/1657/922 1076/1700/922 1039/1658/922 
f 1076/1700/922 1038/1657/922 1037/1656/922 1036/1655/922 
f 1038/1657/922 1076/1700/922 1039/1658/922 
f 1076/1700/922 1038/1657/922 1037/1656/922 1036/1655/922 
f 1038/1657/922 1076/1700/922 1039/1658/922 
f 1076/1700/922 1038/1657/922 1037/1656/922 1036/1655/922 
f 1038/1657/922 1076/1700/922 1039/1658/922 
f 1076/1700/922 1038/1657/922 1037/1656/922 1036/1655/922 
f 1038/1657/922 1076/1700/922 1039/1658/922 
f 1076/1700/922 1038/1657/922 1037/1656/922 1036/1655/922 
f 1038/1657/922 1076/1700/922 1039/1658/922 
f 1076/1700/922 1038/1657/922 1037/1656/922 1036/1655/922 
f 1038/1657/922 1076/1700/922 1039/1658/922 
f 1076/1700/922 1038/1657/922 1037/1656/922 1036/1655/922 
f 1045/1664/921 1046/1665/921 1047/1666/921 1044/1663/921 
f 1045/1664/942 1060/1682/942 1044/1663/942 
f 1063/1658/919 1060/1682/919 1045/1664/919 
f 1045/1664/942 1062/1684/942 1063/1658/942 
f 1038/1657/922 1076/1700/922 1039/1658/922 
f 1076/1700/922 1038/1657/922 1037/1656/922 1036/1655/922 
f 1038/1657/922 1076/1700/922 1039/1658/922 
f 1076/1700/922 1038/1657/922 1037/1656/922 1036/1655/922 
f 1038/1657/922 1076/1700/922 1039/1658/922 
f 1076/1700/922 1038/1657/922 1037/1656/922 1036/1655/922 
f 1038/1657/922 1076/1700/922 1039/1658/922 
f 1076/1700/922 1038/1657/922 1037/1656/922 1036/1655/922 
f 1038/1657/922 1076/1700/922 1039/1658/922 
f 1076/1700/922 1038/1657/922 1037/1656/922 1036/1655/922 
f 1038/1657/922 1076/1700/922 1039/1658/922 
f 1076/1700/922 1038/1657/922 1037/1656/922 1036/1655/922 
f 1038/1657/922 1076/1700/922 1039/1658/922 
f 1076/1700/922 1038/1657/922 1037/1656/922 1036/1655/922 
f 1038/1657/922 1076/1700/922 1039/1658/922 
f 1076/1700/922 1038/1657/922 1037/1656/922 1036/1655/922 
f 1038/1657/922 1076/1700/922 1039/1658/922 
f 1076/1700/922 1038/1657/922 1037/1656/922 1036/1655/922 
f 1040/1659/921 1072/1697/921 1045/1664/921 
f 1045/1664/921 1041/1660/921 1040/1659/921 
f 1045/1664/921 1072/1697/921 1044/1663/921 
f 1039/1658/919 1074/1682/919 1037/1656/919 
f 1037/1656/919 1038/1657/919 1039/1658/919 
f 1037/1656/919 1074/1682/919 1059/1681/919 
f 1039/1658/919 1074/1682/919 1037/1656/919 
f 1037/1656/919 1038/1657/919 1039/1658/919 
f 1037/1656/919 1074/1682/919 1059/1681/919 
f 1039/1658/919 1074/1682/919 1037/1656/919 
f 1037/1656/919 1038/1657/919 1039/1658/919 
f 1037/1656/919 1074/1682/919 1059/1681/919 
f 1039/1658/919 1074/1682/919 1037/1656/919 
f 1037/1656/919 1038/1657/919 1039/1658/919 
f 1037/1656/919 1074/1682/919 1059/1681/919 
f 1039/1658/919 1074/1682/919 1037/1656/919 
f 1037/1656/919 1038/1657/919 1039/1658/919 
f 1037/1656/919 1074/1682/919 1059/1681/919 
f 1039/1658/919 1074/1682/919 1037/1656/919 
f 1037/1656/919 1038/1657/919 1039/1658/919 
f 1037/1656/919 1074/1682/919 1059/1681/919 
f 1039/1658/919 1074/1682/919 1037/1656/919 
f 1037/1656/919 1038/1657/919 1039/1658/919 
f 1037/1656/919 1074/1682/919 1059/1681/919 
f 1039/1658/919 1074/1682/919 1037/1656/919 
f 1037/1656/919 1038/1657/919 1039/1658/919 
f 1037/1656/919 1074/1682/919 1059/1681/919 
f 1039/1658/919 1074/1682/919 1037/1656/919 
f 1037/1656/919 1038/1657/919 1039/1658/919 
f 1037/1656/919 1074/1682/919 1059/1681/919 
f 1045/1664/920 1072/1697/920 1047/1666/920 
f 1047/1666/920 1046/1665/920 1045/1664/920 
f 1045/1664/920 1044/1663/920 1072/1697/920 
f 1037/1656/922 1036/1655/922 1074/1682/922 
f 1037/1656/922 1074/1682/922 1039/1658/922 
f 1039/1658/922 1038/1657/922 1037/1656/922 
f 1037/1656/922 1036/1655/922 1074/1682/922 
f 1037/1656/922 1074/1682/922 1039/1658/922 
f 1039/1658/922 1038/1657/922 1037/1656/922 
f 1037/1656/922 1036/1655/922 1074/1682/922 
f 1037/1656/922 1074/1682/922 1039/1658/922 
f 1039/1658/922 1038/1657/922 1037/1656/922 
f 1037/1656/922 1036/1655/922 1074/1682/922 
f 1037/1656/922 1074/1682/922 1039/1658/922 
f 1039/1658/922 1038/1657/922 1037/1656/922 
f 1037/1656/922 1036/1655/922 1074/1682/922 
f 1037/1656/922 1074/1682/922 1039/1658/922 
f 1039/1658/922 1038/1657/922 1037/1656/922 
f 1037/1656/922 1036/1655/922 1074/1682/922 
f 1037/1656/922 1074/1682/922 1039/1658/922 
f 1039/1658/922 1038/1657/922 1037/1656/922 
f 1037/1656/922 1036/1655/922 1074/1682/922 
f 1037/1656/922 1074/1682/922 1039/1658/922 
f 1039/1658/922 1038/1657/922 1037/1656/922 
f 1037/1656/922 1036/1655/922 1074/1682/922 
f 1037/1656/922 1074/1682/922 1039/1658/922 
f 1039/1658/922 1038/1657/922 1037/1656/922 
f 1037/1656/922 1036/1655/922 1074/1682/922 
f 1037/1656/922 1074/1682/922 1039/1658/922 
f 1039/1658/922 1038/1657/922 1037/1656/922 
f 1073/1698/955 1066/1705/955 1029/1688/955 1067/1702/955 
f 1029/1688/955 1028/1647/955 1067/1702/955 
f 1070/1695/955 1044/1663/955 1063/1658/956 1040/1659/955 
f 1063/1658/956 1039/1658/957 1040/1659/955 
f 1067/1702/955 1070/1695/955 1040/1659/955 1073/1698/955 
s 524288
f 1036/1655/922 1039/1658/922 1037/1656/922 
f 1037/1656/919 1059/1681/919 1036/1655/919 
f 1036/1655/922 1039/1658/922 1037/1656/922 
f 1037/1656/919 1059/1681/919 1036/1655/919 
f 1041/1660/921 1040/1659/921 1043/1662/921 1042/1661/921 
f 1045/1664/920 1044/1663/920 1047/1666/920 1046/1665/920 
f 1036/1655/922 1039/1658/922 1037/1656/922 
f 1037/1656/919 1059/1681/919 1036/1655/919 
f 1045/1664/920 1044/1663/920 1047/1666/920 1046/1665/920 
f 1036/1655/922 1039/1658/922 1037/1656/922 
f 1037/1656/919 1059/1681/919 1036/1655/919 
f 1045/1664/920 1044/1663/920 1047/1666/920 1046/1665/920 
f 1036/1655/922 1039/1658/922 1037/1656/922 
f 1037/1656/919 1059/1681/919 1036/1655/919 
f 1045/1664/920 1044/1663/920 1047/1666/920 1046/1665/920 
f 1036/1655/922 1039/1658/922 1037/1656/922 
f 1037/1656/919 1059/1681/919 1036/1655/919 
f 1045/1664/920 1044/1663/920 1047/1666/920 1046/1665/920 
f 1036/1655/922 1039/1658/922 1037/1656/922 
f 1037/1656/919 1059/1681/919 1036/1655/919 
f 1045/1664/920 1044/1663/920 1047/1666/920 1046/1665/920 
f 1036/1655/922 1039/1658/922 1037/1656/922 
f 1037/1656/919 1059/1681/919 1036/1655/919 
f 1045/1664/920 1044/1663/920 1047/1666/920 1046/1665/920 
f 1036/1655/922 1039/1658/922 1037/1656/922 
f 1037/1656/919 1059/1681/919 1036/1655/919 
f 1045/1664/920 1044/1663/920 1047/1666/920 1046/1665/920 
f 1045/1664/920 1044/1663/920 1047/1666/920 1046/1665/920 
f 1045/1664/920 1044/1663/920 1047/1666/920 1046/1665/920 
f 1045/1664/922 1057/1679/922 1056/1678/922 
f 1056/1678/922 1058/1680/922 1045/1664/922 
f 1061/1683/941 1060/1682/954 1063/1658/954 1062/1684/941 
f 1061/1683/919 1060/1682/919 1065/1686/919 1064/1685/919 
f 1045/1664/920 1044/1663/920 1047/1666/920 1046/1665/920 
f 1045/1664/920 1044/1663/920 1047/1666/920 1046/1665/920 
f 1045/1664/920 1044/1663/920 1047/1666/920 1046/1665/920 
f 1045/1664/920 1044/1663/920 1047/1666/920 1046/1665/920 
f 1045/1664/921 1041/1660/921 1040/1659/921 1044/1663/921 
f 1072/1697/932 1040/1659/932 1041/1660/920 1045/1664/920 
f 1045/1664/931 1042/1661/931 1043/1662/934 1044/1663/934 
f 1045/1664/919 1037/1656/919 1036/1655/919 1044/1663/919 
f 1041/1660/932 1046/1665/932 1047/1666/933 1040/1659/933 
f 1045/1664/919 1037/1656/919 1036/1655/919 1044/1663/919 
f 1041/1660/932 1046/1665/932 1047/1666/933 1040/1659/933 
f 1045/1664/919 1037/1656/919 1036/1655/919 1044/1663/919 
f 1041/1660/932 1046/1665/932 1047/1666/933 1040/1659/933 
f 1045/1664/919 1037/1656/919 1036/1655/919 1044/1663/919 
f 1041/1660/932 1046/1665/932 1047/1666/933 1040/1659/933 
f 1045/1664/919 1037/1656/919 1036/1655/919 1044/1663/919 
f 1041/1660/932 1046/1665/932 1047/1666/933 1040/1659/933 
f 1045/1664/919 1037/1656/919 1036/1655/919 1044/1663/919 
f 1041/1660/932 1046/1665/932 1047/1666/933 1040/1659/933 
f 1045/1664/919 1037/1656/919 1036/1655/919 1044/1663/919 
f 1041/1660/932 1046/1665/932 1047/1666/933 1040/1659/933 
f 1045/1664/919 1037/1656/919 1036/1655/919 1044/1663/919 
f 1041/1660/932 1046/1665/932 1047/1666/933 1040/1659/933 
f 1045/1664/919 1037/1656/919 1036/1655/919 1044/1663/919 
f 1041/1660/932 1046/1665/932 1047/1666/933 1040/1659/933 
f 1045/1664/919 1037/1656/919 1036/1655/919 1044/1663/919 
f 1041/1660/932 1046/1665/932 1047/1666/933 1040/1659/933 
f 1045/1664/942 1037/1656/942 1036/1655/942 1044/1663/919 
f 1038/1657/941 1062/1684/941 1063/1658/949 1039/1658/949 
f 1041/1660/932 1046/1665/932 1047/1666/933 1040/1659/933 
f 1041/1660/932 1046/1665/932 1047/1666/933 1040/1659/933 
f 1041/1660/932 1046/1665/932 1047/1666/933 1040/1659/933 
f 1041/1660/932 1046/1665/932 1047/1666/933 1040/1659/933 
f 1072/1697/920 1047/1666/920 1046/1665/920 1045/1664/920 
f 1037/1656/922 1074/1682/922 1039/1658/922 
f 1039/1658/922 1038/1657/922 1037/1656/922 
f 1037/1656/922 1074/1682/922 1039/1658/922 
f 1039/1658/922 1038/1657/922 1037/1656/922 
f 1037/1656/922 1074/1682/922 1039/1658/922 
f 1039/1658/922 1038/1657/922 1037/1656/922 
f 1037/1656/922 1074/1682/922 1039/1658/922 
f 1039/1658/922 1038/1657/922 1037/1656/922 
f 1037/1656/922 1074/1682/922 1039/1658/922 
f 1039/1658/922 1038/1657/922 1037/1656/922 
f 1037/1656/922 1074/1682/922 1039/1658/922 
f 1039/1658/922 1038/1657/922 1037/1656/922 
f 1037/1656/922 1074/1682/922 1039/1658/922 
f 1039/1658/922 1038/1657/922 1037/1656/922 
f 1037/1656/922 1074/1682/922 1039/1658/922 
f 1039/1658/922 1038/1657/922 1037/1656/922 
f 1037/1656/922 1074/1682/922 1039/1658/922 
f 1039/1658/922 1038/1657/922 1037/1656/922 
f 1043/1662/933 1042/1661/935 1044/1663/933 
f 1045/1664/932 1044/1663/932 1042/1661/932 
f 1036/1655/922 1037/1656/922 1044/1663/922 
f 1045/1664/922 1044/1663/922 1037/1656/922 
f 1047/1666/934 1046/1665/935 1040/1659/934 
f 1041/1660/931 1040/1659/931 1046/1665/931 
f 1036/1655/922 1037/1656/922 1044/1663/922 
f 1045/1664/922 1044/1663/922 1037/1656/922 
f 1047/1666/934 1046/1665/935 1040/1659/934 
f 1041/1660/931 1040/1659/931 1046/1665/931 
f 1036/1655/922 1037/1656/922 1044/1663/922 
f 1045/1664/941 1044/1663/941 1037/1656/941 
f 1063/1658/943 1062/1684/935 1039/1658/943 
f 1038/1657/942 1039/1658/942 1062/1684/942 
f 1077/1707/919 1044/1663/919 1045/1664/919 1061/1683/919 
f 1036/1655/922 1037/1656/922 1044/1663/922 
f 1045/1664/922 1044/1663/922 1037/1656/922 
f 1047/1666/934 1046/1665/935 1040/1659/934 
f 1041/1660/931 1040/1659/931 1046/1665/931 
f 1036/1655/922 1037/1656/922 1044/1663/922 
f 1045/1664/922 1044/1663/922 1037/1656/922 
f 1047/1666/934 1046/1665/935 1040/1659/934 
f 1041/1660/931 1040/1659/931 1046/1665/931 
f 1036/1655/922 1037/1656/922 1044/1663/922 
f 1045/1664/922 1044/1663/922 1037/1656/922 
f 1047/1666/934 1046/1665/935 1040/1659/934 
f 1041/1660/931 1040/1659/931 1046/1665/931 
f 1036/1655/922 1037/1656/922 1044/1663/922 
f 1045/1664/922 1044/1663/922 1037/1656/922 
f 1047/1666/934 1046/1665/935 1040/1659/934 
f 1041/1660/931 1040/1659/931 1046/1665/931 
f 1036/1655/922 1037/1656/922 1044/1663/922 
f 1045/1664/922 1044/1663/922 1037/1656/922 
f 1047/1666/934 1046/1665/935 1040/1659/934 
f 1041/1660/931 1040/1659/931 1046/1665/931 
f 1036/1655/922 1037/1656/922 1044/1663/922 
f 1045/1664/922 1044/1663/922 1037/1656/922 
f 1047/1666/934 1046/1665/935 1040/1659/934 
f 1041/1660/931 1040/1659/931 1046/1665/931 
f 1036/1655/922 1037/1656/922 1044/1663/922 
f 1045/1664/922 1044/1663/922 1037/1656/922 
f 1047/1666/934 1046/1665/935 1040/1659/934 
f 1041/1660/931 1040/1659/931 1046/1665/931 
f 1036/1655/922 1037/1656/922 1044/1663/922 
f 1045/1664/922 1044/1663/922 1037/1656/922 
f 1047/1666/934 1046/1665/935 1040/1659/934 
f 1041/1660/931 1040/1659/931 1046/1665/931 
f 1044/1663/941 1063/1658/941 1062/1684/941 
f 1062/1684/922 1045/1664/922 1044/1663/922 
f 1038/1657/919 1039/1658/919 1036/1655/919 
f 1036/1655/919 1037/1656/919 1038/1657/919 
f 1038/1657/919 1039/1658/919 1036/1655/919 
f 1036/1655/919 1037/1656/919 1038/1657/919 
f 1038/1657/919 1039/1658/919 1036/1655/919 
f 1036/1655/919 1037/1656/919 1038/1657/919 
f 1038/1657/919 1039/1658/919 1036/1655/919 
f 1036/1655/919 1037/1656/919 1038/1657/919 
f 1038/1657/919 1039/1658/919 1036/1655/919 
f 1036/1655/919 1037/1656/919 1038/1657/919 
f 1038/1657/919 1039/1658/919 1036/1655/919 
f 1036/1655/919 1037/1656/919 1038/1657/919 
f 1038/1657/919 1039/1658/919 1036/1655/919 
f 1036/1655/919 1037/1656/919 1038/1657/919 
f 1038/1657/919 1039/1658/919 1036/1655/919 
f 1036/1655/919 1037/1656/919 1038/1657/919 
f 1038/1657/919 1039/1658/919 1036/1655/919 
f 1036/1655/919 1037/1656/919 1038/1657/919 
f 1047/1666/934 1046/1665/935 1040/1659/934 
f 1041/1660/931 1040/1659/931 1046/1665/931 
f 1047/1666/934 1046/1665/935 1040/1659/934 
f 1041/1660/931 1040/1659/931 1046/1665/931 
f 1044/1663/941 1063/1658/941 1062/1684/941 
f 1062/1684/922 1045/1664/922 1044/1663/922 
f 1038/1657/919 1039/1658/919 1036/1655/919 
f 1036/1655/919 1037/1656/919 1038/1657/919 
f 1038/1657/919 1039/1658/919 1036/1655/919 
f 1036/1655/919 1037/1656/919 1038/1657/919 
f 1037/1656/919 1058/1680/919 1056/1678/919 
f 1056/1678/919 1059/1681/919 1037/1656/919 
f 1045/1664/922 1044/1663/922 1061/1683/922 
f 1061/1683/922 1044/1663/922 1077/1707/922 
f 1038/1657/919 1039/1658/919 1036/1655/919 
f 1036/1655/919 1037/1656/919 1038/1657/919 
f 1038/1657/919 1039/1658/919 1036/1655/919 
f 1036/1655/919 1037/1656/919 1038/1657/919 
f 1038/1657/919 1039/1658/919 1036/1655/919 
f 1036/1655/919 1037/1656/919 1038/1657/919 
f 1038/1657/919 1039/1658/919 1036/1655/919 
f 1036/1655/919 1037/1656/919 1038/1657/919 
f 1038/1657/919 1039/1658/919 1036/1655/919 
f 1036/1655/919 1037/1656/919 1038/1657/919 
f 1038/1657/919 1039/1658/919 1036/1655/919 
f 1036/1655/919 1037/1656/919 1038/1657/919 
f 1038/1657/919 1039/1658/919 1036/1655/919 
f 1036/1655/919 1037/1656/919 1038/1657/919 
f 1045/1664/919 1064/1685/919 1065/1686/919 
f 1065/1686/919 1057/1679/919 1045/1664/919 
f 1047/1666/934 1046/1665/935 1040/1659/934 
f 1041/1660/931 1040/1659/931 1046/1665/931 
f 1044/1663/941 1063/1658/941 1062/1684/941 
f 1062/1684/922 1045/1664/922 1044/1663/922 
f 1038/1657/919 1039/1658/919 1036/1655/919 
f 1036/1655/919 1037/1656/919 1038/1657/919 
f 1038/1657/919 1039/1658/919 1036/1655/919 
f 1036/1655/919 1037/1656/919 1038/1657/919 
f 1038/1657/919 1039/1658/919 1036/1655/919 
f 1036/1655/919 1037/1656/919 1038/1657/919 
f 1038/1657/919 1039/1658/919 1036/1655/919 
f 1036/1655/919 1037/1656/919 1038/1657/919 
f 1038/1657/919 1039/1658/919 1036/1655/919 
f 1036/1655/919 1037/1656/919 1038/1657/919 
f 1038/1657/919 1039/1658/919 1036/1655/919 
f 1036/1655/919 1037/1656/919 1038/1657/919 
f 1038/1657/919 1039/1658/919 1036/1655/919 
f 1036/1655/919 1037/1656/919 1038/1657/919 
f 1038/1657/919 1039/1658/919 1036/1655/919 
f 1036/1655/919 1037/1656/919 1038/1657/919 
f 1038/1657/919 1039/1658/919 1036/1655/919 
f 1036/1655/919 1037/1656/919 1038/1657/919 
f 1047/1666/934 1046/1665/935 1040/1659/934 
f 1041/1660/931 1040/1659/931 1046/1665/931 
f 1044/1663/941 1063/1658/941 1062/1684/941 
f 1062/1684/922 1045/1664/922 1044/1663/922 
f 1038/1657/919 1039/1658/919 1036/1655/919 
f 1036/1655/919 1037/1656/919 1038/1657/919 
f 1038/1657/919 1039/1658/919 1036/1655/919 
f 1036/1655/919 1037/1656/919 1038/1657/919 
f 1038/1657/919 1039/1658/919 1036/1655/919 
f 1036/1655/919 1037/1656/919 1038/1657/919 
f 1038/1657/919 1039/1658/919 1036/1655/919 
f 1036/1655/919 1037/1656/919 1038/1657/919 
f 1038/1657/919 1039/1658/919 1036/1655/919 
f 1036/1655/919 1037/1656/919 1038/1657/919 
f 1038/1657/919 1039/1658/919 1036/1655/919 
f 1036/1655/919 1037/1656/919 1038/1657/919 
f 1038/1657/919 1039/1658/919 1036/1655/919 
f 1036/1655/919 1037/1656/919 1038/1657/919 
f 1038/1657/919 1039/1658/919 1036/1655/919 
f 1036/1655/919 1037/1656/919 1038/1657/919 
f 1038/1657/919 1039/1658/919 1036/1655/919 
f 1036/1655/919 1037/1656/919 1038/1657/919 
f 1041/1660/931 1040/1659/934 1047/1666/934 1046/1665/931 
f 1044/1663/941 1063/1658/941 1062/1684/941 
f 1062/1684/922 1045/1664/922 1044/1663/922 
f 1038/1657/919 1039/1658/919 1036/1655/919 
f 1036/1655/919 1037/1656/919 1038/1657/919 
f 1038/1657/919 1039/1658/919 1036/1655/919 
f 1036/1655/919 1037/1656/919 1038/1657/919 
f 1038/1657/919 1039/1658/919 1036/1655/919 
f 1036/1655/919 1037/1656/919 1038/1657/919 
f 1038/1657/919 1039/1658/919 1036/1655/919 
f 1036/1655/919 1037/1656/919 1038/1657/919 
f 1038/1657/919 1039/1658/919 1036/1655/919 
f 1036/1655/919 1037/1656/919 1038/1657/919 
f 1038/1657/919 1039/1658/919 1036/1655/919 
f 1036/1655/919 1037/1656/919 1038/1657/919 
f 1038/1657/919 1039/1658/919 1036/1655/919 
f 1036/1655/919 1037/1656/919 1038/1657/919 
f 1038/1657/919 1039/1658/919 1036/1655/919 
f 1036/1655/919 1037/1656/919 1038/1657/919 
f 1038/1657/919 1039/1658/919 1036/1655/919 
f 1036/1655/919 1037/1656/919 1038/1657/919 
f 1042/1661/920 1043/1662/920 1071/1696/920 1041/1660/920 
f 1046/1665/921 1047/1666/921 1072/1697/921 1045/1664/921 
f 1046/1665/921 1047/1666/921 1072/1697/921 1045/1664/921 
f 1062/1684/942 1063/1658/919 1063/1658/919 1061/1683/942 
f 1046/1665/921 1047/1666/921 1072/1697/921 1045/1664/921 
f 1046/1665/921 1047/1666/921 1072/1697/921 1045/1664/921 
f 1046/1665/921 1047/1666/921 1072/1697/921 1045/1664/921 
f 1046/1665/921 1047/1666/921 1072/1697/921 1045/1664/921 
f 1046/1665/921 1047/1666/921 1072/1697/921 1045/1664/921 
f 1046/1665/921 1047/1666/921 1072/1697/921 1045/1664/921 
f 1046/1665/921 1047/1666/921 1072/1697/921 1045/1664/921 
f 1046/1665/921 1047/1666/921 1072/1697/921 1045/1664/921 
f 1046/1665/921 1047/1666/921 1072/1697/921 1045/1664/921 
f 1046/1665/921 1047/1666/921 1072/1697/921 1045/1664/921 
f 1045/1664/942 1062/1684/942 1063/1658/942 
f 1063/1658/919 1060/1682/919 1045/1664/919 
f 1046/1665/921 1047/1666/921 1072/1697/921 1045/1664/921 
f 1045/1664/942 1062/1684/942 1063/1658/942 
f 1063/1658/919 1060/1682/919 1045/1664/919 
f 1046/1665/921 1047/1666/921 1072/1697/921 1045/1664/921 
f 1045/1664/942 1062/1684/942 1063/1658/942 
f 1063/1658/919 1060/1682/919 1045/1664/919 
f 1045/1664/942 1062/1684/942 1063/1658/942 
f 1063/1658/919 1060/1682/919 1045/1664/919 
f 1041/1660/921 1040/1659/921 1072/1697/921 1045/1664/921 
f 1037/1656/919 1038/1657/919 1039/1658/919 
f 1039/1658/919 1074/1682/919 1037/1656/919 
f 1037/1656/919 1038/1657/919 1039/1658/919 
f 1039/1658/919 1074/1682/919 1037/1656/919 
f 1037/1656/919 1038/1657/919 1039/1658/919 
f 1039/1658/919 1074/1682/919 1037/1656/919 
f 1037/1656/919 1038/1657/919 1039/1658/919 
f 1039/1658/919 1074/1682/919 1037/1656/919 
f 1037/1656/919 1038/1657/919 1039/1658/919 
f 1039/1658/919 1074/1682/919 1037/1656/919 
f 1037/1656/919 1038/1657/919 1039/1658/919 
f 1039/1658/919 1074/1682/919 1037/1656/919 
f 1037/1656/919 1038/1657/919 1039/1658/919 
f 1039/1658/919 1074/1682/919 1037/1656/919 
f 1037/1656/919 1038/1657/919 1039/1658/919 
f 1039/1658/919 1074/1682/919 1037/1656/919 
f 1037/1656/919 1038/1657/919 1039/1658/919 
f 1039/1658/919 1074/1682/919 1037/1656/919 
f 1047/1666/933 1040/1659/933 1046/1665/933 
f 1041/1660/932 1046/1665/932 1040/1659/932 
f 1045/1664/919 1062/1684/919 1044/1663/919 
f 1063/1658/942 1044/1663/942 1062/1684/942 
f 1059/1681/922 1037/1656/922 1036/1655/922 
f 1037/1656/919 1039/1658/919 1036/1655/919 
f 1059/1681/922 1037/1656/922 1036/1655/922 
f 1037/1656/919 1039/1658/919 1036/1655/919 
f 1043/1662/920 1040/1659/920 1042/1661/920 
f 1041/1660/920 1042/1661/920 1040/1659/920 
f 1047/1666/921 1044/1663/921 1046/1665/921 
f 1045/1664/921 1046/1665/921 1044/1663/921 
f 1059/1681/922 1037/1656/922 1036/1655/922 
f 1037/1656/919 1039/1658/919 1036/1655/919 
f 1047/1666/921 1044/1663/921 1046/1665/921 
f 1045/1664/921 1046/1665/921 1044/1663/921 
f 1059/1681/922 1037/1656/922 1036/1655/922 
f 1037/1656/919 1039/1658/919 1036/1655/919 
f 1047/1666/921 1044/1663/921 1046/1665/921 
f 1045/1664/921 1046/1665/921 1044/1663/921 
f 1059/1681/922 1037/1656/922 1036/1655/922 
f 1037/1656/919 1039/1658/919 1036/1655/919 
f 1047/1666/921 1044/1663/921 1046/1665/921 
f 1045/1664/921 1046/1665/921 1044/1663/921 
f 1059/1681/922 1037/1656/922 1036/1655/922 
f 1037/1656/919 1039/1658/919 1036/1655/919 
f 1047/1666/921 1044/1663/921 1046/1665/921 
f 1045/1664/921 1046/1665/921 1044/1663/921 
f 1059/1681/922 1037/1656/922 1036/1655/922 
f 1037/1656/919 1039/1658/919 1036/1655/919 
f 1047/1666/921 1044/1663/921 1046/1665/921 
f 1045/1664/921 1046/1665/921 1044/1663/921 
f 1059/1681/922 1037/1656/922 1036/1655/922 
f 1037/1656/919 1039/1658/919 1036/1655/919 
f 1047/1666/921 1044/1663/921 1046/1665/921 
f 1045/1664/921 1046/1665/921 1044/1663/921 
f 1059/1681/922 1037/1656/922 1036/1655/922 
f 1037/1656/919 1039/1658/919 1036/1655/919 
f 1047/1666/921 1044/1663/921 1046/1665/921 
f 1045/1664/921 1046/1665/921 1044/1663/921 
f 1047/1666/921 1044/1663/921 1046/1665/921 
f 1045/1664/921 1046/1665/921 1044/1663/921 
f 1063/1658/942 1044/1663/942 1062/1684/942 
f 1045/1664/919 1062/1684/919 1044/1663/919 
f 1039/1658/922 1038/1657/922 1036/1655/922 
f 1037/1656/922 1036/1655/922 1038/1657/922 
f 1039/1658/922 1038/1657/922 1036/1655/922 
f 1037/1656/922 1036/1655/922 1038/1657/922 
f 1039/1658/922 1038/1657/922 1036/1655/922 
f 1037/1656/922 1036/1655/922 1038/1657/922 
f 1039/1658/922 1038/1657/922 1036/1655/922 
f 1037/1656/922 1036/1655/922 1038/1657/922 
f 1039/1658/922 1038/1657/922 1036/1655/922 
f 1037/1656/922 1036/1655/922 1038/1657/922 
f 1039/1658/922 1038/1657/922 1036/1655/922 
f 1037/1656/922 1036/1655/922 1038/1657/922 
f 1039/1658/922 1038/1657/922 1036/1655/922 
f 1037/1656/922 1036/1655/922 1038/1657/922 
f 1039/1658/922 1038/1657/922 1036/1655/922 
f 1037/1656/922 1036/1655/922 1038/1657/922 
f 1039/1658/922 1038/1657/922 1036/1655/922 
f 1037/1656/922 1036/1655/922 1038/1657/922 
f 1047/1666/921 1044/1663/921 1046/1665/921 
f 1045/1664/921 1046/1665/921 1044/1663/921 
f 1063/1658/942 1044/1663/942 1062/1684/942 
f 1045/1664/919 1062/1684/919 1044/1663/919 
f 1057/1679/919 1045/1664/919 1056/1678/919 
f 1058/1680/919 1056/1678/919 1045/1664/919 
f 1039/1658/922 1038/1657/922 1036/1655/922 
f 1037/1656/922 1036/1655/922 1038/1657/922 
f 1039/1658/922 1038/1657/922 1036/1655/922 
f 1037/1656/922 1036/1655/922 1038/1657/922 
f 1059/1681/922 1056/1678/922 1037/1656/922 
f 1058/1680/922 1037/1656/922 1056/1678/922 
f 1063/1658/926 1060/1682/926 1062/1684/926 
f 1061/1683/919 1062/1684/919 1060/1682/919 
f 1039/1658/922 1038/1657/922 1036/1655/922 
f 1037/1656/922 1036/1655/922 1038/1657/922 
f 1039/1658/922 1038/1657/922 1036/1655/922 
f 1037/1656/922 1036/1655/922 1038/1657/922 
f 1039/1658/922 1038/1657/922 1036/1655/922 
f 1037/1656/922 1036/1655/922 1038/1657/922 
f 1039/1658/922 1038/1657/922 1036/1655/922 
f 1037/1656/922 1036/1655/922 1038/1657/922 
f 1039/1658/922 1038/1657/922 1036/1655/922 
f 1037/1656/922 1036/1655/922 1038/1657/922 
f 1039/1658/922 1038/1657/922 1036/1655/922 
f 1037/1656/922 1036/1655/922 1038/1657/922 
f 1039/1658/922 1038/1657/922 1036/1655/922 
f 1037/1656/922 1036/1655/922 1038/1657/922 
f 1065/1686/922 1060/1682/922 1064/1685/922 
f 1061/1683/922 1064/1685/922 1060/1682/922 
f 1057/1679/922 1065/1686/922 1045/1664/922 
f 1064/1685/922 1045/1664/922 1065/1686/922 
f 1047/1666/921 1044/1663/921 1046/1665/921 
f 1045/1664/921 1046/1665/921 1044/1663/921 
f 1063/1658/942 1044/1663/942 1062/1684/942 
f 1045/1664/919 1062/1684/919 1044/1663/919 
f 1039/1658/922 1038/1657/922 1036/1655/922 
f 1037/1656/922 1036/1655/922 1038/1657/922 
f 1039/1658/922 1038/1657/922 1036/1655/922 
f 1037/1656/922 1036/1655/922 1038/1657/922 
f 1039/1658/922 1038/1657/922 1036/1655/922 
f 1037/1656/922 1036/1655/922 1038/1657/922 
f 1039/1658/922 1038/1657/922 1036/1655/922 
f 1037/1656/922 1036/1655/922 1038/1657/922 
f 1039/1658/922 1038/1657/922 1036/1655/922 
f 1037/1656/922 1036/1655/922 1038/1657/922 
f 1039/1658/922 1038/1657/922 1036/1655/922 
f 1037/1656/922 1036/1655/922 1038/1657/922 
f 1039/1658/922 1038/1657/922 1036/1655/922 
f 1037/1656/922 1036/1655/922 1038/1657/922 
f 1039/1658/922 1038/1657/922 1036/1655/922 
f 1037/1656/922 1036/1655/922 1038/1657/922 
f 1039/1658/922 1038/1657/922 1036/1655/922 
f 1037/1656/922 1036/1655/922 1038/1657/922 
f 1047/1666/921 1044/1663/921 1046/1665/921 
f 1045/1664/921 1046/1665/921 1044/1663/921 
f 1063/1658/942 1044/1663/942 1062/1684/942 
f 1045/1664/919 1062/1684/919 1044/1663/919 
f 1039/1658/922 1038/1657/922 1036/1655/922 
f 1037/1656/922 1036/1655/922 1038/1657/922 
f 1039/1658/922 1038/1657/922 1036/1655/922 
f 1037/1656/922 1036/1655/922 1038/1657/922 
f 1039/1658/922 1038/1657/922 1036/1655/922 
f 1037/1656/922 1036/1655/922 1038/1657/922 
f 1039/1658/922 1038/1657/922 1036/1655/922 
f 1037/1656/922 1036/1655/922 1038/1657/922 
f 1039/1658/922 1038/1657/922 1036/1655/922 
f 1037/1656/922 1036/1655/922 1038/1657/922 
f 1039/1658/922 1038/1657/922 1036/1655/922 
f 1037/1656/922 1036/1655/922 1038/1657/922 
f 1039/1658/922 1038/1657/922 1036/1655/922 
f 1037/1656/922 1036/1655/922 1038/1657/922 
f 1039/1658/922 1038/1657/922 1036/1655/922 
f 1037/1656/922 1036/1655/922 1038/1657/922 
f 1039/1658/922 1038/1657/922 1036/1655/922 
f 1037/1656/922 1036/1655/922 1038/1657/922 
f 1047/1666/921 1044/1663/921 1046/1665/921 
f 1045/1664/921 1046/1665/921 1044/1663/921 
f 1039/1658/922 1038/1657/922 1036/1655/922 
f 1037/1656/922 1036/1655/922 1038/1657/922 
f 1039/1658/922 1038/1657/922 1036/1655/922 
f 1037/1656/922 1036/1655/922 1038/1657/922 
f 1039/1658/922 1038/1657/922 1036/1655/922 
f 1037/1656/922 1036/1655/922 1038/1657/922 
f 1039/1658/922 1038/1657/922 1036/1655/922 
f 1037/1656/922 1036/1655/922 1038/1657/922 
f 1039/1658/922 1038/1657/922 1036/1655/922 
f 1037/1656/922 1036/1655/922 1038/1657/922 
f 1039/1658/922 1038/1657/922 1036/1655/922 
f 1037/1656/922 1036/1655/922 1038/1657/922 
f 1039/1658/922 1038/1657/922 1036/1655/922 
f 1037/1656/922 1036/1655/922 1038/1657/922 
f 1039/1658/922 1038/1657/922 1036/1655/922 
f 1037/1656/922 1036/1655/922 1038/1657/922 
f 1039/1658/922 1038/1657/922 1036/1655/922 
f 1037/1656/922 1036/1655/922 1038/1657/922 
f 1047/1666/921 1044/1663/921 1046/1665/921 
f 1045/1664/921 1046/1665/921 1044/1663/921 
f 1040/1659/920 1041/1660/920 1044/1663/920 
f 1045/1664/920 1044/1663/920 1041/1660/920 
f 1071/1696/921 1043/1662/921 1041/1660/921 
f 1042/1661/921 1041/1660/921 1043/1662/921 
f 1072/1697/920 1047/1666/920 1045/1664/920 
f 1046/1665/920 1045/1664/920 1047/1666/920 
f 1072/1697/920 1047/1666/920 1045/1664/920 
f 1046/1665/920 1045/1664/920 1047/1666/920 
f 1072/1697/931 1045/1664/931 1040/1659/931 
f 1041/1660/921 1040/1659/921 1045/1664/921 
f 1063/1658/936 1063/1658/936 1061/1683/936 
f 1062/1684/941 1061/1683/941 1063/1658/941 
f 1072/1697/920 1047/1666/920 1045/1664/920 
f 1046/1665/920 1045/1664/920 1047/1666/920 
f 1072/1697/920 1047/1666/920 1045/1664/920 
f 1046/1665/920 1045/1664/920 1047/1666/920 
f 1072/1697/920 1047/1666/920 1045/1664/920 
f 1046/1665/920 1045/1664/920 1047/1666/920 
f 1072/1697/920 1047/1666/920 1045/1664/920 
f 1046/1665/920 1045/1664/920 1047/1666/920 
f 1072/1697/920 1047/1666/920 1045/1664/920 
f 1046/1665/920 1045/1664/920 1047/1666/920 
f 1072/1697/920 1047/1666/920 1045/1664/920 
f 1046/1665/920 1045/1664/920 1047/1666/920 
f 1072/1697/920 1047/1666/920 1045/1664/920 
f 1046/1665/920 1045/1664/920 1047/1666/920 
f 1072/1697/920 1047/1666/920 1045/1664/920 
f 1046/1665/920 1045/1664/920 1047/1666/920 
f 1072/1697/920 1047/1666/920 1045/1664/920 
f 1046/1665/920 1045/1664/920 1047/1666/920 
f 1072/1697/920 1047/1666/920 1045/1664/920 
f 1046/1665/920 1045/1664/920 1047/1666/920 
f 1060/1682/936 1063/1658/936 1045/1664/936 
f 1062/1684/941 1045/1664/941 1063/1658/941 
f 1072/1697/920 1047/1666/920 1045/1664/920 
f 1046/1665/920 1045/1664/920 1047/1666/920 
f 1060/1682/936 1063/1658/936 1045/1664/936 
f 1062/1684/941 1045/1664/941 1063/1658/941 
f 1072/1697/920 1047/1666/920 1045/1664/920 
f 1046/1665/920 1045/1664/920 1047/1666/920 
f 1060/1682/936 1063/1658/936 1045/1664/936 
f 1062/1684/941 1045/1664/941 1063/1658/941 
f 1060/1682/936 1063/1658/936 1045/1664/936 
f 1062/1684/941 1045/1664/941 1063/1658/941 
f 1072/1697/920 1040/1659/920 1045/1664/920 
f 1041/1660/920 1045/1664/920 1040/1659/920 
f 1074/1682/922 1039/1658/922 1037/1656/922 
f 1038/1657/922 1037/1656/922 1039/1658/922 
f 1074/1682/922 1039/1658/922 1037/1656/922 
f 1038/1657/922 1037/1656/922 1039/1658/922 
f 1074/1682/922 1039/1658/922 1037/1656/922 
f 1038/1657/922 1037/1656/922 1039/1658/922 
f 1074/1682/922 1039/1658/922 1037/1656/922 
f 1038/1657/922 1037/1656/922 1039/1658/922 
f 1074/1682/922 1039/1658/922 1037/1656/922 
f 1038/1657/922 1037/1656/922 1039/1658/922 
f 1074/1682/922 1039/1658/922 1037/1656/922 
f 1038/1657/922 1037/1656/922 1039/1658/922 
f 1074/1682/922 1039/1658/922 1037/1656/922 
f 1038/1657/922 1037/1656/922 1039/1658/922 
f 1074/1682/922 1039/1658/922 1037/1656/922 
f 1038/1657/922 1037/1656/922 1039/1658/922 
f 1074/1682/922 1039/1658/922 1037/1656/922 
f 1038/1657/922 1037/1656/922 1039/1658/922 
f 1072/1697/921 1045/1664/921 1047/1666/921 
f 1046/1665/921 1047/1666/921 1045/1664/921 
f 1074/1682/919 1037/1656/919 1039/1658/919 
f 1038/1657/919 1039/1658/919 1037/1656/919 
f 1074/1682/919 1037/1656/919 1039/1658/919 
f 1038/1657/919 1039/1658/919 1037/1656/919 
f 1074/1682/919 1037/1656/919 1039/1658/919 
f 1038/1657/919 1039/1658/919 1037/1656/919 
f 1074/1682/919 1037/1656/919 1039/1658/919 
f 1038/1657/919 1039/1658/919 1037/1656/919 
f 1074/1682/919 1037/1656/919 1039/1658/919 
f 1038/1657/919 1039/1658/919 1037/1656/919 
f 1074/1682/919 1037/1656/919 1039/1658/919 
f 1038/1657/919 1039/1658/919 1037/1656/919 
f 1074/1682/919 1037/1656/919 1039/1658/919 
f 1038/1657/919 1039/1658/919 1037/1656/919 
f 1074/1682/919 1037/1656/919 1039/1658/919 
f 1038/1657/919 1039/1658/919 1037/1656/919 
f 1074/1682/919 1037/1656/919 1039/1658/919 
f 1038/1657/919 1039/1658/919 1037/1656/919 
# 332 polygons - 964 triangles

#
# object default_Part_17
#

v  0.4229 4.4834 0.5850
v  0.4225 4.4833 0.7657
v  0.4250 4.4825 0.7727
v  0.9103 4.3380 0.8305
v  0.6663 4.4186 0.5723
v  0.8318 4.3665 0.3961
v  0.8141 4.3718 0.4200
v  0.6830 4.4060 0.5491
v  0.4306 4.4785 0.7952
v  0.6830 4.4166 0.4288
v  0.8138 4.6386 0.4201
v  0.8318 4.6437 0.3965
v  0.5218 4.6219 0.5801
v  0.4229 4.5485 0.5856
v  0.6663 4.6092 0.5721
v  0.9103 4.3380 0.8082
v  0.8318 4.3647 0.3228
v  0.4391 4.4718 0.8309
v  0.8318 4.6382 0.1368
v  0.8318 4.6727 0.2977
v  0.8318 4.4078 0.1690
v  0.2429 3.6710 0.7951
v  0.2443 4.3439 0.7953
v  0.1398 4.2687 0.7946
v  0.2438 3.8607 0.8295
v  0.2435 4.3311 0.8292
v  0.2610 3.8616 0.8475
v  0.2610 4.3371 0.8474
v  0.3222 3.5064 0.8476
v  0.9059 4.3209 0.8473
v  0.4252 4.4557 0.8473
v  -0.1914 3.1164 0.2493
v  -0.4068 3.1346 0.0305
v  -0.2706 3.0881 -0.0382
v  -0.1622 3.0674 0.0032
v  -0.1007 3.0899 0.2292
v  0.6830 4.6142 0.5494
v  0.6830 4.6499 0.4280
v  0.5054 4.6836 0.3760
v  0.9109 4.3309 0.8369
v  0.9129 4.3354 0.8306
v  0.8341 4.4843 -0.0924
v  0.8336 4.5826 -0.1217
v  -0.3085 4.0107 -0.3240
v  -0.1115 4.5042 -0.4061
v  0.0012 3.1681 0.4570
v  -0.1241 4.5066 -0.3941
v  -0.6222 4.0176 -0.0352
v  -0.6243 3.8347 -0.0697
# 49 vertices

vn 0.2852 0.9585 0.0015
vn 0.2599 0.9641 0.0552
vn 0.2982 0.9545 0.0087
vn 0.4504 0.8799 -0.1511
vn 0.2724 0.9565 0.1042
vn 0.2797 0.9596 0.0296
vn 0.7990 -0.0001 0.6014
vn 0.0532 -0.0023 0.9986
vn 0.0549 0.0008 0.9985
vn 0.4176 0.9085 -0.0168
vn 1.0000 -0.0000 0.0022
vn 0.2714 0.9556 0.1144
vn 1.0000 -0.0000 -0.0000
vn 1.0000 -0.0000 0.0000
vn -0.0066 -0.0003 1.0000
vn -1.0000 0.0010 -0.0014
vn -0.7217 0.0001 0.6923
vn 0.0001 0.0003 1.0000
vn -0.2444 -0.9561 0.1614
vn 0.8086 -0.0004 0.5884
vn 0.0641 0.0015 0.9979
vn 1.0000 0.0000 -0.0000
vn 0.0991 0.9546 0.2808
vn 0.0990 0.9546 0.2808
vn 0.1887 0.6628 0.7247
vn 0.1757 0.6265 0.7594
vn 0.5672 0.5770 0.5877
vn 0.7131 0.7011 0.0010
vn 1.0000 0.0028 0.0080
vn 0.2979 -0.2712 -0.9152
vn -0.1782 -0.9033 0.3903
vn 0.8022 -0.5749 -0.1612
vn 0.8022 -0.5748 -0.1612
vn 0.8023 -0.5748 -0.1611
vn -0.0178 0.9775 -0.2101
vn -0.0179 0.9775 -0.2101
vn -0.5619 0.7782 0.2805
vn -0.5608 0.7790 0.2804
vn -0.5616 0.7784 0.2804
vn -0.7123 -0.1223 0.6911
vn -0.5059 -0.2742 -0.8179
vn -0.6685 0.1455 -0.7293
# 42 vertex normals

vt 0.6128 -0.1054 2.5225
vt 0.6127 -0.2924 2.5224
vt 0.6133 -0.2997 2.5221
vt 0.7428 -0.3595 2.4569
vt 0.6777 -0.0923 2.4933
vt 0.7218 0.0900 2.4698
vt 0.7171 0.0654 2.4722
vt 0.6822 -0.0682 2.4876
vt 0.6148 -0.3229 2.5203
vt 0.6822 0.0563 2.4924
vt 0.7171 2.5925 0.0653
vt 0.7171 2.4722 0.0654
vt 0.7218 2.4698 0.0900
vt 0.7218 2.5948 0.0896
vt 0.6392 2.5850 -0.1003
vt 0.6128 2.5519 -0.1060
vt 0.6128 2.5225 -0.1054
vt 0.6777 2.4933 -0.0923
vt 0.6777 2.5793 -0.0921
vt 0.7428 -0.3364 2.4569
vt 0.7218 0.1659 2.4689
vt -0.2924 2.5224 0.6127
vt -0.1054 2.5225 0.6128
vt -0.1060 2.5519 0.6128
vt 0.6171 -0.3599 2.5173
vt 0.3584 2.5923 0.7218
vt 0.1919 2.6079 0.7218
vt 0.0896 2.5948 0.7218
vt 0.0900 2.4698 0.7218
vt 0.1659 2.4689 0.7218
vt 0.3251 2.4884 0.7218
vt 0.5648 2.1560 -0.3228
vt 0.5652 2.4596 -0.3231
vt 0.5373 2.4256 -0.3223
vt 1.3585 2.2416 0.5650
vt 1.3581 2.4538 0.5650
vt 1.3231 2.4596 0.5652
vt 1.3228 2.1560 0.5648
vt 0.5696 2.2420 -0.3771
vt 0.5696 2.4565 -0.3770
vt 0.5650 2.4538 -0.3581
vt 0.5650 2.2416 -0.3585
vt 0.5859 2.0818 -0.3772
vt 0.7416 2.4492 -0.3769
vt 0.6134 2.5100 -0.3769
vt 0.3513 1.9058 0.0201
vt 0.2582 1.9140 0.1655
vt 0.1434 1.8931 0.3329
vt 0.1327 1.8837 0.3457
vt 0.2965 1.8939 0.0994
vt 0.6822 2.5815 -0.0686
vt 0.6822 2.4876 -0.0682
vt 0.6822 2.5976 0.0571
vt 0.6822 2.4924 0.0563
vt 0.0563 2.4924 0.6822
vt 0.0571 2.5976 0.6822
vt -0.0686 2.5815 0.6822
vt -0.0682 2.4876 0.6822
vt 0.6007 2.6128 0.0297
vt 0.2124 2.5850 0.3265
vt 0.7430 2.4537 -0.3661
vt 0.7428 2.4569 -0.3595
vt 0.6171 2.5173 -0.3599
vt 0.7435 2.4557 -0.3596
vt 0.7435 -0.3596 2.4557
vt 0.5956 2.5229 0.7225
vt 0.6259 2.5673 0.7223
vt 0.3691 2.5673 0.7390
vt 0.3908 2.5229 0.7358
vt 0.0708 1.8837 0.4576
vt 0.1741 2.3093 0.4631
vt 0.0754 1.8931 0.4559
vt 0.3006 2.5319 0.5201
vt 0.4031 1.9292 -0.0573
vt 0.3001 1.9058 0.1127
vt 0.2562 1.8939 0.1723
vt 0.3064 2.5330 0.5004
vt 0.5835 2.6079 0.3302
vt 0.3084 2.5319 0.5195
vt 0.6092 2.6128 0.0257
vt 0.3480 2.5330 0.4806
vt 0.2328 2.3124 0.1236
vt 0.2070 2.2299 0.1810
vt 0.1882 1.9140 0.2920
vt 0.2204 2.2299 0.1569
vt 0.1973 2.3093 0.4521
# 86 texture coords

g default_Part_17
usemtl 07___Default
s off
f 1078/1709/958 1079/1710/958 1080/1711/958 1081/1712/958 
f 1078/1709/959 1081/1712/959 1082/1713/959 
f 1081/1712/960 1083/1714/960 1084/1715/960 
f 1085/1716/961 1082/1713/961 1081/1712/961 
f 1081/1712/962 1080/1711/962 1086/1717/962 
f 1085/1716/963 1081/1712/963 1084/1715/963 1087/1718/963 
f 1088/1719/964 1084/1720/964 1083/1721/964 1089/1722/964 
f 1090/1723/965 1091/1724/965 1078/1725/965 1082/1726/965 
f 1090/1723/966 1082/1726/966 1092/1727/966 
f 1083/1714/967 1081/1712/967 1093/1728/967 1094/1729/967 
f 1079/1730/968 1078/1731/968 1091/1732/968 
f 1095/1733/969 1081/1712/969 1086/1717/969 
f 1096/1734/970 1097/1735/970 1089/1736/970 1083/1737/970 
f 1096/1734/971 1083/1737/971 1094/1738/971 1098/1739/971 
f 1099/1740/972 1100/1741/972 1101/1742/972 
f 1102/1743/973 1103/1744/973 1100/1745/973 1099/1746/973 
f 1104/1747/974 1105/1748/974 1103/1749/974 1102/1750/974 
f 1104/1747/975 1106/1751/975 1107/1752/975 1108/1753/975 
f 1104/1747/975 1108/1753/975 1105/1748/975 
s 1
f 1109/1754/976 1110/1755/976 1111/1756/976 1112/1757/976 
f 1109/1754/976 1112/1757/976 1113/1758/976 
s off
f 1114/1759/977 1092/1727/977 1082/1726/977 1085/1760/977 
f 1088/1719/978 1115/1761/978 1087/1762/978 1084/1720/978 
f 1087/1763/979 1115/1764/979 1114/1765/979 1085/1766/979 
s 64
f 1092/1727/980 1114/1759/980 1115/1764/980 1116/1767/980 
f 1115/1764/980 1088/1719/981 1089/1722/980 1116/1767/980 
f 1089/1722/980 1097/1735/980 1116/1767/980 
f 1092/1727/980 1116/1767/980 1090/1768/981 
s off
f 1107/1752/982 1117/1769/982 1081/1770/982 1095/1771/982 
f 1107/1752/983 1095/1771/983 1108/1753/983 
f 1118/1772/984 1081/1770/984 1117/1769/984 
f 1093/1728/985 1081/1712/985 1118/1773/985 
f 1119/1774/986 1120/1775/986 1096/1734/986 1098/1739/986 
s 2
f 1120/1776/987 1119/1777/987 1112/1778/987 1121/1779/987 
f 1112/1778/987 1111/1780/987 1121/1779/987 
f 1120/1776/987 1121/1779/987 1122/1781/987 
s 32
f 1123/1782/988 1109/1783/988 1113/1784/988 
s 256
f 1094/1738/989 1093/1728/990 1118/1773/989 1123/1782/989 
f 1118/1773/989 1117/1769/991 1107/1752/989 1123/1782/989 
f 1107/1752/989 1106/1751/989 1123/1782/989 
f 1123/1782/989 1113/1784/989 1112/1757/989 1098/1739/989 
f 1112/1757/989 1119/1777/989 1098/1739/989 
f 1094/1738/989 1123/1782/989 1098/1739/989 
s 8
f 1124/1785/992 1116/1767/993 1097/1786/993 1096/1734/993 
f 1124/1785/992 1096/1734/993 1120/1775/993 1122/1787/992 
s 4
f 1095/1771/994 1086/1717/995 1080/1711/996 1079/1710/994 
f 1091/1732/994 1090/1768/994 1116/1788/994 1100/1741/994 
f 1116/1788/994 1124/1789/994 1125/1790/994 1100/1741/994 
f 1125/1790/994 1101/1742/994 1100/1741/994 
f 1079/1710/994 1091/1732/994 1100/1741/994 1095/1771/994 
f 1100/1741/994 1103/1744/994 1105/1748/994 1095/1771/994 
f 1095/1771/994 1105/1748/994 1108/1753/994 
s 16
f 1126/1791/997 1110/1792/997 1109/1783/997 1106/1751/997 
f 1109/1783/997 1123/1782/997 1106/1751/997 
f 1106/1751/997 1104/1747/997 1102/1750/997 1099/1746/997 
f 1126/1791/997 1106/1751/997 1099/1746/997 1101/1742/997 
f 1126/1791/997 1101/1742/997 1125/1790/997 
s 128
f 1111/1780/998 1110/1755/998 1126/1793/998 1121/1794/998 
s 512
f 1121/1779/999 1126/1793/999 1125/1790/999 1124/1789/999 
f 1121/1779/999 1124/1789/999 1122/1787/999 
# 34 polygons - 26 triangles

#
# object default_Part_18
#

v  0.9201 3.5699 -0.8540
v  0.9160 3.5924 -0.8377
v  0.9380 3.5676 -0.8354
v  0.7888 3.6075 -0.8536
v  0.8318 3.6167 -0.8371
v  0.9179 1.1334 -0.8541
v  0.9380 1.1189 -0.8346
v  0.9164 3.5924 -0.7669
v  0.9376 3.5679 -0.7329
v  0.9354 3.0023 -0.2296
v  0.9373 1.1499 -0.6700
v  0.9353 1.3498 -0.2295
v  -0.1346 2.7324 -0.6190
v  -0.1251 2.7374 -0.6022
v  0.3986 3.3553 -0.8526
v  0.2954 3.2363 -0.8131
v  0.3146 3.2676 -0.8524
v  0.2999 3.2477 -0.8362
v  -0.1655 2.7560 -0.8131
v  0.3383 1.6562 -0.8532
v  0.3153 1.7061 -0.8532
v  0.8318 2.8291 -0.1347
v  0.8318 1.5453 -0.0035
v  0.8335 1.4491 -0.2138
v  0.8324 2.9180 -0.2136
v  0.2767 1.9108 -0.3101
v  0.5037 2.2606 0.1841
v  0.6341 1.8205 0.2097
v  0.3436 1.6830 -0.6817
v  0.9178 1.3725 -0.2144
v  0.8340 1.6153 0.1566
v  0.9157 1.5444 0.1637
v  0.9327 1.5368 0.1811
v  0.9322 1.6754 0.4881
v  0.8353 2.5032 0.1581
v  0.9054 3.5968 -0.7771
v  0.8900 3.6003 -0.7891
v  0.8869 3.6014 -0.7918
v  0.8719 3.6056 -0.8042
v  0.8413 3.6141 -0.8294
v  0.8377 3.6153 -0.8325
v  0.9320 2.0798 0.5912
v  0.9327 2.5407 0.1806
v  0.9151 2.5481 0.1638
v  0.9201 2.9758 -0.2148
v  0.2992 1.7448 -0.8362
v  0.2961 1.7566 -0.8131
# 47 vertices

vn 0.6463 0.5195 -0.5589
vn 0.1690 0.6007 -0.7814
vn 0.7084 -0.0004 -0.7058
vn 0.7530 0.6580 -0.0008
vn 1.0000 -0.0000 0.0042
vn 1.0000 -0.0001 0.0045
vn 1.0000 0.0000 0.0045
vn -0.7076 0.6790 0.1954
vn -0.7077 0.6790 0.1954
vn -0.0028 0.0005 -1.0000
vn -0.0021 0.0002 -1.0000
vn -0.0011 0.0005 -1.0000
vn 1.0000 0.0008 0.0079
vn -0.8220 -0.2129 0.5282
vn -0.6373 -0.7028 0.3161
vn 0.9999 -0.0014 -0.0134
vn 0.2428 0.9697 -0.0267
vn 0.2781 0.9605 -0.0102
vn 0.3142 0.9492 0.0150
vn 0.2773 0.9607 -0.0114
vn 0.2821 0.9587 0.0368
vn 0.2756 0.9592 -0.0631
vn 0.3701 0.9290 -0.0013
vn 1.0000 0.0000 0.0017
vn -0.7159 -0.1728 0.6764
vn 0.7033 0.0001 -0.7109
vn 0.0789 0.0008 -0.9969
vn 0.0104 0.0001 0.9999
vn 0.6723 -0.0004 0.7403
vn -0.3938 0.6118 0.6860
vn -0.3938 0.6119 0.6859
vn -0.3928 0.6133 0.6853
vn -0.3942 0.6113 0.6862
vn -0.9870 -0.0000 -0.1605
vn -0.7328 0.0001 -0.6805
vn 0.0000 0.0000 -1.0000
vn -0.6635 -0.7358 0.1356
vn -0.9039 -0.4175 0.0932
# 38 vertex normals

vt 0.2546 2.1104 1.3838
vt 0.2557 2.1206 1.3669
vt 0.2498 2.1094 1.3645
vt 0.2896 2.1274 1.3834
vt 0.2782 2.1315 1.3663
vt 0.2552 1.0113 1.3839
vt 0.2498 1.0048 1.3637
vt 0.7502 1.3645 2.1094
vt 0.7443 1.3669 2.1206
vt 0.7444 1.2936 2.1206
vt 0.7501 1.2585 2.1095
vt 1.3645 2.1094 0.7502
vt 1.2585 2.1095 0.7501
vt 0.7376 1.8544 0.7495
vt 1.1934 1.0187 0.7500
vt 0.7375 1.1089 0.7495
vt 1.3637 1.0048 0.7502
vt 0.5056 1.7326 1.0671
vt 0.5077 1.7349 1.0506
vt 0.3937 2.0136 1.3824
vt -0.3415 1.9599 0.5788
vt 0.4161 1.9741 1.3822
vt 0.4200 1.9651 1.3654
vt 0.3618 1.7433 1.1591
vt 0.4098 1.2471 1.3830
vt 0.4159 1.2696 1.3829
vt 0.6394 1.7763 0.7218
vt 0.5036 1.1971 0.7218
vt 0.7213 1.1537 0.7223
vt 0.7211 1.8163 0.7220
vt 0.3153 1.3620 0.9520
vt 0.3403 1.5198 0.4887
vt 0.1780 1.3212 0.5969
vt 0.4035 1.2592 1.2055
vt 0.7223 1.1537 0.7213
vt 0.3825 1.0187 1.1966
vt 0.7448 1.1191 0.7219
vt 0.3379 1.2287 0.7224
vt 0.2558 1.1967 0.3306
vt 0.2512 1.1933 0.3125
vt -0.0051 1.2558 0.7486
vt 0.3364 1.6292 0.7228
vt 0.7415 1.3042 2.1225
vt 0.7374 1.3166 2.1241
vt 0.7365 1.3194 2.1246
vt 0.7325 1.3323 2.1265
vt 0.7244 1.3583 2.1304
vt 0.7234 1.3615 2.1309
vt 0.7218 1.3663 2.1315
vt -0.1118 1.4382 0.7486
vt 0.3125 1.1933 0.7488
vt 0.3131 1.6461 0.7488
vt -0.0187 1.2558 0.6515
vt -0.1213 1.4382 0.6807
vt 0.2512 1.6461 0.3131
vt 0.2559 1.6495 0.3305
vt 0.2776 1.2287 0.3379
vt 0.2772 1.6292 0.3364
vt 0.7454 1.8424 0.7223
vt 0.7220 1.8163 0.7211
vt 0.7495 1.1089 0.7375
vt 0.7495 1.8544 0.7376
vt -0.3654 1.2871 0.5798
vt -0.3415 1.2924 0.5790
vt -0.3654 1.9651 0.5800
vt 0.4202 1.2871 1.3654
vt 0.5441 1.7433 1.3415
vt 0.4212 1.9599 1.3415
vt 0.4210 1.2924 1.3415
vt 0.4055 1.2592 1.2196
# 70 texture coords

g default_Part_18
usemtl 07___Default
s off
f 1127/1795/1000 1128/1796/1000 1129/1797/1000 
f 1127/1795/1001 1130/1798/1001 1131/1799/1001 1128/1796/1001 
f 1132/1800/1002 1127/1795/1002 1129/1797/1002 1133/1801/1002 
f 1129/1802/1003 1128/1803/1003 1134/1804/1003 1135/1805/1003 
f 1129/1806/1004 1135/1807/1004 1136/1808/1004 1137/1809/1004 
f 1136/1808/1005 1138/1810/1005 1137/1809/1005 
f 1129/1806/1006 1137/1809/1006 1133/1811/1006 
s 2
f 1139/1812/1007 1140/1813/1007 1141/1814/1007 1142/1815/1007 
f 1143/1816/1007 1144/1817/1008 1142/1815/1007 1141/1814/1007 
f 1139/1812/1007 1142/1815/1007 1145/1818/1007 
s off
f 1143/1816/1009 1141/1814/1009 1130/1798/1009 1127/1795/1009 
f 1143/1816/1010 1127/1795/1010 1132/1800/1010 1146/1819/1010 
f 1143/1816/1011 1146/1819/1011 1147/1820/1011 
f 1148/1821/1012 1149/1822/1012 1150/1823/1012 1151/1824/1012 
s 1
f 1140/1813/1013 1139/1812/1013 1152/1825/1013 1153/1826/1013 
f 1152/1825/1013 1154/1827/1013 1153/1826/1013 
s 64
f 1154/1827/1014 1152/1825/1014 1155/1828/1014 1150/1829/1014 
f 1155/1828/1014 1137/1830/1014 1138/1810/1014 1150/1829/1014 
f 1138/1810/1014 1156/1831/1014 1150/1829/1014 
f 1154/1827/1014 1150/1829/1014 1149/1822/1014 1157/1832/1014 
f 1157/1832/1014 1158/1833/1014 1159/1834/1014 1154/1827/1014 
f 1154/1827/1014 1159/1834/1014 1160/1835/1014 
s off
f 1161/1836/1015 1157/1832/1015 1149/1822/1015 1148/1821/1015 
f 1162/1837/1016 1128/1803/1016 1163/1838/1016 
f 1164/1839/1017 1128/1803/1017 1165/1840/1017 
f 1163/1838/1018 1128/1803/1018 1164/1839/1018 
f 1165/1840/1019 1128/1803/1019 1166/1841/1019 
f 1166/1841/1020 1128/1803/1020 1167/1842/1020 
f 1167/1842/1021 1128/1803/1021 1131/1843/1021 
f 1134/1804/1022 1128/1803/1022 1162/1837/1022 
f 1168/1844/1023 1160/1835/1023 1159/1845/1023 1169/1846/1023 
s 16
f 1154/1827/1024 1160/1847/1024 1168/1848/1024 1153/1826/1024 
s off
f 1169/1849/1025 1159/1834/1025 1158/1833/1025 1170/1850/1025 
f 1170/1850/1026 1158/1833/1026 1157/1851/1026 1161/1852/1026 
f 1150/1829/1027 1156/1831/1027 1171/1853/1027 1151/1854/1027 
f 1156/1831/1028 1138/1855/1028 1136/1856/1028 1171/1853/1028 
s 8
f 1130/1798/1029 1141/1814/1029 1140/1813/1029 1165/1840/1029 
f 1140/1813/1029 1153/1826/1029 1168/1848/1029 1161/1852/1029 
f 1168/1848/1029 1169/1846/1029 1170/1850/1029 1161/1852/1029 
f 1140/1813/1029 1161/1852/1029 1148/1821/1029 1151/1824/1029 
f 1151/1824/1029 1171/1853/1029 1136/1856/1029 1134/1804/1029 
f 1136/1856/1029 1135/1807/1029 1134/1804/1029 
f 1134/1804/1029 1162/1837/1030 1163/1838/1031 1165/1840/1029 
f 1163/1838/1031 1164/1839/1032 1165/1840/1029 
f 1151/1824/1029 1134/1804/1029 1165/1840/1029 1140/1813/1029 
f 1130/1798/1029 1165/1840/1029 1166/1841/1029 1167/1842/1030 
f 1130/1798/1029 1167/1842/1030 1131/1843/1029 
s off
f 1172/1857/1033 1173/1858/1033 1142/1815/1033 1144/1859/1033 
f 1143/1816/1034 1147/1820/1034 1172/1860/1034 1144/1817/1034 
f 1145/1861/1035 1142/1862/1035 1173/1863/1035 
s 4
f 1132/1800/1036 1133/1801/1036 1137/1830/1036 1155/1864/1036 
f 1132/1800/1036 1155/1864/1036 1146/1819/1036 
s 32
f 1147/1820/1037 1146/1819/1037 1155/1864/1037 1173/1863/1037 
f 1152/1825/1037 1139/1812/1037 1145/1818/1037 1155/1864/1037 
f 1155/1864/1037 1145/1818/1037 1173/1863/1037 
f 1147/1820/1037 1173/1863/1037 1172/1857/1037 
# 34 polygons - 22 triangles

#
# object default_Part_19
#

v  -0.7992 0.0027 0.9174
v  -0.8207 0.0007 0.9002
v  -0.2058 0.0020 0.9174
v  0.9162 0.6600 0.1636
v  0.9166 0.0078 0.1635
v  0.8318 0.0038 0.1540
v  0.8327 0.6800 0.1551
v  -0.7801 1.1774 0.2772
v  -0.7796 0.0009 0.2759
v  -0.8067 0.0034 0.2804
v  -0.8059 1.1862 0.2812
v  0.9133 0.0032 0.8495
v  0.2618 0.0027 0.8486
v  0.2456 0.0075 0.8324
v  0.2353 0.0071 0.7938
v  0.0222 0.0020 0.7938
v  0.0005 0.0018 0.8103
v  -0.1668 0.0037 0.8112
v  -0.8217 0.0053 0.3007
v  -0.1819 0.0023 0.8961
v  0.8347 0.0009 -0.2140
v  0.9367 0.0023 -0.5437
v  -0.7847 0.0077 -0.0403
v  -0.8903 0.0060 -0.0403
v  -0.9118 0.0104 -0.0704
v  -0.9118 0.0071 -0.4126
v  0.9352 0.0027 -0.2294
v  0.9158 0.0024 -0.2140
v  0.9327 0.0010 0.1820
v  0.9327 0.0031 0.8286
v  -0.8207 1.1969 0.2981
v  -0.8893 1.0759 -0.0403
v  -0.7836 1.0551 -0.0403
v  -0.8713 1.0796 -0.0403
v  -0.9118 0.9884 -0.0693
v  0.2376 1.0943 0.7942
v  0.0217 1.1544 0.7938
v  0.9130 0.9272 0.8490
v  0.2616 1.1087 0.8483
v  -0.8205 1.4304 0.8994
v  -0.8001 1.4316 0.9169
v  -0.2031 1.2648 0.9164
v  -0.1825 1.2513 0.8966
v  -0.0001 1.1669 0.8103
v  -0.1701 1.2147 0.8112
v  0.2451 1.1068 0.8316
v  0.9323 0.9141 0.8292
v  0.9166 0.5132 -0.2141
v  0.8343 0.5362 -0.2139
v  0.9353 0.5020 -0.2294
v  0.9327 0.6624 0.1816
v  0.9360 0.4391 -0.3908
v  0.8318 0.6540 0.0875
v  -0.1803 1.2397 0.8681
# 54 vertices

vn -0.0013 -0.9932 0.1165
vn 0.1063 0.0008 -0.9943
vn -0.1576 0.0009 -0.9875
vn -0.0063 -1.0000 -0.0017
vn 0.0012 -0.9583 -0.2857
vn -0.0044 -0.9971 -0.0766
vn -0.0008 -1.0000 0.0012
vn 0.0134 -0.9993 -0.0355
vn -0.0116 -0.9996 -0.0266
vn -0.0014 -1.0000 -0.0025
vn 0.0020 -0.9994 0.0332
vn 0.0007 -0.9999 -0.0158
vn 0.0046 -0.9999 -0.0120
vn 0.0022 -1.0000 -0.0076
vn 0.0032 -1.0000 -0.0004
vn -0.0888 -0.9957 0.0266
vn 0.2149 -0.8576 0.4673
vn 0.0003 -1.0000 -0.0033
vn -0.0101 -0.9993 -0.0348
vn 0.0161 -0.9878 -0.1547
vn 0.0011 -0.9989 -0.0459
vn -0.0020 -1.0000 0.0094
vn 0.0163 -0.9999 0.0014
vn 0.0178 -0.9998 0.0015
vn -0.0035 -0.9999 -0.0110
vn 0.0895 -0.9060 -0.4137
vn 0.0016 -0.9945 -0.1050
vn -0.0031 -1.0000 0.0033
vn -0.7818 0.0001 -0.6236
vn 0.0000 0.0000 1.0000
vn -1.0000 0.0000 -0.0000
vn -0.8026 0.0001 0.5965
vn -0.0009 -0.0002 1.0000
vn -0.0012 0.0004 1.0000
vn -0.6380 0.0002 0.7700
vn 0.0005 0.0005 1.0000
vn 0.6783 -0.0004 0.7348
vn 0.0054 -0.0000 1.0000
vn -0.9739 0.0008 0.2268
vn -0.7092 0.0001 0.7050
vn 0.7254 0.0002 0.6883
vn 0.6041 0.0003 0.7969
vn -1.0000 0.0005 0.0009
vn 0.0013 0.0001 1.0000
vn 0.6274 -0.0003 0.7787
vn 1.0000 0.0002 0.0002
vn -0.9999 0.0002 0.0134
vn 1.0000 -0.0001 0.0046
vn 1.0000 0.0008 0.0079
vn -0.0659 0.3295 -0.9419
vn 0.9845 0.0027 0.1752
vn 0.9972 0.0004 0.0743
vn 0.7468 0.0001 -0.6650
vn 0.9999 -0.0014 -0.0134
vn 0.2517 0.9021 -0.3505
# 55 vertex normals

vt 0.7131 -0.4494 0.5012
vt 0.7189 -0.4316 0.5003
vt 0.5549 -0.4494 0.5009
vt 0.2556 0.7977 0.3307
vt 0.2555 0.5035 0.3308
vt 0.2782 0.5017 0.3407
vt 0.2779 0.8067 0.3395
vt 0.7081 1.0312 0.2132
vt 0.7079 0.5004 0.2145
vt 0.7151 0.5015 0.2099
vt 0.7149 1.0351 0.2090
vt 0.7436 0.5015 -0.3791
vt 0.5698 0.5012 -0.3782
vt 0.5655 0.5034 -0.3614
vt 1.3215 0.5032 0.5628
vt 0.5059 0.5009 -0.3215
vt 0.5001 0.5008 -0.3385
vt 0.4555 0.5017 -0.3395
vt 0.8112 0.5024 0.2808
vt -0.4274 0.5011 0.4515
vt 0.4451 0.5009 -0.4494
vt 0.7226 0.5004 0.7215
vt 0.4841 0.5010 1.0684
vt 0.4583 0.5035 0.2907
vt 0.2625 0.5027 0.5417
vt 0.2568 0.5047 0.5729
vt -0.0053 0.5032 0.4022
vt 0.7374 0.5012 0.7494
vt 0.7443 0.5011 0.7215
vt 0.3407 0.5017 0.7218
vt 0.2512 0.5004 0.3116
vt -0.3575 0.5014 0.7488
vt 0.7192 0.5024 0.1888
vt 0.7189 1.0399 0.1915
vt 0.2628 0.9854 0.5417
vt 0.2907 0.5035 0.5417
vt 0.2910 0.9760 0.5417
vt 0.2676 0.9870 0.5417
vt 0.0730 0.5032 0.2568
vt 0.4271 0.5047 0.2568
vt 0.4282 0.9459 0.2568
vt 0.2568 0.9459 0.5718
vt 0.5634 0.9937 -0.3219
vt 0.5058 1.0208 -0.3215
vt 0.5628 0.5032 -0.3215
vt 0.7435 0.9183 -0.3786
vt 0.5698 1.0001 -0.3779
vt 0.2812 1.1453 -0.4307
vt 0.2811 0.5003 -0.4316
vt 0.2869 0.5012 -0.4494
vt 0.2866 1.1458 -0.4489
vt 0.4458 1.0706 -0.4484
vt 0.4513 1.0645 -0.4279
vt 0.4515 0.5011 -0.4274
vt 0.5000 1.0264 -0.3386
vt 0.4546 1.0480 -0.3395
vt 1.3219 0.9937 0.5634
vt 1.3614 0.5034 0.5655
vt 1.3606 0.9993 0.5654
vt 0.5654 0.9993 -0.3606
vt 0.7487 0.9123 -0.3581
vt 0.7488 0.5014 -0.3575
vt 1.4316 0.5003 0.2811
vt 1.4307 1.1453 0.2812
vt 0.8085 1.0399 0.2811
vt 0.7445 0.7315 0.7216
vt 0.7225 0.7419 0.7214
vt 0.7494 0.7265 0.7374
vt 0.7494 0.5012 0.7374
vt 0.3120 0.7988 0.7488
vt -0.3581 0.9123 0.7487
vt 0.3116 0.5004 0.7488
vt 0.7855 0.5004 0.2921
vt 0.7868 1.0312 0.2919
vt 0.4583 0.9760 0.2910
vt 1.0626 0.5010 0.7498
vt 0.9044 0.6981 0.7496
vt 0.7374 0.7265 0.7494
vt 0.7214 0.7419 0.7225
vt 0.4094 0.7950 0.7218
vt 0.7215 0.5004 0.7226
vt 0.9103 0.6981 0.7438
vt -0.3395 1.0480 0.4546
vt -0.3984 1.0592 0.4519
vt -0.3395 0.5017 0.4555
vt -0.4279 1.0645 0.4513
vt 0.2512 0.7988 0.3120
vt 0.3395 0.8067 0.7221
# 88 texture coords

g default_Part_19
usemtl 07___Default
s 1
f 1174/1865/1038 1175/1866/1038 1176/1867/1038 
s off
f 1177/1868/1039 1178/1869/1039 1179/1870/1039 1180/1871/1039 
f 1181/1872/1040 1182/1873/1040 1183/1874/1040 1184/1875/1040 
s 2
f 1185/1876/1041 1186/1877/1042 1187/1878/1043 1188/1879/1044 
f 1189/1880/1045 1190/1881/1046 1191/1882/1047 1192/1883/1048 
f 1191/1882/1047 1193/1884/1049 1176/1885/1050 1192/1883/1048 
f 1176/1885/1050 1175/1866/1051 1192/1883/1048 
f 1188/1879/1044 1189/1880/1045 1192/1883/1048 1194/1886/1052 
f 1192/1883/1048 1183/1874/1053 1182/1873/1054 1195/1887/1055 
f 1196/1888/1056 1197/1889/1057 1198/1890/1058 1195/1887/1055 
f 1198/1890/1058 1199/1891/1059 1195/1887/1055 
f 1182/1873/1054 1196/1888/1056 1195/1887/1055 
f 1195/1887/1055 1200/1892/1060 1201/1893/1061 1194/1886/1052 
f 1192/1883/1048 1195/1887/1055 1194/1886/1052 
f 1188/1879/1044 1194/1886/1052 1179/1894/1062 1185/1876/1041 
f 1179/1894/1062 1178/1869/1063 1202/1895/1064 1185/1876/1041 
f 1185/1876/1041 1202/1895/1064 1203/1896/1065 
s off
f 1184/1875/1066 1183/1874/1066 1192/1897/1066 1204/1898/1066 
f 1205/1899/1067 1197/1889/1067 1196/1900/1067 1206/1901/1067 
f 1205/1899/1067 1206/1901/1067 1207/1902/1067 
f 1199/1903/1068 1198/1904/1068 1208/1905/1068 
f 1197/1889/1069 1205/1899/1069 1208/1906/1069 1198/1890/1069 
f 1209/1907/1070 1210/1908/1070 1189/1880/1070 1188/1909/1070 
f 1211/1910/1071 1212/1911/1071 1186/1877/1071 1185/1876/1071 
f 1213/1912/1072 1175/1913/1072 1174/1914/1072 1214/1915/1072 
f 1215/1916/1073 1214/1915/1073 1174/1914/1073 1176/1885/1073 
f 1216/1917/1074 1215/1916/1074 1176/1885/1074 1193/1918/1074 
f 1217/1919/1075 1218/1920/1075 1191/1882/1075 1190/1881/1075 
f 1209/1921/1076 1188/1879/1076 1187/1922/1076 1219/1923/1076 
f 1219/1924/1077 1187/1878/1077 1186/1877/1077 1212/1911/1077 
f 1220/1925/1078 1211/1910/1078 1185/1876/1078 1203/1926/1078 
f 1210/1908/1079 1217/1919/1079 1190/1881/1079 1189/1880/1079 
f 1175/1927/1080 1213/1928/1080 1204/1929/1080 1192/1883/1080 
f 1221/1930/1081 1222/1931/1081 1194/1886/1081 1201/1893/1081 
f 1223/1932/1082 1221/1930/1082 1201/1893/1082 1200/1933/1082 
f 1224/1934/1083 1220/1935/1083 1203/1896/1083 1202/1936/1083 
f 1182/1937/1084 1181/1938/1084 1206/1939/1084 1196/1888/1084 
f 1195/1940/1085 1225/1941/1085 1223/1942/1085 1200/1892/1085 
f 1222/1943/1086 1226/1944/1086 1179/1894/1086 1194/1945/1086 
s 8
f 1207/1902/1087 1225/1946/1087 1195/1940/1087 1208/1905/1087 
f 1195/1940/1087 1199/1891/1087 1208/1905/1087 
f 1207/1902/1087 1208/1905/1087 1205/1899/1087 
s off
f 1218/1947/1088 1227/1948/1088 1193/1884/1088 1191/1949/1088 
f 1216/1950/1089 1193/1884/1089 1227/1948/1089 
f 1178/1869/1090 1177/1868/1090 1224/1951/1090 1202/1895/1090 
f 1180/1952/1091 1179/1894/1091 1226/1944/1091 
s 4
f 1215/1916/1092 1216/1917/1092 1227/1948/1092 1213/1928/1092 
f 1218/1947/1092 1217/1919/1092 1210/1908/1092 1180/1871/1092 
f 1209/1907/1092 1219/1923/1092 1212/1911/1092 1220/1925/1092 
f 1212/1911/1092 1211/1910/1092 1220/1925/1092 
f 1220/1925/1092 1224/1934/1092 1177/1868/1092 1180/1871/1092 
f 1209/1907/1092 1220/1925/1092 1180/1871/1092 1210/1908/1092 
f 1222/1943/1092 1221/1930/1092 1223/1932/1092 1207/1902/1092 
f 1223/1932/1092 1225/1941/1092 1207/1902/1092 
f 1222/1943/1092 1207/1902/1092 1206/1901/1092 1226/1944/1092 
f 1180/1871/1092 1226/1944/1092 1206/1901/1092 1218/1947/1092 
f 1227/1948/1092 1218/1947/1092 1206/1901/1092 1181/1938/1092 
f 1184/1875/1092 1204/1898/1092 1213/1928/1092 1181/1938/1092 
f 1227/1948/1092 1181/1938/1092 1213/1928/1092 
f 1215/1916/1092 1213/1928/1092 1214/1915/1092 
# 44 polygons - 16 triangles

#
# object default_Part_20
#

v  -0.8887 1.6938 -0.0403
v  -0.9118 1.6668 -0.0686
v  -0.9118 1.1874 -0.0691
v  -0.8893 1.0949 -0.0403
v  -0.8203 1.7715 0.5971
v  -0.8201 1.8215 0.2968
v  -0.8207 1.1969 0.2981
v  -0.8205 1.4304 0.8994
v  -0.8205 1.6405 0.8992
v  0.9323 0.9141 0.8292
v  0.9327 0.6624 0.1816
v  0.9327 1.5368 0.1811
v  0.9324 1.6754 0.4885
v  0.9321 1.5275 0.8295
v  -0.8059 1.1862 0.2812
v  -0.8055 1.8238 0.2816
v  -0.7804 1.8242 0.2778
v  -0.7801 1.1774 0.2772
v  0.9166 0.5132 -0.2141
v  0.9353 0.5020 -0.2294
v  0.9353 1.3498 -0.2295
v  0.9178 1.3725 -0.2144
v  -0.1713 1.6256 0.8112
v  -0.1799 1.6053 0.8598
v  -0.1803 1.2397 0.8681
v  -0.1701 1.2147 0.8112
v  -0.1826 1.5895 0.8967
v  -0.1825 1.2513 0.8966
v  -0.0003 1.6120 0.8103
v  0.0215 1.6174 0.7938
v  0.6346 1.8203 0.2104
v  0.2386 1.5994 0.7944
v  0.2448 1.5829 0.8312
v  0.2615 1.5742 0.8482
v  0.9129 1.5208 0.8487
v  -0.8003 1.6312 0.9168
v  -0.2024 1.5826 0.9162
v  0.9162 0.6600 0.1636
v  0.9157 1.5444 0.1637
v  0.8327 0.6800 0.1551
v  0.8340 1.6153 0.1566
v  0.8318 0.6540 0.0875
v  0.8318 1.5453 -0.0035
v  0.9372 1.1498 -0.6702
v  0.9360 0.4391 -0.3908
v  0.8335 1.4491 -0.2138
v  0.3435 1.6831 -0.6818
v  0.2767 1.9108 -0.3103
v  0.8343 0.5362 -0.2139
v  -0.9118 1.5662 -0.2178
v  -0.8712 1.0795 -0.0403
v  0.0217 1.1544 0.7938
v  0.2376 1.0943 0.7942
v  0.2616 1.1087 0.8483
v  0.9130 0.9272 0.8490
v  -0.8001 1.4316 0.9169
v  -0.2031 1.2648 0.9164
v  -0.0001 1.1669 0.8103
v  0.2451 1.1068 0.8316
v  -0.7836 1.0551 -0.0403
v  -0.7829 1.7300 -0.0403
v  -0.7815 1.8481 0.1341
# 62 vertices

vn -0.7816 0.0001 0.6238
vn -1.0000 0.0007 -0.0002
vn -1.0000 0.0002 -0.0005
vn 1.0000 0.0001 0.0007
vn 1.0000 0.0004 0.0012
vn -0.1503 0.0009 -0.9886
vn 0.6426 -0.0003 0.7662
vn 0.9845 0.0027 0.1752
vn 0.9972 0.0004 0.0743
vn 0.0748 0.9149 0.3967
vn 0.7277 0.0001 -0.6859
vn 0.0941 0.0009 -0.9956
vn 0.9999 -0.0014 -0.0134
vn 1.0000 -0.0001 0.0044
vn 0.6373 0.7028 -0.3161
vn 1.0000 0.0008 0.0079
vn -0.7386 0.0001 -0.6741
vn -0.2961 -0.3490 -0.8891
vn -0.0022 -0.0002 1.0000
vn -0.0009 0.0004 1.0000
vn -0.6543 0.0002 0.7563
vn 0.0010 0.0006 1.0000
vn 0.6974 -0.0004 0.7167
vn 0.0053 -0.0000 1.0000
vn -0.9835 0.0009 0.1811
vn -0.7122 0.0001 0.7020
vn 0.7123 0.0002 0.7019
vn 0.6035 0.0003 0.7974
vn 0.0048 0.0001 1.0000
vn -0.2517 -0.9021 0.3505
vn -1.0000 0.0000 0.0000
vn 0.0000 0.0000 1.0000
vn 0.0106 0.9864 0.1642
vn -1.0000 0.0001 0.0097
vn -1.0000 0.0010 0.0073
vn -0.2731 0.7976 -0.5379
# 36 vertex normals

vt 0.2630 1.2641 0.5417
vt 0.2568 1.2519 0.5710
vt 0.2568 1.0356 0.5715
vt 0.2628 0.9939 0.5417
vt 1.1179 1.2991 0.2812
vt 0.8071 1.3217 0.2813
vt 0.8085 1.0399 0.2811
vt 1.4307 1.1453 0.2812
vt 1.4306 1.2400 0.2812
vt -0.3581 0.9123 0.7487
vt 0.3120 0.7988 0.7488
vt 0.3125 1.1933 0.7488
vt -0.0055 1.2558 0.7487
vt -0.3585 1.1891 0.7486
vt 0.7149 1.0351 0.2090
vt 0.7148 1.3228 0.2086
vt 0.7081 1.3229 0.2125
vt 0.7081 1.0312 0.2132
vt 0.7445 0.7315 0.7216
vt 0.7494 0.7265 0.7374
vt 0.7495 1.1089 0.7375
vt 0.7448 1.1191 0.7219
vt -0.3395 1.2333 0.4543
vt -0.3898 1.2241 0.4520
vt -0.3984 1.0592 0.4519
vt -0.3395 1.0480 0.4546
vt -0.4280 1.2170 0.4513
vt -0.4279 1.0645 0.4513
vt 0.4999 1.2272 -0.3386
vt 0.5057 1.2296 -0.3215
vt 0.3737 1.3211 0.3253
vt 0.5636 1.2215 -0.3221
vt 1.3602 1.2141 0.5653
vt 0.5697 1.2102 -0.3777
vt 0.7435 1.1860 -0.3783
vt 0.7486 1.1891 -0.3585
vt 0.5194 1.2558 0.2238
vt 1.0736 1.2991 0.2369
vt 0.2866 1.2359 -0.4488
vt 0.4460 1.2139 -0.4482
vt 0.4513 1.2170 -0.4280
vt 0.2556 0.7977 0.3307
vt 0.2558 1.1967 0.3306
vt 0.2512 1.1933 0.3125
vt 0.2512 0.7988 0.3120
vt 0.2779 0.8067 0.3395
vt 0.2776 1.2287 0.3379
vt 0.3379 1.2287 0.7224
vt 0.3395 0.8067 0.7221
vt 0.4094 0.7950 0.7218
vt 0.5036 1.1971 0.7218
vt 1.1936 1.0187 0.7500
vt 0.7375 1.1089 0.7495
vt 0.7374 0.7265 0.7494
vt 0.9045 0.6981 0.7496
vt 0.7213 1.1537 0.7223
vt 0.6095 1.2593 0.9144
vt 0.3242 1.3620 0.7191
vt 0.7214 0.7419 0.7225
vt 0.7189 1.0399 0.1915
vt 0.7187 1.3217 0.1929
vt 0.1903 1.2065 0.4114
vt 0.3216 1.2593 1.0730
vt 0.2963 0.9870 0.4988
vt 0.3823 1.0187 1.1969
vt 0.6074 0.6981 0.9133
vt 0.5058 1.0208 -0.3215
vt 0.5634 0.9937 -0.3219
vt 0.5698 1.0001 -0.3779
vt 0.7435 0.9183 -0.3786
vt 0.2812 1.1453 -0.4307
vt 0.2866 1.1458 -0.4489
vt 0.2812 1.2400 -0.4306
vt 0.4458 1.0706 -0.4484
vt 0.4513 1.0645 -0.4279
vt 0.4546 1.0480 -0.3395
vt 0.5000 1.0264 -0.3386
vt 0.4543 1.2333 -0.3395
vt 1.3219 0.9937 0.5634
vt 1.3606 0.9993 0.5654
vt 1.3221 1.2215 0.5636
vt 0.5654 0.9993 -0.3606
vt 0.5653 1.2141 -0.3602
vt 0.7487 0.9123 -0.3581
vt 0.7225 0.7419 0.7214
vt 0.7223 1.1537 0.7213
vt 0.4583 0.9760 0.2910
vt 0.2676 0.9870 0.5417
vt 0.2746 1.2065 0.2568
vt 0.4285 1.0356 0.2568
vt 0.4290 1.2519 0.2568
vt 0.2910 0.9760 0.5417
vt 0.2912 1.2804 0.5417
vt 0.7875 1.3229 0.2919
vt 0.4113 1.3620 0.8062
vt 0.5634 1.3337 0.4047
vt 0.7868 1.0312 0.2919
vt 0.6388 1.3337 0.2916
vt 0.4583 1.2804 0.2912
# 99 texture coords

g default_Part_20
usemtl 07___Default
s off
f 1228/1953/1093 1229/1954/1093 1230/1955/1093 1231/1956/1093 
f 1232/1957/1094 1233/1958/1094 1234/1959/1094 1235/1960/1094 
f 1232/1957/1095 1235/1960/1095 1236/1961/1095 
f 1237/1962/1096 1238/1963/1096 1239/1964/1096 1240/1965/1096 
f 1237/1962/1097 1240/1965/1097 1241/1966/1097 
f 1242/1967/1098 1243/1968/1098 1244/1969/1098 1245/1970/1098 
f 1246/1971/1099 1247/1972/1099 1248/1973/1099 1249/1974/1099 
f 1250/1975/1100 1251/1976/1100 1252/1977/1100 1253/1978/1100 
f 1254/1979/1101 1255/1980/1101 1252/1977/1101 1251/1976/1101 
s 16
f 1250/1975/1102 1256/1981/1102 1257/1982/1102 1258/1983/1102 
f 1259/1984/1102 1260/1985/1102 1261/1986/1102 1258/1983/1102 
f 1261/1986/1102 1262/1987/1102 1241/1988/1102 1258/1983/1102 
f 1241/1988/1102 1240/1989/1102 1258/1983/1102 
f 1257/1982/1102 1259/1984/1102 1258/1983/1102 
f 1258/1983/1102 1232/1990/1102 1236/1961/1102 1250/1975/1102 
f 1236/1961/1102 1263/1991/1102 1264/1992/1102 1251/1976/1102 
f 1264/1992/1102 1254/1993/1102 1251/1976/1102 
f 1250/1975/1102 1236/1961/1102 1251/1976/1102 
s off
f 1265/1994/1103 1266/1995/1103 1239/1996/1103 1238/1997/1103 
f 1267/1998/1104 1268/1999/1104 1266/1995/1104 1265/1994/1104 
f 1268/2000/1105 1267/2001/1105 1269/2002/1105 1270/2003/1105 
f 1271/2004/1106 1248/2005/1106 1247/2006/1106 1272/2007/1106 
s 32
f 1239/1964/1107 1266/1995/1107 1268/1999/1107 1258/1983/1107 
f 1273/2008/1107 1249/1974/1107 1248/1973/1107 1274/2009/1107 
f 1248/1973/1107 1271/2004/1107 1274/2009/1107 
f 1270/2003/1107 1273/2008/1107 1274/2009/1107 1268/1999/1107 
f 1274/2009/1107 1275/2010/1107 1258/1983/1107 1268/1999/1107 
f 1239/1964/1107 1258/1983/1107 1240/1989/1107 
s off
f 1269/2002/1108 1276/2011/1108 1273/2008/1108 1270/2003/1108 
f 1243/1968/1109 1242/1967/1109 1234/2012/1109 1233/2013/1109 
s 8
f 1230/1955/1110 1277/2014/1110 1274/2015/1110 1278/2016/1110 
f 1271/2017/1110 1272/2018/1110 1278/2016/1110 1274/2015/1110 
f 1230/1955/1110 1278/2016/1110 1231/1956/1110 
s off
f 1279/2019/1111 1280/2020/1111 1259/1984/1111 1257/1982/1111 
f 1281/2021/1112 1282/2022/1112 1262/1987/1112 1261/1986/1112 
f 1235/2023/1113 1283/2024/1113 1263/1991/1113 1236/2025/1113 
f 1283/2024/1114 1284/2026/1114 1264/1992/1114 1263/1991/1114 
f 1284/2026/1115 1255/2027/1115 1254/1993/1115 1264/1992/1115 
f 1253/2028/1116 1285/2029/1116 1256/1981/1116 1250/2030/1116 
f 1280/2031/1117 1286/2032/1117 1260/1985/1117 1259/2033/1117 
f 1286/2034/1118 1281/2021/1118 1261/1986/1118 1260/2035/1118 
f 1282/2022/1119 1237/2036/1119 1241/1988/1119 1262/1987/1119 
f 1285/2029/1120 1279/2019/1120 1257/1982/1120 1256/1981/1120 
f 1276/2037/1121 1246/1971/1121 1249/1974/1121 1273/2038/1121 
s 1
f 1272/2018/1122 1247/2006/1122 1246/1971/1122 1276/2037/1122 
f 1267/2001/1122 1265/1994/1122 1238/1997/1122 1282/2022/1122 
f 1238/1997/1122 1237/1962/1122 1282/2022/1122 
f 1282/2022/1122 1281/2021/1122 1286/2034/1122 1280/2031/1122 
f 1267/2001/1122 1282/2022/1122 1280/2031/1122 1269/2002/1122 
f 1279/2019/1122 1285/2029/1122 1253/2028/1122 1245/1970/1122 
f 1252/1977/1122 1255/1980/1122 1284/2026/1122 1253/2028/1122 
f 1283/2024/1122 1235/2023/1122 1234/1959/1122 1284/2026/1122 
f 1234/1959/1122 1242/1967/1122 1245/1970/1122 1284/2026/1122 
f 1253/2028/1122 1284/2026/1122 1245/1970/1122 
f 1280/2031/1122 1279/2019/1122 1245/1970/1122 1269/2002/1122 
f 1276/2037/1122 1269/2002/1122 1245/1970/1122 1272/2018/1122 
f 1272/2018/1122 1245/1970/1122 1287/2039/1122 1278/2040/1122 
s off
f 1277/2041/1123 1230/2042/1123 1229/2043/1123 
f 1231/1956/1124 1278/2040/1124 1287/2044/1124 1288/2045/1124 
f 1231/1956/1124 1288/2045/1124 1228/1953/1124 
s 4
f 1233/2013/1125 1232/1990/1125 1258/1983/1125 1244/2046/1125 
f 1258/1983/1125 1275/2047/1125 1289/2048/1125 1244/2046/1125 
f 1233/2013/1125 1244/2046/1125 1243/1968/1125 
s off
f 1245/2049/1126 1244/2046/1126 1289/2050/1126 1287/2039/1126 
f 1289/2050/1127 1288/2051/1127 1287/2039/1127 
s 2
f 1288/2045/1128 1289/2050/1128 1275/2047/1128 1229/2043/1128 
f 1274/2009/1128 1277/2014/1128 1229/2043/1128 1275/2047/1128 
f 1288/2045/1128 1229/2043/1128 1228/1953/1128 
# 52 polygons - 16 triangles

#
# object default_Part_21
#

v  0.7641 4.2691 -0.2683
v  0.8144 4.3455 -0.2653
v  0.8151 3.6335 -0.2650
v  0.7642 3.6390 -0.2684
v  0.7641 3.6383 -0.5547
v  0.7641 4.0873 -0.5542
v  0.7470 3.6442 -0.5718
v  0.7465 4.0499 -0.5719
v  0.5667 3.7825 -0.5728
v  0.5664 3.6965 -0.5728
v  0.9054 3.5968 -0.7771
v  0.8900 3.6003 -0.7891
v  0.8869 3.6014 -0.7918
v  0.8719 3.6056 -0.8042
v  0.5662 3.6949 -0.7096
v  0.9355 3.5695 -0.2296
v  0.9191 3.5921 -0.2310
v  0.9209 3.5706 -0.2150
v  0.9129 4.3354 0.8306
v  0.9109 4.3309 0.8369
v  0.9120 4.3192 0.8473
v  0.9309 4.3170 0.8312
v  0.9126 2.3433 0.8483
v  0.9317 2.3014 0.8300
v  0.9108 4.3383 0.1847
v  0.9103 4.3380 0.8082
v  0.9327 4.3141 0.1796
v  0.9321 2.0798 0.5913
v  0.9327 2.5407 0.1806
v  0.9140 4.3197 0.1640
v  0.8318 4.3647 0.3228
v  0.8318 4.3611 0.1755
v  0.9164 3.5924 -0.7669
v  0.8318 3.6278 -0.2460
v  0.8318 3.6178 -0.2305
v  0.8378 4.3389 0.1611
v  0.8318 3.6011 -0.2135
v  0.8353 2.5032 0.1581
v  0.8318 2.8291 -0.1347
v  0.5989 3.6844 -0.8023
v  0.8413 3.6141 -0.8294
v  0.8377 3.6153 -0.8325
v  0.6044 3.6833 -0.8170
v  0.8318 3.6167 -0.8371
v  0.6104 3.6804 -0.8356
v  0.8318 4.3843 -0.2450
v  0.9354 3.0023 -0.2296
v  0.9376 3.5679 -0.7329
v  0.8324 2.9180 -0.2136
v  0.9201 2.9758 -0.2148
v  -0.1007 3.0899 0.2292
v  -0.1621 3.0675 0.0034
v  -0.1251 2.7375 -0.6022
v  0.5042 2.2604 0.1845
v  0.6044 3.6604 -0.8531
v  0.3986 3.3553 -0.8526
v  0.8318 4.4812 -0.0926
v  0.8318 4.4078 0.1690
v  0.2440 3.3466 0.8299
v  0.2423 3.3776 0.7950
v  0.2419 3.1678 0.7949
v  0.2441 3.1975 0.8300
v  0.2611 3.3678 0.8477
v  0.3221 3.5064 0.8476
v  0.0010 3.1680 0.4565
v  0.1833 3.2439 0.7946
v  0.2612 3.1916 0.8477
v  0.9059 4.3209 0.8473
v  0.7888 3.6075 -0.8536
v  0.9151 2.5481 0.1638
# 70 vertices

vn 0.0629 -0.0001 -0.9980
vn 1.0000 0.0001 -0.0002
vn 0.7073 0.0008 -0.7069
vn 0.0055 -0.0002 -1.0000
vn 0.2145 0.9765 -0.0216
vn 0.2429 0.9697 -0.0267
vn 0.2781 0.9605 -0.0102
vn 0.3142 0.9492 0.0149
vn 1.0000 -0.0024 -0.0015
vn 0.6338 0.4957 0.5938
vn 0.5672 0.5770 0.5877
vn 0.6712 0.0002 0.7413
vn 0.7131 0.7011 0.0010
vn 0.7422 0.6702 -0.0009
vn 1.0000 0.0003 0.0024
vn 1.0000 0.0000 0.0015
vn 0.5954 0.6397 -0.4860
vn 0.3101 0.9507 -0.0038
vn 0.3701 0.9290 -0.0013
vn 0.3871 0.9198 -0.0641
vn 0.2437 0.8162 0.5239
vn 1.0000 -0.0062 -0.0040
vn 0.2347 0.6635 -0.7105
vn 0.2131 0.6432 0.7355
vn 0.9999 -0.0015 -0.0132
vn 0.9999 -0.0014 -0.0134
vn 0.2773 0.9607 -0.0114
vn 0.2821 0.9587 0.0369
vn 0.2756 0.9592 -0.0632
vn 0.7554 0.0008 -0.6553
vn 1.0000 -0.0001 0.0042
vn 0.0152 0.0001 0.9999
vn -0.7717 -0.5771 0.2672
vn 0.7011 -0.0004 0.7131
vn -0.7814 0.5266 -0.3348
vn -0.7817 0.5262 -0.3348
vn 0.9993 0.0385 -0.0022
vn 0.9445 0.0454 0.3254
vn 0.9999 0.0000 -0.0149
vn -0.9985 0.0010 0.0556
vn -0.8489 0.3738 0.3736
vn -0.0002 0.0005 1.0000
vn 0.0002 0.0005 1.0000
vn 0.0001 0.0003 1.0000
vn -0.0051 -0.0003 1.0000
vn -0.7190 0.0001 0.6951
vn 0.1861 0.6635 0.7247
vn -0.6909 -0.5303 0.4914
vn 1.0000 0.0000 0.0000
vn -0.8022 0.5749 0.1612
vn -0.8022 0.5748 0.1612
vn 0.2844 0.9231 0.2589
vn 0.1718 0.6116 -0.7723
vn -0.0028 0.0005 -1.0000
vn 0.7818 0.6235 -0.0012
vn 0.0551 0.0009 -0.9985
vn 1.0000 0.0008 0.0079
vn 0.6656 0.0000 -0.7463
vn 0.3932 -0.6127 -0.6855
vn 0.3925 -0.6138 -0.6850
vn 0.3938 -0.6118 -0.6860
vn 0.3938 -0.6119 -0.6860
vn 0.3939 -0.6117 -0.6860
# 63 vertex normals

vt 0.2962 2.4258 0.7776
vt 0.2828 2.4603 0.7745
vt 0.2826 2.1391 0.7743
vt 0.2962 2.1416 0.7777
vt 0.7777 2.1416 0.7038
vt 1.0740 2.1413 0.7038
vt 1.0735 2.3438 0.7038
vt 0.7776 2.4258 0.7038
vt 0.2962 2.1413 1.0740
vt 0.3008 2.1439 1.0917
vt 0.3009 2.3269 1.0918
vt 0.2962 2.3438 1.0735
vt 0.3489 2.2063 1.0928
vt 0.3489 2.1675 1.0928
vt 0.7038 1.0740 2.1413
vt 0.7038 0.7777 2.1416
vt 0.7174 0.7743 2.1391
vt 0.7415 1.3042 2.1225
vt 0.7374 1.3166 2.1241
vt 0.6511 1.0928 2.1675
vt 0.6992 1.0917 2.1439
vt 0.7365 1.3194 2.1246
vt 0.7325 1.3323 2.1265
vt 1.0928 2.1675 0.6511
vt 1.2343 2.1668 0.6510
vt 1.0928 2.2063 0.6511
vt 0.7495 2.1103 0.7377
vt 0.7451 2.1204 0.7390
vt 0.7456 2.1107 0.7225
vt 0.7435 2.4557 -0.3596
vt 0.7430 2.4537 -0.3661
vt 0.7432 2.4484 -0.3769
vt 0.7483 2.4475 -0.3602
vt 0.7434 1.5571 -0.3779
vt 0.7485 1.5382 -0.3590
vt 0.7429 0.3089 2.4571
vt 0.7428 -0.3364 2.4569
vt 0.7435 -0.3596 2.4557
vt 0.7483 -0.3602 2.4475
vt 0.7488 0.3142 2.4461
vt 0.3142 2.4461 0.7488
vt -0.3602 2.4475 0.7483
vt -0.3590 1.5382 0.7485
vt -0.1119 1.4382 0.7486
vt 0.3131 1.6461 0.7488
vt 0.2562 2.4486 0.3303
vt 0.2571 2.4571 0.3089
vt 0.2512 2.4461 0.3142
vt 0.7218 0.1659 2.4689
vt 0.7218 0.3184 2.4673
vt 0.7451 0.7390 2.1204
vt 0.7444 1.2936 2.1206
vt 0.7218 0.7546 2.1365
vt 0.7218 2.1365 0.7546
vt 0.7218 2.1320 0.7385
vt 0.7385 2.1320 0.7218
vt 0.7546 2.1365 0.7218
vt 0.3333 2.4573 0.7235
vt 0.2765 2.4573 0.3333
vt 0.2782 2.4673 0.3184
vt 0.7218 2.1245 0.7210
vt 0.7210 2.1245 0.7218
vt 0.3364 1.6292 0.7228
vt 0.6394 1.7763 0.7218
vt 0.6597 1.3303 2.1621
vt 0.6510 1.2343 2.1668
vt 0.7244 1.3583 2.1304
vt 0.7234 1.3615 2.1309
vt 0.6612 1.3455 2.1616
vt 0.7218 1.3663 2.1315
vt 0.6628 1.3647 2.1603
vt 0.2782 2.4778 0.7535
vt 0.2782 2.1365 0.7546
vt 0.7377 2.1103 0.7495
vt 0.7376 1.8544 0.7495
vt 1.2585 2.1095 0.7501
vt 0.7220 1.8163 0.7211
vt 0.7454 1.8424 0.7223
vt 0.4442 1.8939 0.2344
vt 0.3566 1.8838 0.3648
vt 0.2999 1.7349 0.9040
vt 0.3637 1.5197 0.4807
vt 0.7495 1.8544 0.7376
vt 0.3388 2.1512 1.3828
vt 0.3937 2.0136 1.3824
vt 0.5958 2.5215 0.7218
vt 0.7535 2.4778 0.7218
vt 0.3251 2.4884 0.7218
vt 0.3184 2.4673 0.7218
vt 1.3589 2.0097 0.5651
vt 1.3227 2.0237 0.5646
vt 1.3226 1.9290 0.5645
vt 1.3590 1.9424 0.5651
vt 0.5646 2.0237 -0.3227
vt 0.5696 2.0192 -0.3772
vt 0.5859 2.0818 -0.3772
vt 0.5402 1.9291 0.0679
vt 0.6800 1.9634 -0.1690
vt 0.5697 1.9397 -0.3773
vt 0.7416 2.4492 -0.3769
vt 0.5645 1.9290 -0.3226
vt 0.5489 1.9634 -0.3224
vt 0.5651 2.0097 -0.3589
vt 0.5651 1.9424 -0.3590
vt -0.1345 1.4382 0.5882
vt 0.4877 1.9291 0.0065
vt 0.1659 2.4689 0.7218
vt 0.2896 2.1274 1.3834
vt 0.3372 2.1603 1.3647
vt 0.2782 2.1315 1.3663
vt 0.7495 0.7377 2.1103
vt 0.7501 1.2585 2.1095
vt 0.2559 1.6495 0.3305
vt 0.2772 1.6292 0.3364
vt 0.7211 1.8163 0.7220
vt 0.2512 1.6461 0.3131
# 116 texture coords

g default_Part_21
usemtl 07___Default
s off
f 1290/2052/1129 1291/2053/1129 1292/2054/1129 1293/2055/1129 
f 1293/2056/1130 1294/2057/1130 1295/2058/1130 1290/2059/1130 
f 1294/2060/1131 1296/2061/1131 1297/2062/1131 1295/2063/1131 
f 1298/2064/1132 1297/2062/1132 1296/2061/1132 1299/2065/1132 
f 1294/2066/1133 1293/2067/1133 1292/2068/1133 1300/2069/1133 
f 1294/2066/1134 1300/2069/1134 1301/2070/1134 
f 1299/2071/1135 1296/2072/1135 1302/2073/1135 1303/2074/1135 
f 1301/2070/1136 1302/2073/1136 1296/2072/1136 1294/2066/1136 
f 1299/2075/1137 1304/2076/1137 1298/2077/1137 
f 1305/2078/1138 1306/2079/1138 1307/2080/1138 
f 1308/2081/1139 1309/2082/1139 1310/2083/1139 1311/2084/1139 
f 1311/2084/1140 1310/2083/1140 1312/2085/1140 1313/2086/1140 
f 1314/2087/1141 1315/2088/1141 1308/2089/1141 1311/2090/1141 
f 1314/2087/1142 1311/2090/1142 1316/2091/1142 
f 1316/2092/1143 1311/2093/1143 1313/2094/1143 1317/2095/1143 
f 1316/2092/1144 1317/2095/1144 1318/2096/1144 
f 1319/2097/1145 1314/2098/1145 1316/2099/1145 
f 1320/2100/1146 1315/2088/1146 1314/2087/1146 1321/2101/1146 
f 1306/2102/1147 1322/2103/1147 1300/2069/1147 1292/2068/1147 
f 1306/2102/1148 1292/2068/1148 1323/2104/1148 
f 1306/2079/1149 1323/2105/1149 1324/2106/1149 
f 1324/2107/1150 1323/2108/1150 1325/2109/1150 
f 1314/2098/1151 1319/2097/1151 1325/2110/1151 1321/2111/1151 
f 1306/2079/1152 1324/2106/1152 1326/2112/1152 1307/2080/1152 
f 1326/2113/1153 1324/2107/1153 1325/2109/1153 1327/2114/1153 
f 1326/2113/1154 1327/2114/1154 1328/2115/1154 
f 1329/2116/1155 1304/2117/1155 1299/2071/1155 1303/2074/1155 
f 1329/2116/1155 1303/2074/1155 1330/2118/1155 
f 1330/2118/1156 1331/2119/1156 1332/2120/1156 1329/2116/1156 
f 1333/2121/1157 1334/2122/1157 1332/2120/1157 1331/2119/1157 
f 1291/2053/1158 1335/2123/1158 1323/2124/1158 1292/2054/1158 
f 1305/2125/1159 1336/2126/1159 1337/2127/1159 
f 1326/2112/1160 1338/2128/1160 1339/2129/1160 1307/2080/1160 
s 1
f 1340/2130/1161 1341/2131/1161 1342/2132/1161 1343/2133/1161 
s off
f 1307/2080/1162 1339/2129/1162 1336/2134/1162 1305/2078/1162 
s 2
f 1334/2122/1163 1344/2135/1163 1345/2136/1163 1341/2131/1163 
f 1345/2136/1163 1342/2132/1163 1341/2131/1163 
f 1341/2131/1163 1346/2137/1163 1335/2138/1163 1290/2052/1163 
f 1335/2138/1163 1291/2053/1163 1290/2052/1163 
f 1290/2052/1163 1295/2058/1163 1297/2062/1163 1298/2064/1163 
f 1341/2131/1163 1290/2052/1163 1298/2064/1163 1304/2076/1163 
f 1334/2122/1163 1341/2131/1163 1304/2076/1163 1329/2116/1164 
f 1334/2122/1163 1329/2116/1164 1332/2120/1163 
s off
f 1335/2138/1165 1346/2137/1165 1347/2139/1165 1325/2109/1165 
f 1347/2139/1166 1321/2140/1166 1325/2109/1166 
f 1335/2138/1167 1325/2109/1167 1323/2108/1167 
f 1348/2141/1168 1349/2142/1168 1350/2143/1168 1351/2144/1168 
s 32
f 1349/2145/1169 1348/2141/1169 1352/2146/1169 1353/2147/1169 
f 1349/2145/1169 1353/2147/1169 1354/2148/1169 1355/2149/1169 
s off
f 1352/2146/1170 1356/2150/1170 1312/2085/1170 1357/2151/1170 
f 1312/2085/1171 1310/2083/1171 1357/2151/1171 
f 1352/2146/1172 1357/2151/1172 1353/2147/1172 
f 1350/2152/1173 1349/2145/1173 1355/2153/1173 
f 1356/2150/1174 1352/2146/1174 1348/2154/1174 1351/2155/1174 
f 1357/2151/1175 1310/2083/1175 1309/2082/1175 
s 64
f 1343/2133/1176 1317/2156/1176 1313/2094/1176 1350/2143/1176 
f 1313/2094/1176 1312/2085/1176 1356/2150/1176 1350/2143/1176 
f 1356/2150/1176 1351/2155/1176 1350/2143/1176 
f 1350/2143/1176 1355/2153/1176 1354/2157/1176 1343/2133/1176 
f 1343/2133/1176 1354/2157/1176 1340/2130/1176 
s off
f 1320/2158/1177 1321/2140/1177 1347/2139/1177 
s 8
f 1340/2130/1178 1354/2157/1178 1353/2147/1178 1308/2081/1178 
f 1357/2151/1178 1309/2082/1178 1308/2081/1178 1353/2147/1178 
f 1308/2081/1178 1315/2088/1179 1320/2100/1178 1340/2130/1178 
f 1320/2100/1178 1347/2139/1180 1346/2137/1178 1340/2130/1178 
f 1340/2130/1178 1346/2137/1178 1341/2131/1178 
s off
f 1358/2159/1181 1344/2135/1181 1334/2160/1181 1333/2161/1181 
f 1345/2136/1182 1344/2135/1182 1358/2159/1182 
f 1306/2102/1183 1305/2162/1183 1337/2163/1183 1322/2103/1183 
f 1325/2110/1184 1319/2097/1184 1359/2164/1184 1327/2165/1184 
f 1338/2166/1185 1326/2113/1185 1328/2115/1185 
f 1359/2164/1186 1319/2097/1186 1316/2099/1186 1318/2167/1186 
s 4
f 1330/2118/1187 1303/2074/1188 1302/2073/1189 1333/2161/1189 
f 1301/2070/1189 1300/2069/1190 1322/2103/1189 1336/2126/1189 
f 1322/2103/1189 1337/2163/1189 1336/2126/1189 
f 1302/2073/1189 1301/2070/1189 1336/2126/1189 1338/2128/1189 
f 1336/2126/1189 1339/2129/1189 1338/2128/1189 
f 1327/2114/1189 1359/2164/1189 1318/2167/1189 1343/2133/1189 
f 1318/2167/1189 1317/2095/1189 1343/2133/1189 
f 1328/2115/1189 1327/2114/1189 1343/2133/1189 1338/2128/1189 
f 1302/2073/1189 1338/2128/1189 1343/2133/1189 1333/2161/1189 
f 1343/2133/1189 1342/2132/1189 1345/2136/1189 1333/2161/1189 
f 1345/2136/1189 1358/2159/1189 1333/2161/1189 
f 1330/2118/1187 1333/2161/1189 1331/2119/1191 
# 52 polygons - 32 triangles

#
# object default_Part_22
#

v  -0.0189 8.1921 -0.6984
v  -0.0180 8.1650 -0.7214
v  -0.0394 8.1680 -0.7012
v  0.0185 8.1920 -0.6987
v  -0.0178 8.2226 -0.6435
v  0.0278 8.2225 -0.6435
v  -0.0439 7.9735 -0.6443
v  -0.0442 8.1964 -0.6435
v  -0.0392 7.9944 -0.7014
v  -0.1194 7.9039 -0.6439
v  -0.2380 7.8840 -0.6431
v  -0.2387 8.4845 -0.6430
v  -0.0724 8.3209 -0.6434
v  -0.1480 8.9369 0.5793
v  -0.1510 8.9337 0.5015
v  -0.1514 8.7485 0.5018
v  -0.1481 8.7233 0.5792
v  -0.1343 8.7152 0.5971
v  -0.4131 8.7147 0.6810
v  -0.1342 8.9341 0.5968
v  -0.0234 8.6768 0.6799
v  -0.0244 8.7040 0.5982
v  -0.0089 8.6744 0.5976
v  -0.0066 8.2519 0.5972
v  0.3302 8.2527 0.5972
v  0.3296 8.8085 0.5972
v  0.0526 8.8835 0.5975
v  -0.0446 8.9099 0.5978
v  -0.0105 8.2229 0.6828
v  0.4007 8.1918 0.7713
v  -0.0089 8.6454 0.6802
v  -0.0269 8.2188 0.6992
v  -0.0250 8.6540 0.6992
v  -0.1666 8.2153 0.7026
v  -0.1673 8.1919 0.7703
v  -0.4176 8.6918 0.6992
v  -0.5900 8.2171 0.3331
v  -0.5889 8.2431 0.3171
v  -0.6054 8.2176 0.3212
v  -0.5858 7.4182 0.3405
v  -0.6074 7.4120 0.3238
v  -0.6067 7.4152 0.0841
v  -0.6902 7.3908 0.1720
v  -0.7599 7.3670 0.4038
v  -0.7088 7.3824 0.2013
v  -0.6163 9.0327 -0.0273
v  -0.6217 9.0342 -0.0273
v  -0.6059 8.2623 -0.0274
v  -0.5838 8.2879 -0.0274
v  -0.5032 8.3220 -0.0274
v  -0.5014 9.0016 -0.0273
v  -0.5021 8.2841 0.3217
v  -0.5010 8.2575 0.3343
v  -0.5050 7.4468 0.3348
v  -0.5000 7.4497 0.3975
v  -0.5002 9.0225 0.3876
v  -0.4986 9.0249 0.4443
v  -0.4995 9.0227 0.3959
v  -0.4685 7.2867 0.5009
v  -0.4335 7.2860 0.5002
v  -0.4340 8.7612 0.5000
v  -0.4410 9.0122 0.4999
v  -0.4681 9.0195 0.4999
v  -0.4183 8.7758 0.5000
v  -0.4332 8.7022 0.6793
v  -0.4332 7.2458 0.6340
v  -0.4332 7.2425 0.6451
v  -0.1882 8.1959 0.6992
v  -0.4178 7.2386 0.6989
v  -0.1893 7.4488 0.6992
v  -0.1877 8.1666 0.7731
v  -0.1672 8.1638 0.7936
v  -0.7601 7.3450 0.4217
v  -0.5025 7.4208 0.4215
v  -0.7782 7.3483 0.4026
v  -0.7782 7.3247 0.3989
v  -0.7782 7.3246 0.3991
v  0.3461 8.2628 0.5789
v  0.3456 8.7906 0.5790
v  0.3370 8.8061 0.5888
v  0.4178 8.6636 0.5010
v  0.3477 8.7320 0.5005
v  0.3474 8.2842 0.5006
v  0.4019 8.2830 0.5016
v  0.4200 8.1681 0.7744
v  0.4221 8.2603 0.5030
v  0.4998 8.4457 0.3102
v  0.5000 8.2638 0.2914
v  0.5000 8.3099 0.2851
v  0.4999 8.4377 0.2992
v  0.5001 8.2018 0.2912
v  0.5015 8.5290 0.4281
v  0.5023 8.1668 0.4181
v  0.4222 8.0685 0.5027
v  0.4203 7.9940 0.7528
v  0.3997 8.1676 0.7938
v  0.3680 7.9340 0.7938
v  0.3700 7.9358 0.7938
v  -0.1866 7.4295 0.7742
v  -0.1662 7.4426 0.7936
v  -0.0182 8.0195 -0.7213
v  0.0288 8.1658 -0.7209
v  0.0834 8.1127 -0.7202
v  -0.7782 7.3236 0.4026
v  -0.7601 7.3174 0.4217
v  0.4201 7.9876 0.7743
v  0.3998 7.9632 0.7937
v  0.5463 8.2446 0.2902
v  -0.2543 8.5266 -0.6058
v  -0.2549 8.5139 -0.6243
v  -0.2560 7.8693 -0.6222
v  -0.2545 7.8460 -0.5805
v  0.4727 8.6082 0.4989
v  0.4336 8.6489 0.5021
v  0.4727 8.1162 0.4989
v  0.5742 8.2728 0.2815
v  0.5002 8.5586 0.4675
v  0.5007 8.1510 0.4673
v  0.4203 7.9928 0.7569
v  -0.6063 7.4768 -0.0275
v  -0.6269 9.0356 -0.0274
v  -0.6300 7.4732 -0.0279
v  -0.7592 7.3672 0.2558
v  -0.6464 9.0233 -0.3719
v  -0.6465 9.0232 -0.3741
v  -0.6483 7.6124 -0.2807
v  -0.6475 7.6052 -0.2677
v  -0.6455 7.6768 -0.3943
v  -0.6461 9.0221 -0.3934
v  -0.5022 7.3112 0.4218
v  -0.7530 7.3172 0.4217
v  -0.7784 7.3482 0.3208
v  -0.4327 7.2318 0.6806
v  -0.4311 7.2312 0.6826
v  -0.4971 7.2954 0.4741
v  -0.4975 9.0261 0.4730
v  -0.4995 9.0256 0.4535
v  -0.7533 7.3172 0.4217
v  -0.7589 7.3174 0.4217
v  -0.0338 8.2830 -0.6435
v  -0.6287 7.6861 -0.4059
v  -0.6304 9.0173 -0.4044
v  -0.5977 9.0084 -0.4048
v  -0.5012 8.9128 -0.4061
v  -0.5043 7.7072 -0.4070
v  -0.4279 9.0086 0.4999
v  0.5623 8.2912 0.1808
v  0.5000 8.3273 0.1460
v  -0.4263 7.3734 0.2090
v  -0.4977 8.8614 -0.4727
v  -0.4985 7.7451 -0.4726
v  -0.2585 7.8001 -0.5000
v  -0.2568 8.6052 -0.5000
v  -0.4732 8.8189 -0.4984
v  -0.4726 7.7642 -0.4990
v  -0.6477 9.0405 -0.0421
v  -0.6477 7.4777 -0.0411
v  -0.6067 7.4166 0.0794
# 158 vertices

vn -0.5399 0.5334 -0.6511
vn 0.0006 0.8747 -0.4847
vn -0.9966 -0.0010 -0.0826
vn -0.6718 0.6475 -0.3598
vn -0.0060 0.0002 -1.0000
vn 0.0015 0.0027 -1.0000
vn -0.9992 0.0014 0.0406
vn 0.1019 0.9336 0.3436
vn -0.7879 0.0005 0.6158
vn 0.0928 0.9451 0.3134
vn 0.0007 -0.0004 1.0000
vn 0.0012 0.0000 1.0000
vn 0.0082 0.0004 1.0000
vn -0.0004 0.9451 0.3269
vn 0.9997 0.0009 0.0233
vn 0.8880 0.4367 0.1442
vn 0.0166 0.9649 0.2619
vn 0.7371 -0.0010 0.6758
vn 0.7851 0.3692 0.4972
vn -0.0034 0.9376 0.3477
vn 0.0066 0.0055 1.0000
vn -0.5311 0.4599 0.7116
vn -0.6110 0.0041 0.7916
vn -0.2731 0.9619 0.0142
vn -0.2794 0.9601 0.0078
vn -0.4796 0.8758 -0.0544
vn 0.0001 -0.0001 1.0000
vn -0.7935 0.6042 0.0727
vn 0.0000 -0.0001 1.0000
vn -0.4092 0.9063 0.1058
vn -0.2428 0.4631 0.8524
vn 0.0241 0.0049 0.9997
vn -0.3118 0.9486 -0.0548
vn -1.0000 0.0025 0.0031
vn -0.9998 0.0003 0.0194
vn -0.9968 0.0051 0.0799
vn 0.0142 0.0003 0.9999
vn 0.0015 0.0006 1.0000
vn 0.0923 0.9453 0.3128
vn -0.5897 0.7631 0.2644
vn -1.0000 0.0000 -0.0000
vn -0.1088 -0.0503 0.9928
vn -0.0006 -0.0001 1.0000
vn 0.0619 0.6285 0.7754
vn -0.4368 0.6102 0.6610
vn -0.7079 0.6622 0.2455
vn -0.5640 0.5266 0.6361
vn -0.1836 0.6303 0.7543
vn -0.5722 0.5213 0.6332
vn -0.9996 -0.0034 0.0275
vn 0.7522 0.0008 0.6590
vn 0.7504 0.0006 0.6610
vn -0.1453 0.9142 0.3783
vn -0.0120 0.0011 0.9999
vn 0.0825 0.9480 0.3073
vn 0.7313 0.6446 0.2229
vn 1.0000 0.0005 0.0041
vn 0.9999 0.0025 -0.0156
vn 0.9999 0.0026 -0.0160
vn 1.0000 0.0005 0.0078
vn -0.0030 0.6586 0.7525
vn 0.5704 0.5458 0.6138
vn 0.0084 -0.0011 1.0000
vn -0.9998 0.0001 0.0219
vn -0.6985 -0.0005 0.7157
vn 0.0111 -0.0009 -0.9999
vn -0.6865 0.0003 -0.7271
vn -0.7264 0.0001 0.6873
vn 0.6890 0.0002 0.7247
vn 0.0244 -0.0035 0.9997
vn -0.9994 0.0017 0.0355
vn -1.0000 -0.0002 0.0035
vn 0.0836 -0.0006 0.9965
vn 0.0763 -0.0001 0.9971
vn 0.1122 0.1553 0.9815
vn 0.9995 0.0013 0.0327
vn 0.9999 0.0007 0.0100
vn 1.0000 0.0016 0.0003
vn -0.0003 0.0001 1.0000
vn 0.0015 -0.0002 1.0000
vn -0.0044 -0.0001 1.0000
vn -0.0195 -0.0003 0.9998
vn -0.2886 0.9575 -0.0000
vn -0.9979 0.0056 0.0649
vn -0.9997 -0.0004 -0.0248
vn -0.0001 0.0023 1.0000
vn -0.7109 0.7033 -0.0015
vn -0.7778 0.0000 0.6285
vn -0.7869 0.0003 0.6170
vn -0.9949 -0.0002 0.1009
vn -0.9954 -0.0023 0.0959
vn -0.9999 -0.0003 0.0140
vn -1.0000 0.0006 0.0020
vn -0.0003 0.0000 1.0000
vn -0.0106 -0.0004 0.9999
vn -1.0000 0.0004 0.0019
vn -0.0006 0.0006 -1.0000
vn -0.0105 0.0010 0.9999
vn -0.0121 0.0011 -0.9999
vn -0.0089 0.0007 -1.0000
vn -0.9966 -0.0047 0.0824
vn -0.9951 0.0038 -0.0989
vn -0.0062 0.0009 1.0000
vn -0.0005 0.0005 1.0000
vn 0.9998 0.0002 0.0208
vn -0.0628 0.0041 0.9980
vn 0.7510 0.0003 0.6603
vn -0.6787 0.0004 0.7344
vn 0.4505 0.8860 0.1097
vn -0.0020 0.6470 -0.7625
vn -0.0000 0.0007 -1.0000
vn -0.7578 -0.0008 -0.6524
vn 0.6620 -0.7196 -0.2094
vn 0.6366 -0.7404 -0.2158
vn 0.6692 -0.7135 -0.2075
vn 0.6591 -0.7164 -0.2288
vn 0.6619 -0.7198 -0.2095
vn -0.9975 0.0017 -0.0704
vn 1.0000 0.0010 0.0001
vn -0.9994 0.0007 -0.0347
vn -0.7184 0.0002 -0.6956
vn 0.2610 0.9641 -0.0492
vn 0.2586 0.9647 -0.0493
vn 0.2609 0.9641 -0.0492
vn 0.2610 0.9642 -0.0474
vn 0.2614 0.9640 -0.0492
vn 0.2613 0.9640 -0.0492
vn 0.2610 0.9641 -0.0493
vn 0.2610 0.9641 -0.0487
vn 0.6231 0.6347 -0.4570
vn 0.6232 0.6347 -0.4570
vn 0.6230 0.6346 -0.4573
vn 0.6232 0.6347 -0.4569
vn 0.6263 0.6327 -0.4555
vn 0.6291 0.6408 -0.4399
vn -0.5860 0.0007 0.8103
vn -1.0000 0.0010 0.0004
vn -1.0000 0.0006 -0.0030
vn -1.0000 0.0025 -0.0030
vn -0.0229 -0.9574 -0.2877
vn -0.0227 -0.9574 -0.2877
vn -0.0227 -0.9574 -0.2878
vn 0.0014 0.0417 -0.9991
vn -0.0229 -0.9666 -0.2552
vn -0.0227 -0.9575 -0.2876
vn -0.0230 -0.9690 -0.2461
vn -0.0229 -0.9575 -0.2876
vn -0.0228 -0.9574 -0.2877
vn -0.0253 -0.9574 -0.2877
vn -0.0219 -0.9575 -0.2877
vn -0.0231 -0.9574 -0.2877
vn -0.0211 -0.9575 -0.2877
vn -0.5714 0.0003 -0.8207
vn -1.0000 0.0003 -0.0026
vn -0.0060 0.0003 -1.0000
vn 0.1421 -0.8626 -0.4855
vn 0.1419 -0.8626 -0.4855
vn 0.1421 -0.8626 -0.4854
# 158 vertex normals

vt 0.5051 4.1955 1.2228
vt 0.5048 4.1833 1.2466
vt 0.5105 4.1847 1.2257
vt 0.4951 4.1955 1.2230
vt 0.5047 4.2093 1.1659
vt 0.4926 4.2092 1.1659
vt -0.1668 4.0969 0.4883
vt -0.1659 4.1975 0.4882
vt -0.2257 4.1847 0.4895
vt -0.2259 4.1064 0.4895
vt 0.5118 4.1975 1.1659
vt 0.5117 4.0969 1.1668
vt 0.5318 4.0655 1.1663
vt 0.5635 4.0565 1.1656
vt 0.5637 4.3274 1.1654
vt 0.5193 4.2536 1.1659
vt 1.0995 4.5315 0.4605
vt 1.0190 4.5301 0.4597
vt 1.0193 4.4465 0.4596
vt 1.0994 4.4351 0.4605
vt 0.4642 -0.1179 4.4315
vt 0.4605 -0.0994 4.4351
vt 0.3898 -0.2048 4.4313
vt 0.4642 4.5302 -0.1177
vt 0.4605 4.5315 -0.0995
vt 0.4605 4.4351 -0.0994
vt 0.4642 4.4315 -0.1179
vt 0.4938 -0.2036 4.4142
vt 0.4935 -0.1191 4.4265
vt 0.4976 4.4131 -0.1184
vt 0.4982 4.2225 -0.1180
vt 0.5881 4.2229 -0.1180
vt 0.5879 4.4736 -0.1180
vt 0.5140 4.5074 -0.1184
vt 0.4935 4.4265 -0.1191
vt 0.4881 4.5193 -0.1187
vt 0.4972 -0.2066 4.2094
vt 0.6069 -0.2982 4.1954
vt 0.5881 -0.1180 4.2229
vt 0.4982 -0.1180 4.2225
vt -0.2040 4.4000 0.4976
vt -0.2066 4.2094 0.4972
vt -0.1180 4.2225 0.4982
vt -0.1184 4.4131 0.4976
vt -0.2036 4.4142 0.4938
vt -0.1191 4.4265 0.4935
vt 0.4928 -0.2236 4.2076
vt 0.4976 4.4000 -0.2040
vt 0.4933 4.4039 -0.2236
vt 0.4928 4.2076 -0.2236
vt 0.4972 4.2094 -0.2066
vt 0.4938 4.4142 -0.2036
vt 0.4556 -0.2271 4.2060
vt 0.4554 -0.2971 4.1954
vt 0.3886 4.4209 -0.2236
vt 0.4556 4.2060 -0.2271
vt 0.3426 4.2068 0.1553
vt 0.3429 4.2185 0.1719
vt 0.3385 4.2071 0.1676
vt 0.3438 3.8464 0.1476
vt 0.3380 3.8436 0.1649
vt 0.3380 0.1649 3.8436
vt 0.3382 0.4130 3.8451
vt 0.3159 0.3220 3.8340
vt 0.2973 0.0822 3.8233
vt 0.3438 0.1476 3.8464
vt 0.3110 0.2917 3.8303
vt 0.3356 4.5747 0.5283
vt 0.3342 4.5754 0.5283
vt 0.3384 4.2272 0.5283
vt 0.3443 4.2388 0.5283
vt 0.3384 0.5283 4.2272
vt 0.3385 0.1676 4.2071
vt 0.3429 0.1719 4.2185
vt 0.3443 0.5283 4.2388
vt 0.3658 4.2541 0.5283
vt 0.3663 4.5607 0.5283
vt 0.3661 0.1671 4.2370
vt 0.3658 0.5283 4.2541
vt 0.3664 4.2250 0.1540
vt 0.3661 4.2370 0.1671
vt 0.3653 3.8593 0.1535
vt 0.3666 0.0886 3.8606
vt 0.3653 0.1535 3.8593
vt 0.4717 4.5607 0.3663
vt 0.4717 4.2541 0.3658
vt 0.8329 4.2370 0.3661
vt 0.9011 4.5701 0.3666
vt 0.9114 3.8606 0.3666
vt 0.9598 4.5712 0.3670
vt 0.9097 4.5702 0.3668
vt 0.8460 4.2250 0.3664
vt 0.8465 3.8593 0.3653
vt 0.3750 3.7871 -0.0184
vt 0.3844 3.7868 -0.0177
vt 0.3842 4.4523 -0.0174
vt 0.3824 4.5655 -0.0173
vt 0.3752 4.5688 -0.0173
vt 0.4596 -0.0193 4.4465
vt 0.3884 -0.0174 4.4589
vt 0.3842 -0.0174 4.4523
vt 0.3845 -0.2029 4.4256
vt 1.2029 4.4256 0.3845
vt 1.1561 3.7687 0.3845
vt 1.1676 3.7672 0.3845
vt 0.4498 4.1972 -0.2236
vt 0.3886 3.7654 -0.2233
vt 0.4495 3.8602 -0.2236
vt 0.3898 4.4313 -0.2048
vt 0.3845 4.4256 -0.2029
vt 0.4498 -0.2236 4.1972
vt 0.4500 -0.3001 4.1840
vt 0.4554 4.1828 -0.3213
vt 0.4554 4.1954 -0.2971
vt 0.4500 4.1840 -0.3001
vt 0.2973 3.8233 0.0822
vt 0.2973 3.8134 0.0636
vt 0.3660 3.8476 0.0638
vt 0.3666 3.8606 0.0886
vt 0.2924 3.8149 0.0834
vt 0.9166 3.8149 0.2924
vt 0.9128 3.8042 0.2924
vt 0.9130 3.8042 0.2924
vt 0.5923 4.2274 -0.0991
vt 0.5922 4.4655 -0.0992
vt 0.5899 4.4725 -0.1093
vt 0.5923 -0.0991 4.2274
vt 0.6114 4.4082 -0.0185
vt 0.5927 4.4391 -0.0179
vt 0.5927 4.2371 -0.0181
vt 0.6072 4.2365 -0.0191
vt 0.6072 -0.0191 4.2365
vt 0.5927 -0.0181 4.2371
vt 0.6120 -0.3014 4.1847
vt 0.6126 -0.0205 4.2263
vt 0.1790 4.3099 0.6333
vt 0.1985 4.2279 0.6334
vt 0.2049 4.2487 0.6334
vt 0.1904 4.3063 0.6333
vt 0.1987 4.1999 0.6334
vt 0.0569 4.3475 0.6337
vt 0.0673 4.1841 0.6340
vt -0.0203 4.1398 0.6126
vt -0.0205 4.2263 0.6126
vt -0.3014 4.1847 0.6120
vt -0.2790 4.1062 0.6121
vt 0.6066 4.1845 -0.3214
vt 0.6069 4.1954 -0.2982
vt 0.6120 4.1847 -0.3014
vt 0.5981 4.0791 -0.3215
vt 0.5987 4.0799 -0.3214
vt 1.2236 3.8602 0.4495
vt 1.3012 3.8515 0.4502
vt 1.3001 4.1840 0.4500
vt 1.2236 4.1972 0.4498
vt 0.4557 3.8574 -0.3213
vt 0.4502 3.8515 -0.3012
vt 0.5049 4.1177 1.2464
vt 0.4923 4.1837 1.2460
vt 0.4778 4.1597 1.2453
vt 0.5105 4.1064 1.2259
vt 0.2924 3.8037 0.0834
vt 0.2973 3.8009 0.0636
vt 0.6121 4.1033 -0.3013
vt 0.6066 4.0923 -0.3214
vt 0.6457 4.2192 0.1997
vt 0.6334 4.2279 0.1985
vt 0.6334 4.1999 0.1987
vt -0.1269 4.3464 0.4322
vt -0.1460 4.3407 0.4320
vt -0.1439 4.0499 0.4317
vt -0.1008 4.0394 0.4321
vt 1.0174 4.4523 0.3842
vt 1.0177 3.7868 0.3844
vt 0.6261 4.3832 -0.0163
vt 0.6156 4.4016 -0.0196
vt 0.6126 4.2263 -0.0205
vt 0.6126 4.1398 -0.0203
vt 0.6261 4.1613 -0.0163
vt 0.6531 4.2319 0.2087
vt 0.6334 4.2487 0.2049
vt 0.0162 4.3609 0.6334
vt 0.0164 4.1770 0.6335
vt -0.2833 4.1056 0.6121
vt -0.3013 4.1033 0.6121
vt 0.3383 3.8729 0.5284
vt 0.3328 4.5760 0.5283
vt 0.3320 3.8712 0.5289
vt 0.2975 0.2352 3.8234
vt 0.1151 4.5705 0.3276
vt 0.1129 4.5705 0.3276
vt 0.2095 3.9340 0.3271
vt 0.2230 3.9308 0.3273
vt 0.0919 3.9631 0.3278
vt 0.0929 4.5700 0.3277
vt 0.3661 3.7982 0.0635
vt 0.2992 3.8009 0.0636
vt 0.2924 0.1681 3.8148
vt 0.2924 0.0834 3.8149
vt 0.3846 3.7623 -0.2043
vt 0.3850 3.7621 -0.2064
vt 0.9906 3.7910 0.3674
vt 0.9895 4.5718 0.3673
vt 0.9693 4.5715 0.3668
vt 0.9362 3.8476 0.3660
vt 0.9365 3.7982 0.3661
vt 1.2043 3.7623 0.3846
vt 0.8319 3.8148 0.2924
vt 0.2991 3.8009 0.0636
vt 0.2976 3.8009 0.0636
vt 0.9166 3.8037 0.2924
vt 0.5090 4.2365 1.1659
vt 0.6677 3.9673 0.9200
vt 0.6681 4.5678 0.9185
vt 0.6594 4.5638 0.9190
vt 0.6337 4.5206 0.9203
vt 0.6345 3.9768 0.9211
vt 0.4597 4.5301 -0.0190
vt 0.3859 4.5639 -0.0173
vt 0.3884 4.4589 -0.0174
vt 0.4596 4.4465 -0.0193
vt -0.0991 4.2274 0.5923
vt -0.0181 4.2371 0.5927
vt -0.0179 4.4391 0.5927
vt -0.0992 4.4655 0.5922
vt 0.6335 4.1770 0.0164
vt 0.6334 4.3609 0.0162
vt 0.3673 4.5718 0.0105
vt 0.3674 3.7910 0.0094
vt 0.6500 0.3129 4.2402
vt 0.6334 0.3489 4.2565
vt 0.6334 0.2049 4.2487
vt 0.6531 0.2087 4.2319
vt 0.5683 4.0499 1.1439
vt 0.5680 4.3407 1.1460
vt 0.4759 3.8262 0.2837
vt 0.6500 1.5420 3.0111
vt 0.0108 4.4974 0.3673
vt 0.0109 3.9939 0.3670
vt 0.0789 3.9768 0.3655
vt 0.0797 4.5206 0.3663
vt 0.3489 4.2565 0.6334
vt -0.0174 4.0187 0.4311
vt -0.0174 4.3819 0.4315
vt 0.6262 4.4783 1.0157
vt 0.6261 4.0025 1.0164
vt 0.6330 3.9939 0.9891
vt 0.6327 4.4974 0.9892
vt 0.6723 4.5700 0.9071
vt 0.5195 4.5638 0.7790
vt 0.4565 4.5782 0.3273
vt 0.3273 4.5782 0.5435
vt 0.3273 3.8732 0.5425
vt 0.8324 4.2071 0.3385
vt 0.4717 4.2272 0.3384
vt 0.4716 3.8729 0.3383
vt 0.5870 3.8451 0.3382
vt 0.5822 3.8457 0.3382
vt 0.8351 3.8436 0.3380
vt 0.3438 0.5571 3.6985
vt 0.6722 3.9631 0.9081
vt 0.4575 3.8732 0.3273
vt 0.5685 4.3819 1.0174
vt 0.5689 4.0187 1.0174
# 264 texture coords

g default_Part_22
usemtl 07___Default
s off
f 1360/2168/1192 1361/2169/1192 1362/2170/1192 
f 1363/2171/1193 1360/2168/1193 1364/2172/1193 1365/2173/1193 
f 1366/2174/1194 1367/2175/1194 1362/2176/1194 1368/2177/1194 
f 1360/2168/1195 1362/2170/1195 1367/2178/1195 1364/2172/1195 
f 1366/2179/1196 1369/2180/1196 1370/2181/1196 1371/2182/1196 
f 1366/2179/1197 1371/2182/1197 1372/2183/1197 1367/2178/1197 
f 1373/2184/1198 1374/2185/1198 1375/2186/1198 1376/2187/1198 
f 1377/2188/1199 1376/2189/1199 1378/2190/1199 
f 1379/2191/1200 1373/2192/1200 1376/2193/1200 1377/2194/1200 
f 1380/2195/1201 1381/2196/1201 1377/2188/1201 1378/2190/1201 
f 1382/2197/1202 1383/2198/1202 1384/2199/1202 1385/2200/1202 
f 1382/2197/1203 1385/2200/1203 1386/2201/1203 
f 1381/2202/1204 1382/2197/1204 1386/2201/1204 1387/2203/1204 
f 1388/2204/1205 1389/2205/1205 1384/2206/1205 1383/2207/1205 
f 1390/2208/1206 1388/2209/1206 1383/2210/1206 1382/2211/1206 
f 1380/2212/1207 1390/2208/1207 1382/2211/1207 1381/2213/1207 
f 1389/2205/1208 1388/2204/1208 1391/2214/1208 
f 1390/2215/1209 1392/2216/1209 1391/2217/1209 1388/2218/1209 
f 1390/2215/1210 1380/2219/1210 1392/2216/1210 
f 1391/2214/1211 1393/2220/1211 1394/2221/1211 1389/2205/1211 
f 1392/2216/1212 1395/2222/1212 1393/2223/1212 1391/2217/1212 
f 1396/2224/1213 1397/2225/1213 1398/2226/1213 
f 1399/2227/1214 1396/2224/1214 1398/2226/1214 1400/2228/1214 
f 1400/2229/1215 1401/2230/1215 1402/2231/1215 1403/2232/1215 
f 1399/2233/1216 1400/2229/1216 1403/2232/1216 
f 1403/2232/1217 1402/2231/1217 1404/2234/1217 
f 1405/2235/1218 1406/2236/1218 1407/2237/1218 1408/2238/1218 
f 1407/2239/1219 1398/2240/1219 1397/2241/1219 1408/2242/1219 
f 1408/2238/1220 1409/2243/1220 1410/2244/1220 1405/2235/1220 
f 1408/2242/1221 1397/2241/1221 1411/2245/1221 1409/2246/1221 
f 1397/2225/1222 1396/2224/1222 1412/2247/1222 1411/2248/1222 
f 1413/2249/1223 1412/2247/1223 1396/2224/1223 1399/2227/1223 
f 1399/2233/1224 1403/2232/1224 1414/2250/1224 1413/2251/1224 
f 1410/2252/1225 1409/2253/1225 1411/2254/1225 1415/2255/1225 
f 1414/2256/1226 1416/2257/1226 1417/2258/1226 1412/2259/1226 
f 1414/2256/1227 1412/2259/1227 1413/2260/1227 
f 1418/2261/1228 1419/2262/1228 1420/2263/1228 1421/2264/1228 
f 1418/2261/1229 1421/2264/1229 1422/2265/1229 
f 1376/2189/1230 1375/2266/1230 1423/2267/1230 1378/2190/1230 
f 1420/2268/1231 1424/2269/1231 1378/2190/1231 1423/2267/1231 
f 1424/2270/1232 1425/2271/1232 1426/2272/1232 
f 1427/2273/1233 1393/2223/1233 1395/2222/1233 
f 1428/2274/1234 1429/2275/1234 1427/2273/1234 1395/2222/1234 
f 1378/2276/1235 1395/2222/1235 1392/2216/1235 1380/2219/1235 
f 1395/2222/1236 1378/2276/1236 1424/2277/1236 
f 1427/2278/1237 1430/2279/1237 1394/2221/1237 1393/2220/1237 
f 1431/2280/1238 1394/2281/1238 1430/2282/1238 
f 1403/2283/1239 1432/2284/1239 1433/2285/1239 1414/2286/1239 
f 1432/2284/1240 1403/2283/1240 1434/2287/1240 
f 1434/2288/1241 1435/2289/1241 1436/2290/1241 
f 1385/2200/1242 1384/2199/1242 1437/2291/1242 1438/2292/1242 
f 1385/2200/1243 1438/2292/1243 1439/2293/1243 
f 1437/2294/1244 1384/2206/1244 1389/2205/1244 
f 1440/2295/1245 1441/2296/1245 1442/2297/1245 1443/2298/1245 
f 1437/2294/1246 1389/2205/1246 1443/2299/1246 1442/2300/1246 
f 1389/2205/1247 1444/2301/1247 1445/2302/1247 1443/2299/1247 
f 1446/2303/1248 1447/2304/1248 1448/2305/1248 1449/2306/1248 
f 1450/2307/1249 1447/2304/1249 1446/2303/1249 1451/2308/1249 
f 1450/2307/1250 1451/2308/1250 1452/2309/1250 
f 1453/2310/1251 1445/2311/1251 1444/2312/1251 1454/2313/1251 
f 1455/2314/1252 1389/2315/1252 1394/2281/1252 1431/2280/1252 
f 1455/2314/1253 1444/2316/1253 1389/2315/1253 
f 1455/2314/1254 1456/2317/1254 1457/2318/1254 
f 1429/2319/1255 1458/2320/1255 1430/2321/1255 1427/2322/1255 
f 1459/2323/1256 1431/2280/1256 1430/2282/1256 1458/2324/1256 
f 1460/2325/1257 1361/2169/1257 1461/2326/1257 1462/2327/1257 
f 1460/2325/1258 1368/2328/1258 1362/2170/1258 1361/2169/1258 
f 1432/2284/1259 1434/2287/1259 1463/2329/1259 1464/2330/1259 
f 1465/2331/1260 1444/2316/1260 1455/2314/1260 1466/2332/1260 
f 1467/2333/1261 1447/2334/1261 1450/2335/1261 
f 1468/2336/1262 1469/2337/1262 1470/2338/1262 1471/2339/1262 
f 1424/2270/1263 1420/2340/1263 1419/2341/1263 1425/2271/1263 
f 1472/2342/1264 1473/2343/1264 1445/2344/1264 1453/2345/1264 
f 1472/2342/1265 1453/2345/1265 1474/2346/1265 
f 1447/2334/1266 1467/2333/1266 1475/2347/1266 1448/2348/1266 
f 1451/2308/1267 1476/2349/1267 1477/2350/1267 1452/2309/1267 
f 1478/2351/1268 1444/2312/1268 1465/2352/1268 
f 1454/2313/1269 1444/2312/1269 1478/2351/1269 
f 1431/2280/1270 1459/2323/1270 1456/2317/1270 1455/2314/1270 
f 1466/2332/1271 1455/2314/1271 1457/2318/1271 
f 1479/2353/1272 1407/2237/1272 1406/2236/1272 1480/2354/1272 
f 1479/2353/1273 1480/2354/1273 1481/2355/1273 
f 1482/2356/1274 1403/2232/1274 1404/2234/1274 
f 1483/2357/1275 1484/2358/1275 1485/2359/1275 1486/2360/1275 
f 1487/2361/1276 1485/2359/1276 1484/2358/1276 1488/2362/1276 
f 1489/2363/1277 1433/2285/1277 1432/2284/1277 1490/2364/1277 
f 1491/2365/1278 1434/2366/1278 1403/2232/1278 1482/2356/1278 
f 1492/2367/1279 1493/2368/1279 1428/2274/1279 1395/2222/1279 
f 1492/2367/1280 1395/2222/1280 1424/2277/1280 
f 1494/2369/1281 1495/2370/1281 1496/2371/1281 1433/2372/1281 
f 1494/2369/1282 1433/2372/1282 1489/2373/1282 
f 1492/2374/1283 1424/2270/1283 1426/2272/1283 
f 1435/2289/1284 1434/2288/1284 1491/2375/1284 
f 1490/2364/1285 1432/2284/1285 1497/2376/1285 
f 1497/2376/1285 1432/2284/1285 1498/2377/1285 
f 1498/2377/1286 1432/2284/1286 1464/2330/1286 
f 1463/2378/1287 1434/2288/1287 1436/2290/1287 
f 1499/2379/1288 1364/2172/1288 1367/2178/1288 1372/2183/1288 
f 1381/2202/1289 1387/2203/1289 1379/2191/1289 1377/2194/1289 
f 1500/2380/1290 1501/2381/1290 1502/2382/1290 1503/2383/1290 
f 1500/2380/1291 1503/2383/1291 1504/2384/1291 
f 1415/2255/1292 1411/2254/1292 1412/2259/1292 1417/2258/1292 
f 1433/2372/1293 1496/2371/1293 1416/2257/1293 1414/2256/1293 
f 1374/2385/1294 1505/2386/1294 1423/2387/1294 1375/2388/1294 
f 1423/2387/1295 1505/2386/1295 1421/2264/1295 1420/2263/1295 
f 1437/2389/1296 1442/2390/1296 1441/2391/1296 1438/2392/1296 
f 1443/2298/1297 1445/2344/1297 1473/2343/1297 1440/2295/1297 
f 1474/2346/1298 1477/2393/1298 1476/2394/1298 1472/2342/1298 
f 1422/2265/1299 1495/2395/1299 1494/2396/1299 1418/2261/1299 
f 1506/2397/1300 1507/2398/1300 1448/2399/1300 1475/2400/1300 
f 1363/2171/1301 1461/2326/1301 1361/2169/1301 1360/2168/1301 
f 1365/2173/1302 1364/2172/1302 1499/2379/1302 
f 1371/2182/1303 1370/2181/1303 1470/2401/1303 1469/2402/1303 
s 1
f 1477/2350/1304 1474/2346/1304 1453/2345/1304 1450/2335/1304 
f 1454/2313/1305 1478/2351/1306 1465/2352/1304 1453/2345/1304 
f 1465/2352/1304 1466/2332/1304 1457/2318/1304 1459/2323/1304 
f 1457/2318/1304 1456/2317/1307 1459/2323/1304 
f 1453/2345/1304 1465/2352/1304 1459/2323/1304 1366/2179/1304 
f 1459/2323/1304 1458/2324/1304 1429/2319/1304 1366/2179/1304 
f 1429/2319/1304 1428/2274/1304 1493/2368/1304 1366/2179/1304 
f 1508/2403/1304 1369/2180/1304 1366/2179/1304 1493/2368/1304 
f 1366/2179/1304 1368/2177/1304 1460/2325/1304 1506/2404/1304 
f 1460/2325/1304 1462/2327/1304 1506/2404/1304 
f 1506/2404/1304 1475/2400/1304 1467/2333/1304 1450/2335/1304 
f 1366/2179/1304 1506/2404/1304 1450/2335/1304 1453/2345/1304 
f 1477/2350/1304 1450/2335/1304 1452/2309/1308 
s off
f 1509/2405/1309 1510/2406/1309 1504/2407/1309 1503/2408/1309 
f 1449/2306/1310 1448/2305/1310 1507/2409/1310 
f 1468/2336/1311 1471/2339/1311 1511/2410/1311 1512/2411/1311 
f 1513/2412/1312 1514/2413/1312 1510/2414/1312 1509/2415/1312 
s 4
f 1488/2416/1313 1484/2358/1314 1483/2357/1315 1502/2417/1313 
f 1483/2357/1315 1515/2418/1313 1480/2354/1313 1405/2235/1313 
f 1480/2354/1313 1406/2236/1316 1405/2235/1313 
f 1483/2357/1315 1405/2235/1313 1410/2244/1313 1374/2385/1313 
f 1410/2244/1313 1415/2255/1317 1417/2258/1318 1416/2257/1313 
f 1416/2257/1313 1496/2371/1313 1495/2370/1313 1421/2264/1313 
f 1495/2370/1313 1422/2265/1319 1421/2264/1313 
f 1410/2244/1313 1416/2257/1313 1421/2264/1313 1505/2386/1313 
f 1410/2244/1313 1505/2386/1313 1374/2385/1313 
f 1374/2385/1313 1373/2184/1315 1379/2191/1313 1386/2201/1313 
f 1379/2191/1313 1387/2203/1320 1386/2201/1313 
f 1483/2357/1315 1374/2385/1313 1386/2201/1313 1502/2417/1313 
f 1385/2200/1313 1439/2293/1313 1502/2417/1313 1386/2201/1313 
f 1488/2416/1313 1502/2417/1313 1501/2381/1313 
s 8
f 1372/2183/1321 1371/2182/1321 1469/2402/1322 1365/2173/1322 
f 1512/2411/1322 1513/2412/1321 1509/2415/1322 1503/2408/1322 
f 1503/2408/1322 1502/2382/1322 1439/2293/1322 1441/2391/1322 
f 1439/2293/1322 1438/2292/1322 1441/2391/1322 
f 1512/2411/1322 1503/2408/1322 1441/2391/1322 1446/2303/1322 
f 1440/2295/1323 1473/2343/1321 1472/2342/1322 1441/2391/1322 
f 1472/2342/1322 1476/2394/1324 1451/2308/1321 1446/2303/1322 
f 1441/2391/1322 1472/2342/1322 1446/2303/1322 
f 1446/2303/1322 1449/2306/1325 1507/2409/1322 1363/2171/1322 
f 1507/2409/1322 1506/2397/1322 1462/2327/1321 1363/2171/1322 
f 1462/2327/1321 1461/2326/1322 1363/2171/1322 
f 1446/2303/1322 1363/2171/1322 1365/2173/1322 1512/2411/1322 
f 1468/2336/1322 1512/2411/1322 1365/2173/1322 1469/2402/1322 
f 1372/2183/1321 1365/2173/1322 1499/2379/1326 
s off
f 1480/2354/1327 1515/2419/1327 1516/2420/1327 1481/2355/1327 
f 1398/2421/1328 1407/2422/1328 1479/2423/1328 1401/2424/1328 
f 1479/2423/1329 1517/2425/1329 1401/2424/1329 
f 1398/2421/1330 1401/2424/1330 1400/2426/1330 
s 2
f 1419/2341/1331 1418/2261/1332 1494/2396/1332 1489/2373/1333 
f 1489/2373/1333 1490/2364/1334 1497/2376/1335 1464/2330/1336 
f 1497/2376/1335 1498/2377/1337 1464/2330/1336 
f 1464/2330/1336 1463/2329/1338 1436/2290/1339 1491/2375/1332 
f 1436/2290/1339 1435/2289/1340 1491/2375/1332 
f 1489/2373/1333 1464/2330/1336 1491/2375/1332 1508/2403/1332 
f 1491/2375/1332 1482/2356/1332 1404/2234/1332 1401/2230/1332 
f 1404/2234/1332 1402/2231/1332 1401/2230/1332 
f 1401/2230/1332 1517/2427/1332 1508/2403/1332 1491/2375/1332 
f 1419/2341/1331 1489/2373/1333 1508/2403/1332 1425/2271/1341 
f 1508/2403/1332 1493/2368/1342 1492/2367/1342 1425/2271/1341 
f 1492/2367/1342 1426/2272/1343 1425/2271/1341 
s off
f 1488/2416/1344 1501/2381/1344 1500/2380/1344 1487/2428/1344 
f 1515/2418/1345 1483/2357/1345 1486/2360/1345 1516/2429/1345 
f 1514/2413/1346 1513/2412/1346 1512/2430/1346 1511/2431/1346 
s 16
f 1486/2360/1347 1485/2359/1348 1487/2361/1347 1504/2384/1347 
f 1487/2361/1347 1500/2380/1347 1504/2384/1347 
f 1504/2384/1347 1510/2406/1347 1514/2413/1347 1511/2431/1347 
f 1470/2338/1347 1370/2181/1347 1369/2180/1347 1471/2339/1347 
f 1511/2431/1347 1471/2339/1347 1369/2180/1347 1479/2423/1347 
f 1369/2180/1347 1508/2403/1347 1517/2427/1347 1479/2423/1347 
f 1504/2384/1347 1511/2431/1347 1479/2423/1347 1486/2360/1347 
f 1479/2423/1347 1481/2355/1349 1516/2420/1347 1486/2360/1347 
# 127 polygons - 58 triangles

#
# object default_Part_23
#

v  -0.7130 4.3887 -0.5491
v  -0.8864 4.3393 -0.6974
v  -0.7637 4.3743 -0.2756
v  -0.7119 4.3922 -0.2776
v  -0.7119 4.3956 -0.2776
v  -0.7126 4.7084 -0.4834
v  -0.7129 4.7178 -0.5497
v  -0.6892 4.3974 -0.5728
v  -0.6898 4.7135 -0.5720
v  -0.3355 4.4943 -0.7121
v  -0.3340 4.5017 -0.5728
v  -0.3332 4.4709 -0.7322
v  -0.8911 4.3158 -0.7300
v  -0.9118 4.3116 -0.7070
v  -0.9118 4.3119 -0.2077
v  -0.8901 4.3368 -0.2257
v  -0.3316 3.9275 -0.7923
v  -0.3344 3.9344 -0.7320
v  -0.3332 4.6223 -0.7377
v  -0.3321 4.6295 -0.7910
v  -0.8908 3.5598 -0.7300
v  -0.7796 4.3718 -0.2569
v  -0.7734 4.3729 -0.2581
v  -0.7637 4.3983 -0.2755
v  -0.3339 4.5992 -0.5729
v  -0.9118 4.0965 -0.0659
v  -0.9118 3.6498 -0.0664
v  -0.8868 3.8044 -0.0403
v  -0.8865 4.0548 -0.0403
v  -0.7806 3.8791 -0.0403
v  -0.7805 4.0429 -0.0403
v  -0.3353 4.6202 -0.7183
v  -0.3090 3.9398 -0.8131
v  -0.3084 4.6250 -0.8131
v  -0.0458 4.5406 -0.8131
v  -0.2606 3.9724 -0.8131
v  -0.1243 4.5066 -0.3939
v  -0.1115 4.5042 -0.4061
v  -0.7805 4.0062 -0.0161
v  -0.9118 3.5490 -0.7065
v  -0.9118 3.6413 -0.0680
v  -0.6243 3.8348 -0.0697
v  -0.6222 4.0175 -0.0352
v  -0.3085 4.0107 -0.3240
# 44 vertices

vn -0.2850 0.9585 -0.0022
vn -1.0000 0.0004 0.0041
vn -0.3063 0.9510 0.0416
vn -0.7003 -0.0002 -0.7138
vn -0.2754 0.9608 -0.0309
vn -0.2150 0.7336 -0.6446
vn -0.5954 0.6887 -0.4137
vn -0.7449 0.6672 -0.0012
vn -0.9992 0.0014 -0.0393
vn -0.9998 -0.0007 -0.0199
vn -0.0037 -0.0002 -1.0000
vn -0.1858 0.9822 -0.0273
vn -0.8744 0.0030 -0.4852
vn -0.0394 0.0030 -0.9992
vn -0.0012 0.0018 -1.0000
vn -0.3014 0.9535 0.0028
vn -0.7164 -0.0003 0.6977
vn 0.0000 0.0000 1.0000
vn -0.9999 0.0015 0.0100
vn -0.9943 -0.0038 -0.1069
vn -0.0000 0.0000 -1.0000
vn 0.3033 0.9435 0.1332
vn 0.3035 0.9435 0.1332
vn -1.0000 0.0010 -0.0008
vn -1.0000 0.0000 0.0000
vn -1.0000 -0.0000 0.0000
vn 0.1307 -0.1855 0.9739
vn -0.6782 0.0007 -0.7348
vn -0.7441 -0.0003 -0.6681
vn 0.5548 -0.8234 0.1190
vn 0.0614 0.5489 0.8336
vn 0.0613 0.5491 0.8335
vn 0.9288 -0.3511 0.1186
vn 0.6685 -0.1455 0.7293
# 34 vertex normals

vt 0.3098 1.0683 2.4798
vt 0.2636 1.2217 2.4575
vt 0.2963 0.7852 2.4733
vt 0.3101 0.7873 2.4814
vt -0.0683 2.4798 0.3098
vt 0.2127 2.4814 0.3101
vt 0.2127 2.4829 0.3101
vt -0.0003 2.6240 0.3099
vt -0.0689 2.6282 0.3099
vt 0.3162 1.0928 2.4837
vt 0.6901 2.6282 1.0689
vt 0.6840 2.6263 1.0919
vt 0.6838 2.4837 1.0928
vt 0.6902 2.4798 1.0683
vt 0.4105 1.2369 2.5274
vt 0.4109 1.0928 2.5308
vt 0.5889 2.5169 1.2578
vt 0.7377 2.4469 1.2555
vt 0.7364 2.4575 1.2217
vt 0.5895 2.5274 1.2369
vt 0.7432 2.4450 1.2317
vt 0.2568 1.2317 2.4450
vt 0.2568 0.7150 2.4452
vt 0.2626 0.7336 2.4564
vt -0.3200 2.2717 0.4116
vt -0.2575 2.2748 0.4108
vt -0.2578 2.5169 0.4111
vt -0.2634 2.5852 0.4111
vt -0.3186 2.5884 0.4114
vt 0.5892 2.2748 1.2575
vt 0.7376 2.1058 1.2555
vt 0.2921 0.7658 2.4722
vt 0.2937 0.7671 2.4727
vt 0.7037 2.4841 0.7851
vt 0.7037 2.4733 0.7852
vt 0.7063 2.4727 0.7671
vt 0.6899 2.4814 0.7873
vt 0.6899 2.4829 0.7873
vt 0.5891 2.5748 1.0928
vt 0.5891 2.5308 1.0928
vt 0.2568 2.3480 0.5682
vt 0.2568 2.1465 0.5687
vt 0.2635 2.2162 0.5417
vt 0.2636 2.3292 0.5417
vt 0.2918 2.2499 0.5417
vt 0.2918 2.3238 0.5417
vt -0.0928 2.5748 0.4109
vt -0.2434 2.5842 0.4106
vt -0.2369 2.5274 0.4105
vt -0.0928 2.5308 0.4109
vt 0.5824 2.2773 1.3415
vt 0.5822 2.5864 1.3415
vt 0.5122 2.5483 1.3415
vt 0.5695 2.2920 1.3415
vt 0.4431 2.4904 0.9380
vt 0.4531 2.4900 0.9622
vt 0.5886 2.5884 1.3186
vt 0.4833 2.3072 0.2918
vt 0.4583 2.3238 0.2918
vt 0.4583 2.2499 0.2918
vt 0.4313 2.1465 0.2568
vt 0.4318 2.3480 0.2568
vt 0.2850 2.4452 0.2568
vt -0.2312 2.1010 0.2568
vt -0.2317 2.4450 0.2568
vt 0.4296 2.1426 0.2568
vt 0.2581 2.1426 0.5634
vt 0.3531 2.1920 0.6065
vt 0.3713 2.2854 0.5673
vt 0.3295 2.3072 0.5228
vt 0.5884 2.2717 1.3200
vt 0.7432 2.1010 1.2312
vt 0.4902 2.2590 0.8856
vt 0.4532 2.4904 0.9481
vt 0.5736 2.6240 0.8839
# 75 texture coords

g default_Part_23
usemtl 07___Default
s off
f 1518/2432/1350 1519/2433/1350 1520/2434/1350 1521/2435/1350 
f 1518/2436/1351 1521/2437/1351 1522/2438/1351 1523/2439/1351 
f 1518/2436/1351 1523/2439/1351 1524/2440/1351 
f 1519/2433/1352 1518/2432/1352 1525/2441/1352 
f 1524/2442/1353 1526/2443/1353 1525/2444/1353 1518/2445/1353 
f 1527/2446/1354 1519/2433/1354 1525/2441/1354 1528/2447/1354 
f 1529/2448/1355 1530/2449/1355 1519/2450/1355 1527/2451/1355 
f 1531/2452/1356 1519/2450/1356 1530/2449/1356 
f 1531/2453/1357 1532/2454/1357 1533/2455/1357 1519/2433/1357 
f 1534/2456/1358 1535/2457/1358 1529/2458/1358 1536/2459/1358 
f 1534/2456/1359 1536/2459/1359 1537/2460/1359 
f 1530/2449/1360 1529/2448/1360 1535/2461/1360 1538/2462/1360 
f 1519/2433/1361 1539/2463/1361 1540/2464/1361 1520/2434/1361 
f 1541/2465/1362 1520/2466/1362 1540/2467/1362 
f 1521/2468/1363 1520/2466/1363 1541/2465/1363 1522/2469/1363 
f 1542/2470/1364 1528/2471/1364 1525/2444/1364 1526/2443/1364 
f 1539/2463/1365 1519/2433/1365 1533/2455/1365 
f 1543/2472/1366 1544/2473/1366 1545/2474/1366 1546/2475/1366 
f 1546/2475/1367 1545/2474/1367 1547/2476/1367 1548/2477/1367 
f 1542/2478/1368 1549/2479/1368 1527/2480/1368 1528/2481/1368 
f 1527/2480/1369 1549/2479/1369 1536/2459/1369 1529/2458/1369 
f 1550/2482/1370 1551/2483/1370 1552/2484/1370 1553/2485/1370 
s 8
f 1554/2486/1371 1555/2487/1371 1552/2484/1371 1536/2459/1371 
f 1551/2483/1371 1537/2488/1371 1536/2459/1371 1552/2484/1371 
f 1536/2459/1371 1549/2479/1372 1542/2478/1371 1554/2486/1371 
f 1542/2478/1371 1526/2443/1371 1524/2442/1371 1554/2486/1371 
f 1554/2486/1371 1524/2442/1371 1523/2439/1371 
s off
f 1556/2489/1373 1548/2490/1373 1547/2491/1373 
f 1544/2492/1374 1543/2493/1374 1532/2494/1374 1557/2495/1374 
f 1532/2494/1375 1531/2496/1375 1557/2495/1375 
f 1544/2492/1375 1557/2495/1375 1558/2497/1375 
s 16
f 1544/2473/1376 1558/2498/1376 1559/2499/1376 1547/2491/1376 
f 1560/2500/1376 1556/2501/1376 1547/2491/1376 1559/2499/1376 
f 1544/2473/1376 1547/2491/1376 1545/2474/1376 
s off
f 1537/2488/1377 1551/2483/1377 1550/2482/1377 1534/2502/1377 
f 1531/2452/1378 1530/2449/1378 1538/2462/1378 1557/2503/1378 
s 2
f 1550/2482/1379 1553/2485/1379 1561/2504/1379 1535/2461/1379 
f 1559/2499/1379 1558/2498/1379 1557/2495/1379 1561/2504/1379 
f 1557/2495/1379 1538/2462/1379 1535/2461/1379 1561/2504/1379 
f 1550/2482/1379 1535/2461/1379 1534/2456/1379 
s 4
f 1543/2493/1380 1546/2475/1380 1548/2477/1380 1554/2505/1380 
f 1556/2501/1380 1560/2500/1380 1554/2505/1380 1548/2477/1380 
f 1554/2505/1380 1523/2506/1380 1522/2438/1380 1540/2467/1380 
f 1522/2438/1380 1541/2465/1380 1540/2467/1380 
f 1543/2493/1380 1554/2505/1380 1540/2467/1380 1533/2455/1380 
f 1540/2467/1380 1539/2463/1381 1533/2455/1380 
f 1543/2493/1380 1533/2455/1380 1532/2454/1380 
s 1
f 1555/2487/1382 1561/2504/1382 1553/2485/1382 1552/2484/1382 
s 32
f 1554/2486/1383 1560/2500/1383 1559/2499/1383 1561/2504/1383 
f 1554/2486/1383 1561/2504/1383 1555/2487/1383 
# 34 polygons - 16 triangles

#
# object default_Part_24
#

v  -0.9118 2.9158 -0.7061
v  -0.8906 2.9119 -0.7300
v  -0.8902 1.4917 -0.7300
v  -0.9118 1.4922 -0.7052
v  -0.8882 2.2272 -0.0403
v  -0.9118 2.2917 -0.0679
v  -0.9118 1.6668 -0.0686
v  -0.8887 1.6938 -0.0403
v  0.3153 1.6529 -0.8532
v  0.3153 1.7061 -0.8532
v  0.3383 1.6563 -0.8533
v  -0.9118 1.5662 -0.2178
v  -0.9118 2.9086 -0.4188
v  -0.7824 2.1554 -0.0403
v  -0.7829 1.7300 -0.0403
v  -0.3308 2.7937 -0.7944
v  -0.3298 1.5652 -0.7967
v  -0.3397 1.5737 -0.7308
v  -0.3370 2.7934 -0.7314
v  -0.3113 1.5655 -0.8131
v  -0.3101 2.7897 -0.8131
v  -0.7813 1.8481 0.1340
v  0.2767 1.9108 -0.3103
v  -0.1346 2.7325 -0.6189
v  -0.1947 2.7599 -0.6113
v  -0.1761 2.7610 -0.8131
v  0.2962 1.6561 -0.8131
v  -0.1655 2.7561 -0.8131
v  0.2961 1.7566 -0.8131
v  0.2992 1.7448 -0.8362
v  0.2991 1.6531 -0.8362
v  0.3436 1.6831 -0.6818
# 32 vertices

vn -0.7514 -0.0003 -0.6599
vn -0.7679 -0.0001 0.6406
vn -0.0016 0.0005 -1.0000
vn -1.0000 0.0000 0.0000
vn -1.0000 -0.0000 -0.0000
vn 0.0000 0.0000 1.0000
vn -0.9923 0.0008 -0.1240
vn -0.0020 -0.0002 -1.0000
vn -0.6671 0.0008 -0.7449
vn 0.3183 0.4688 0.8240
vn 0.2093 0.9775 0.0246
vn -0.0000 0.0000 -1.0000
vn -0.0000 -0.0000 -1.0000
vn -0.9917 -0.0000 -0.1288
vn -0.7246 0.0002 -0.6891
vn 0.4193 0.9068 0.0436
vn 0.9039 0.4175 -0.0932
vn 0.1460 -0.9781 0.1484
vn -1.0000 0.0010 0.0084
vn 0.2731 -0.7976 0.5379
# 20 vertex normals

vt 0.7432 1.8154 1.2307
vt 0.7375 1.8136 1.2555
vt 0.7374 1.1729 1.2555
vt 0.7432 1.1731 1.2298
vt 0.2631 1.5047 0.5417
vt 0.2568 1.5338 0.5703
vt 0.2568 1.2519 0.5710
vt 0.2630 1.2641 0.5417
vt 0.4159 1.2456 1.3830
vt 0.4159 1.2696 1.3829
vt 0.4098 1.2472 1.3830
vt 0.2746 1.2065 0.2568
vt 0.4290 1.2519 0.2568
vt 0.4297 1.5338 0.2568
vt -0.2307 1.8154 0.2568
vt 0.0666 1.8121 0.2568
vt -0.2298 1.1731 0.2568
vt 0.2913 1.4723 0.5417
vt 0.2912 1.2804 0.5417
vt -0.3221 1.7602 0.4118
vt -0.3244 1.2061 0.4120
vt -0.2563 1.2099 0.4094
vt -0.2569 1.7601 0.4101
vt 0.5899 1.7601 1.2569
vt 0.5906 1.2099 1.2563
vt 0.5830 1.2062 1.3415
vt 0.5880 1.2061 1.3244
vt 0.5882 1.7602 1.3221
vt 0.5827 1.7585 1.3415
vt 0.6024 1.8121 0.7926
vt 0.5633 1.3337 0.4047
vt 0.9249 1.3620 0.6436
vt 0.9165 1.7326 0.8647
vt 0.8961 1.7450 0.8711
vt 0.3783 1.7455 1.1728
vt 0.4210 1.2471 1.3415
vt 0.5441 1.7433 1.3415
vt 0.5470 1.7455 1.3415
vt 0.4210 1.2924 1.3415
vt -0.3654 1.2871 0.5798
vt -0.3653 1.2457 0.5798
vt -0.3415 1.2471 0.5790
vt -0.3415 1.2924 0.5790
vt 0.4202 1.2457 1.3653
vt 0.4202 1.2871 1.3654
vt 0.8967 1.7450 0.8705
vt 0.9172 1.7326 0.8640
vt 0.3622 1.7433 1.1595
vt 0.5567 1.2593 1.1605
vt 0.9250 1.3620 0.6435
vt 0.5556 1.2593 1.1616
vt 0.1428 1.2065 0.4974
vt 0.6387 1.3337 0.2916
vt 0.4583 1.4723 0.2913
vt 0.4583 1.2804 0.2912
# 55 texture coords

g default_Part_24
usemtl 07___Default
s off
f 1562/2507/1384 1563/2508/1384 1564/2509/1384 1565/2510/1384 
f 1566/2511/1385 1567/2512/1385 1568/2513/1385 1569/2514/1385 
f 1570/2515/1386 1571/2516/1386 1572/2517/1386 
f 1573/2518/1387 1568/2519/1387 1567/2520/1387 1562/2521/1387 
f 1567/2520/1388 1574/2522/1388 1562/2521/1388 
f 1573/2518/1388 1562/2521/1388 1565/2523/1388 
f 1575/2524/1389 1566/2511/1389 1569/2514/1389 1576/2525/1389 
f 1577/2526/1390 1578/2527/1390 1579/2528/1390 1580/2529/1390 
f 1580/2530/1391 1579/2531/1391 1564/2509/1391 1563/2508/1391 
f 1581/2532/1392 1578/2533/1392 1577/2534/1392 1582/2535/1392 
s 4
f 1574/2536/1393 1567/2520/1393 1566/2511/1393 1575/2524/1393 
f 1575/2524/1393 1583/2537/1393 1584/2538/1393 1574/2536/1393 
f 1574/2536/1393 1584/2538/1393 1585/2539/1393 1586/2540/1393 
s 8
f 1580/2529/1394 1563/2508/1394 1562/2507/1394 1586/2540/1394 
f 1562/2507/1394 1574/2522/1394 1586/2540/1394 
f 1586/2540/1394 1587/2541/1394 1582/2535/1394 1580/2529/1394 
f 1580/2529/1394 1582/2535/1394 1577/2534/1394 
s off
f 1588/2542/1395 1581/2532/1395 1582/2535/1395 1589/2543/1395 
f 1582/2535/1396 1587/2544/1396 1589/2543/1396 
f 1588/2542/1396 1589/2543/1396 1590/2545/1396 
f 1591/2546/1397 1592/2547/1397 1588/2548/1397 1590/2549/1397 
f 1571/2516/1398 1570/2515/1398 1592/2550/1398 1591/2551/1398 
s 2
f 1587/2541/1399 1586/2552/1399 1585/2553/1399 1589/2554/1399 
s 16
f 1590/2549/1400 1589/2543/1400 1585/2553/1400 1593/2555/1400 
f 1585/2553/1400 1584/2556/1400 1593/2555/1400 
f 1593/2555/1400 1572/2517/1400 1571/2516/1400 1590/2549/1400 
f 1590/2549/1400 1571/2516/1400 1591/2551/1400 
s 1
f 1588/2542/1401 1592/2547/1401 1570/2515/1401 1593/2557/1401 
f 1570/2515/1401 1572/2517/1401 1593/2557/1401 
f 1593/2557/1401 1573/2558/1401 1565/2523/1401 1579/2531/1401 
f 1565/2523/1401 1564/2509/1401 1579/2531/1401 
f 1588/2542/1401 1593/2557/1401 1579/2531/1401 1581/2532/1401 
f 1579/2531/1401 1578/2527/1401 1581/2532/1401 
s off
f 1583/2559/1402 1575/2560/1402 1576/2561/1402 
s 32
f 1576/2561/1403 1569/2514/1403 1568/2513/1403 1593/2557/1403 
f 1568/2513/1403 1573/2518/1403 1593/2557/1403 
f 1593/2557/1403 1584/2556/1403 1583/2537/1403 1576/2561/1403 
# 23 polygons - 14 triangles

#
# object default_Part_25
#

v  0.5724 6.1985 -0.5728
v  0.5663 6.0431 -0.7904
v  0.5469 6.0646 -0.7914
v  0.5486 6.2114 -0.5733
v  0.6346 6.5662 -0.5731
v  0.2798 6.2141 -0.5728
v  0.3596 7.0123 -0.5728
v  0.2780 7.0124 -0.5728
v  0.4314 6.9883 -0.5728
v  0.2762 7.0295 -0.5594
v  0.2782 7.0312 -0.5580
v  0.2739 7.0256 -0.7010
v  0.2779 7.0308 -0.5748
v  0.2743 6.1271 -0.7008
v  0.2491 6.1085 -0.7264
v  -0.0203 6.7729 -0.7202
v  0.2517 7.0063 -0.7229
v  -0.0214 6.1157 -0.7196
v  -0.3090 6.0623 -0.7947
v  -0.0372 6.1284 -0.7038
v  -0.2362 6.1742 -0.6435
v  -0.0415 6.1608 -0.6508
v  -0.2586 6.1824 -0.6170
v  0.5367 6.0374 -0.8131
v  0.5383 5.6397 -0.8131
v  0.4991 5.6513 -0.8131
v  -0.2665 6.2185 -0.5728
v  -0.2650 6.4699 -0.5728
v  -0.2600 6.5325 -0.5983
v  -0.3220 6.2185 -0.5728
v  -0.3070 6.0406 -0.8131
v  -0.3332 6.0417 -0.7885
v  0.7642 5.6290 -0.5525
v  0.7642 6.2488 -0.5518
v  0.7640 5.6833 -0.2998
v  0.7443 5.6306 -0.5724
v  0.7433 6.3389 -0.5726
v  -0.3331 5.9021 -0.7887
v  -0.3071 5.8892 -0.8131
v  -0.3327 5.9665 -0.5739
v  -0.3325 6.1825 -0.5740
v  -0.3325 6.1894 -0.5783
v  -0.3334 5.9037 -0.7817
v  -0.3327 5.9458 -0.5849
v  0.5712 5.6816 -0.5728
v  0.6448 6.5444 -0.5728
v  0.5663 5.6361 -0.7918
v  -0.2638 5.8765 -0.8131
v  -0.3332 5.9033 -0.7835
v  -0.3231 6.2208 -0.5728
v  -0.3263 6.2077 -0.5733
v  -0.3625 6.0527 -0.5732
v  -0.0249 6.3943 0.1145
v  -0.0262 5.9553 -0.1190
v  0.0188 6.2851 0.1226
v  0.1425 6.9186 -0.2740
v  -0.0052 6.7944 -0.0819
v  0.6005 5.7570 -0.1811
v  -0.0379 6.7580 -0.7030
v  -0.0423 6.7550 -0.6487
v  -0.2366 6.5883 -0.6434
v  -0.2580 6.5703 -0.6182
v  -0.2581 6.5702 -0.6168
# 63 vertices

vn 0.5549 0.6788 -0.4810
vn -0.0011 0.0004 -1.0000
vn 0.0000 0.0000 -1.0000
vn 0.0000 0.0006 -1.0000
vn 0.0011 0.6178 -0.7863
vn 0.9995 0.0022 -0.0319
vn 0.9991 0.0004 -0.0435
vn 0.0057 0.8286 -0.5599
vn -0.0075 0.8122 -0.5833
vn -0.0184 0.0019 -0.9998
vn 0.0019 0.8212 -0.5706
vn 0.0142 0.7883 -0.6151
vn 0.0120 0.8146 -0.5799
vn -0.2691 0.8316 -0.4858
vn 0.5009 0.4191 -0.7572
vn -0.9837 0.0058 -0.1800
vn 0.0558 0.8114 -0.5818
vn 0.0018 0.6347 -0.7728
vn -0.5852 0.4925 -0.6442
vn 1.0000 -0.0000 0.0007
vn 0.7082 0.0008 -0.7060
vn -0.6847 0.0007 -0.7288
vn 0.7078 0.0004 -0.7064
vn -1.0000 0.0009 0.0028
vn -1.0000 0.0016 0.0030
vn 0.0013 -0.0001 -1.0000
vn 0.0023 -0.0003 -1.0000
vn 0.9997 -0.0013 -0.0248
vn 0.6071 0.0026 -0.7946
vn -0.9943 -0.0038 -0.1068
vn -0.9998 -0.0007 -0.0199
vn 0.0443 0.0291 -0.9986
vn -0.0004 0.0001 -1.0000
vn -0.8733 0.3729 -0.3134
vn -0.6457 0.6258 -0.4376
vn -0.0239 -0.0007 -0.9997
vn 0.0188 -0.0039 -0.9998
vn -0.7993 -0.2803 0.5316
vn 0.6460 0.3105 0.6973
vn 0.6457 0.3104 0.6977
vn 0.6461 0.3106 0.6972
vn -0.9968 -0.0010 -0.0805
vn -0.0331 0.0022 -0.9994
vn 0.9934 0.0166 0.1136
vn -0.7028 0.0003 -0.7113
vn -0.7630 -0.0008 -0.6464
vn -0.9954 0.0013 -0.0958
vn -0.9148 0.2134 0.3431
vn -0.9146 0.2133 0.3434
vn 0.2801 0.8389 0.4667
vn 0.2801 0.8389 0.4666
vn -0.6513 0.7587 -0.0101
vn -0.6514 0.7587 -0.0100
vn -0.6513 0.7588 -0.0101
vn -0.6514 0.7587 -0.0102
vn -0.6513 0.7587 -0.0102
vn -0.6512 0.7588 -0.0101
vn -0.2772 -0.9394 0.2016
vn -0.2772 -0.9394 0.2015
vn -0.1029 -0.5786 0.8091
# 60 vertex normals

vt 0.3473 3.2962 1.0928
vt 0.3490 3.2261 1.3180
vt 0.3541 3.2358 1.3190
vt 0.3537 3.3020 1.0933
vt 0.3308 3.4621 1.0931
vt 0.4254 3.3032 1.0928
vt 0.4041 3.6633 1.0928
vt 0.4259 3.6634 1.0928
vt 0.3849 3.6525 1.0928
vt 0.4263 3.6711 1.0789
vt 0.4258 3.6719 1.0775
vt 1.2255 3.6693 0.5730
vt 1.0949 3.6717 0.5741
vt 1.0928 3.6634 0.5741
vt 1.0928 3.3032 0.5746
vt 1.2253 3.2640 0.5731
vt 0.4269 3.2640 1.2253
vt 0.4336 3.2556 1.2518
vt 0.5054 3.5553 1.2453
vt 0.4329 3.6606 1.2481
vt 0.5057 3.2589 1.2447
vt 0.5824 3.2348 1.3224
vt 0.5099 3.2646 1.2283
vt 0.5630 3.2852 1.1659
vt 0.5111 3.2792 1.1735
vt 0.5690 3.2889 1.1385
vt 0.3569 3.2235 1.3415
vt 0.3564 3.0441 1.3415
vt 0.3669 3.0494 1.3415
vt -0.1385 3.2889 0.4310
vt -0.0928 3.3052 0.4289
vt -0.0928 3.4186 0.4293
vt -0.1192 3.4468 0.4307
vt 0.5859 3.3052 1.0928
vt 0.5711 3.3052 1.0928
vt 0.5819 3.2250 1.3415
vt 0.5889 3.2254 1.3160
vt 1.0717 3.0393 0.7038
vt 1.0710 3.3189 0.7038
vt 0.8102 3.0638 0.7038
vt 0.2962 3.3189 1.0710
vt 0.2962 3.0393 1.0717
vt 0.3015 3.0400 1.0923
vt 0.3017 3.3595 1.0926
vt 0.5888 3.1625 1.3162
vt 0.5819 3.1567 1.3415
vt 0.4270 3.6693 1.2255
vt -0.0939 3.1915 0.4113
vt -0.0940 3.2890 0.4113
vt -0.0985 3.2921 0.4113
vt -0.3160 3.2254 0.4111
vt -0.3089 3.1632 0.4111
vt -0.1053 3.1822 0.4113
vt 0.3477 3.0630 1.0928
vt 0.3280 3.4523 1.0928
vt 1.0928 3.0630 0.6523
vt 1.3194 3.0425 0.6510
vt 1.3180 3.2261 0.6510
vt 1.0928 3.2962 0.6527
vt 0.3490 3.0425 1.3194
vt 0.5704 3.1509 1.3415
vt -0.3108 3.1630 0.4111
vt -0.3162 3.1625 0.4112
vt 0.5862 3.3062 1.0928
vt 0.5870 3.3003 1.0933
vt 0.5707 3.4186 1.0928
vt 0.5887 3.2921 1.0985
vt 0.5887 3.2890 1.0940
vt 0.5887 3.1915 1.0939
vt 0.5967 3.2304 1.0932
vt 0.1755 3.3845 0.7989
vt 0.5383 3.1822 1.0548
vt 0.5699 3.1865 0.5926
vt 0.2793 3.3353 0.6806
vt 0.7239 3.0638 0.7447
vt 0.3157 3.6210 0.6883
vt 0.2620 3.5650 0.5447
vt 0.6877 3.0970 0.6342
vt -0.2275 3.5486 0.4899
vt -0.2283 3.2646 0.4901
vt -0.1735 3.2792 0.4889
vt -0.1713 3.5472 0.4887
vt 0.5631 3.4720 1.1659
vt 0.5113 3.5472 1.1713
vt 1.0789 3.6711 0.5737
vt 0.5101 3.5486 1.2275
vt 0.5688 3.4639 1.1398
vt -0.1398 3.4639 0.4312
vt -0.1384 3.4639 0.4312
vt 0.0779 3.5650 0.7288
vt 0.5219 3.4639 1.0915
# 91 texture coords

g default_Part_25
usemtl 07___Default
s off
f 1594/2562/1404 1595/2563/1404 1596/2564/1404 1597/2565/1404 
f 1598/2566/1405 1597/2565/1405 1599/2567/1405 1600/2568/1405 
f 1599/2567/1406 1601/2569/1406 1600/2568/1406 
f 1598/2566/1407 1600/2568/1407 1602/2570/1407 
f 1600/2568/1408 1601/2569/1408 1603/2571/1408 1604/2572/1408 
f 1605/2573/1409 1606/2574/1409 1601/2575/1409 1599/2576/1409 
f 1605/2573/1410 1599/2576/1410 1607/2577/1410 
f 1607/2578/1411 1599/2567/1411 1597/2565/1411 1596/2564/1411 
f 1608/2579/1412 1607/2578/1412 1596/2564/1412 
f 1609/2580/1413 1610/2581/1413 1608/2579/1413 1611/2582/1413 
f 1612/2583/1414 1611/2582/1414 1608/2579/1414 1596/2564/1414 
f 1613/2584/1415 1611/2582/1415 1612/2583/1415 
f 1613/2584/1416 1612/2583/1416 1614/2585/1416 1615/2586/1416 
f 1616/2587/1417 1614/2585/1417 1612/2583/1417 
f 1617/2588/1418 1596/2564/1418 1595/2563/1418 
f 1617/2588/1406 1618/2589/1406 1619/2590/1406 
f 1616/2591/1419 1620/2592/1419 1621/2593/1419 1622/2594/1419 
f 1616/2587/1420 1612/2583/1420 1623/2595/1420 1620/2596/1420 
f 1617/2588/1421 1624/2597/1421 1612/2583/1421 1596/2564/1421 
f 1625/2598/1422 1612/2583/1422 1624/2597/1422 
f 1626/2599/1423 1627/2600/1423 1628/2601/1423 
f 1627/2602/1424 1626/2603/1424 1629/2604/1424 1630/2605/1424 
f 1631/2606/1425 1625/2598/1425 1624/2597/1425 1632/2607/1425 
f 1607/2578/1426 1608/2579/1426 1610/2581/1426 1605/2608/1426 
f 1633/2609/1427 1634/2610/1427 1635/2611/1427 1625/2612/1427 
f 1633/2609/1428 1625/2612/1428 1636/2613/1428 1637/2614/1428 
f 1638/2615/1429 1594/2562/1429 1639/2616/1429 1630/2605/1429 
f 1638/2615/1430 1630/2605/1430 1629/2604/1430 
f 1638/2617/1431 1640/2618/1431 1595/2619/1431 1594/2620/1431 
f 1640/2621/1432 1618/2589/1432 1617/2588/1432 1595/2563/1432 
f 1617/2588/1406 1619/2590/1406 1641/2622/1406 1624/2597/1406 
f 1636/2613/1433 1625/2612/1433 1642/2623/1433 
f 1642/2623/1434 1625/2612/1434 1631/2624/1434 
f 1632/2607/1406 1624/2597/1406 1641/2622/1406 
f 1643/2625/1435 1623/2595/1435 1644/2626/1435 
f 1620/2596/1436 1623/2595/1436 1643/2625/1436 1621/2627/1436 
f 1635/2628/1437 1644/2626/1437 1623/2595/1437 1612/2583/1437 
f 1635/2628/1438 1612/2583/1438 1625/2598/1438 
f 1634/2629/1439 1633/2630/1439 1645/2631/1439 
f 1597/2565/1440 1598/2566/1440 1639/2616/1440 1594/2562/1440 
s 8
f 1646/2632/1441 1645/2631/1441 1633/2630/1441 1637/2633/1441 
f 1646/2632/1441 1637/2633/1441 1647/2634/1441 1648/2635/1441 
s 16
f 1628/2636/1442 1627/2600/1442 1630/2605/1442 1602/2570/1442 
f 1639/2616/1443 1598/2566/1444 1602/2570/1442 1630/2605/1442 
f 1602/2570/1442 1649/2637/1442 1650/2638/1442 1646/2632/1442 
f 1628/2636/1442 1602/2570/1442 1646/2632/1442 1648/2635/1442 
f 1628/2636/1442 1648/2635/1442 1651/2639/1442 
s off
f 1652/2640/1445 1613/2641/1445 1615/2642/1445 1653/2643/1445 
f 1615/2586/1446 1614/2585/1446 1654/2644/1446 1653/2645/1446 
f 1603/2646/1447 1601/2575/1447 1606/2574/1447 
f 1611/2582/1448 1613/2584/1448 1652/2647/1448 1609/2580/1448 
f 1614/2585/1449 1616/2587/1449 1655/2648/1449 1654/2644/1449 
f 1655/2649/1450 1616/2591/1450 1622/2594/1450 1656/2650/1450 
s 2
f 1646/2632/1451 1650/2651/1451 1656/2652/1451 1622/2594/1451 
f 1646/2632/1451 1622/2594/1451 1621/2593/1451 1643/2625/1451 
f 1644/2626/1452 1635/2628/1451 1634/2610/1451 1643/2625/1451 
f 1646/2632/1451 1643/2625/1451 1634/2610/1451 1645/2631/1451 
s 4
f 1602/2570/1453 1600/2568/1454 1604/2572/1453 1649/2637/1453 
s 32
f 1655/2648/1455 1656/2650/1456 1650/2651/1457 1653/2643/1457 
f 1649/2637/1457 1604/2572/1458 1603/2571/1459 1650/2651/1457 
f 1603/2571/1459 1606/2574/1460 1605/2573/1457 1609/2580/1457 
f 1605/2573/1457 1610/2581/1457 1609/2580/1457 
f 1650/2651/1457 1603/2571/1459 1609/2580/1457 1653/2643/1457 
f 1609/2580/1457 1652/2647/1457 1653/2643/1457 
f 1655/2648/1455 1653/2643/1457 1654/2644/1457 
s 1
f 1638/2617/1461 1629/2604/1461 1626/2603/1461 1647/2634/1461 
f 1628/2636/1461 1651/2639/1461 1647/2634/1461 1626/2603/1461 
f 1647/2634/1461 1637/2633/1461 1636/2613/1462 1642/2623/1461 
f 1642/2623/1461 1631/2624/1461 1632/2607/1461 1641/2622/1461 
f 1647/2634/1461 1642/2623/1461 1641/2622/1461 1638/2617/1461 
f 1619/2590/1461 1618/2589/1461 1640/2621/1461 1641/2622/1461 
f 1638/2617/1461 1641/2622/1461 1640/2621/1461 
s 64
f 1647/2634/1463 1651/2639/1463 1648/2635/1463 
# 49 polygons - 24 triangles

